id,question_year,category,question_title,question_content,primary_topic,secondary_topics,source
T-0001,2004,안과,황반 변성 출혈이란 병에 관해 알고싶은데요 망막에출혈이생겨 시력을 잃은 상태입니다.,"아버님께서 지금 이병때문에 입원중이십니다. 눈에 가스를 넣어서 출혈을 막는 수술을 일단 받긴했는데 병원에서도 그외엔 다른 치료방법이 없다고 하네요.

현재 일주일째 입원중이신데 아직까지 호전의 기미는 보이질 않습니다.

일단 시력을 잃으셨구요,아무런 대책없이 기다리기만 하다가 적절한 치료시기를 놓쳐

저나 아버님이나 돌이킬 수 없는 한을 남길까 두렵습니다.

비슷한 경험을 하신분이나 아시는 분계시다면 조언을 바랍니다.(치료가 된경우라던지 치료를 잘하는 병원이라던지)

나이드신 분들 가운데 걸리시는 경우가 많다고 합니다.

고칠 수만 있다면 외국에라도 가고싶은 마음입니다.",C6,C8,tri_llm_consensus
T-0002,2004,"의료, 상해 보험",변명이 황반변성인데요 보험금을 얼마나 받을수 잇는지요?,"저의 남편이 황반변성이라는 진단을 받았거든요.

치료를 받아야 하는데요.

대한생명 종신보험에 가입했는데 보험금을 얼마나 받을수 있는지 아시는 분에게

답변 부탁드립니다. 그럼 좋은 소식 기다릴게요.",C7,,tri_llm_consensus
T-0003,2005,안과,어머니께서 황반변성으로 진단을 받으셨습니다.,"황반변성으로 한 5년전에 진단을 받으셨습니다.

연세대 권오웅교수님께 6개월에 한번씩 진단을 받고 계시는데요,

안구이식으로 시력을 회복할 수 있는지 궁금합니다.

안구이식이라는 말이 각막만 이식하는 수술이라는데

들리는 얘기로는 시신경이 죽은경우는 안구이식으로 시력회복이 불가능하다고하는데 이말이 맞는지 궁금합니다.

어머니께서 시력때문에 상실감이 너무 크십니다.

확실한 답변 있으시면 부탁드립니다~!

그럼~ 부탁드립니다...

성심있는 답변 부탁드립니다...",C3,C6,tri_llm_consensus
T-0004,2005,안과,ERG(망막전위검사)?,"ERG 검사가 무엇을 판별하는검사입니까..?

황반변성이랑 관계가 있는지..?",C2,,tri_llm_consensus
T-0005,2005,암센터,눈질환 중에 황반변성도 암의종류인지요?,"눈질환 중에 ""황반변성"" 있는데 이병도 암 또는

상피내암 이거나 경계성종량 이라고도 할 수있는지요

또 신생물에 속하는지요?

암보험을 들었는데 황반변성도 해택을 받을 수 있을까요?

""황반변성""이란  황반 부에 비정상적인 신생혈관이

자라는데 그것이 삼출물 출혈등을 일으켜서 황반조직을 파괴하여

중심부 시력이 현저히 떨어지게 하며 시력은 점차로

흐려지며

2개월~3년사이에 실명을 초래하기도 합니다",C7,C1,tri_llm_consensus
T-0006,2005,안과,한쪽이 황반변성인 경우 다른쪽으로 전이되나요?,"어머니가 황반변성으로 진단받으셨습니다..

현재 왼쪽이 진단받았고 오른쪽은 괜찮다고 합니다.

전이가 된다면 어떻게 예방해야 하는지

그리고 황반변성분야의 국내 최고 전문가는 어느 병원의 어느 분이신지 알고 싶습니다.

그리고 비용부분도 알고 싶구요...

아..마지막으로 한쪽눈으로 보게될경우 시력이 저하되나요?

답변부탁드립니다.",C6,C8,tri_llm_consensus
T-0007,2005,안과,황반변성 동호회를 찾아주세요.,"저희 어머니 께서 황반변성 진단을 받으셨습니다.

그래서 병원에 PDT 레이저 시술을 받으러 가셨습니다.

그 도중에 황반 변성 동호회가 있다는 사실을 알게 되셨습니다..

저희 어머니께서는 그 동호회에 가입하셔서

같은 증상이 있는 분들과 이야기를 나누고 싶어하시는데..

저는 그 동호회를 아무리해도 찾지 못하겠더군요..

정확한 명칭은 아닙니다만....

혹시 '황반 변성 동호회' 싸이트 주소를 아시는분은 답변을 해주시면 감사하겠습니다.",C9,,tri_llm_consensus
T-0008,2006,안과,황반변성입니다.건성입니다.....,"아버님이 황반변성입니다,, 건성입니다,,

몇년전에 연세대 세브란스병원에 까지가서 검사를 했는데 레이저치료도 안된다는군요,,,

지금은 계속 45일 정도마다 병원에 가서 약을 드시고 합니다,,

몇가지 질문을 올리겠습니다,, 많은 답변을 부탁드립니다.

1. 건성은 치료가 불가능한지요,,, 습성은 레이져 치료가 가능하다고 하던데요,,

건성은 안되는지요,,

2. 치료약은 습성만 해당되는건지요,,

3. 부담금을 국가에서 줄여준다고 하던데 습성만 해당이 되는것 같습니다...

자세히 알고 싶습니다,,,

4. 병원에 가실때 마다 눈에 약을 넣고 검사를 합니다,, 그러고 나면 속이 많이 불편하시고

하루정도는 고생을 하십니다,,, 혹시 약의 성분이 방사선과에서 사용하는 조영제와 비슷

한것인지요,,

죄송합니다,, 저의 질문이 불편하셨다면  용서해주시고 보호자라서 그렇구나 하시고 한번쯤 읽어보시고 답하여 주시면 고맙습니다...

부디 모두 건강하시길 바랍니다......",C3,C7;C9,tri_llm_consensus
T-0009,2006,안과,황반변성?,"저희집 천장에 야광별이 붙어있는데요 크기가 주먹만한것도 있고

좀 작은것도 있는데요 아무튼 밤에 불을 끄고 누워서 그 별들을 정면으로

쳐다보면 제가 보는 시야 중앙에 검정색 안개같은..

그 뭐랄까 검정색으로 둥그런 원이 생깁니다 그래서 야광별이 가려서

아예 안보입니다

옆눈으로 별을 살짝 쳐다보면 분명 환하게 빛나고 있는데

정면으로 보면 그 검정색 안개에 가려서 보이지가 않아요

시야 전체가 검게 보이는건 아니구요 중앙에 동그랗게 구멍이 난 것 처럼

그렇게 보입니다.

밤에만 그러고 낮에는 전혀 안그러더니  요즘들어 낮에도 아주 가끔씩

작은 사물들이 가려져서 안보일 때가 있어요

가까이 있는걸 볼 땐 아무문제가 없는데 한 2~3m 떨어진 거리에 있는 어떤

사람을 봤는데 그 사람 왼쪽눈이 누르스름한 안개같은 것에 가려서 또 안보이더라구요

그럴 때 마다 깜짝 깜짝 놀라요..

그리고 요즘 시력이 갑자기 안좋아지는 걸 느끼는데요

초점이 잘 안잡히고 흐리고 번져보여요

그냥 눈이 나빠져서 그런걸까요?

황반변성에 대해 알아보니까 선이 구부러져보이고 글자를 못읽는 등 그렇다던데

전 그정도는 아니구..

혹시 이런 경험 해보신 적 있으신가요?

안과를 가야하는지.

너무 걱정됩니다.",C2,,review_pool_R1_v5b
T-0010,2006,안과,"저희엄마가 황반변성인거 같은데요,","왼쪽은 많이 진행된 상태고,,

오른쪽은 쫌낫다는데요,,레이져치료를 받으셨어요~

1.  레이져치료를 받으면 ,무조건 다 그상태는 유지할수

있을까요??   ( 가장궁금,,)

2.  만약 실명이 되더라도 얼마쯤이나 볼수있을까요?

지금 계속치료를 한다면요~~실명이안되면 더더욱 좋겠지만요,ㅠ

너무걱정이되서 잠이오질않습니다!!

답작성하실때 혹시라도 다른 좋은방법있으시면 부탁드릴께요~~

감사합니다!!!",C6,C3,tri_llm_consensus
T-0011,2006,안과,어머니가 황반변성 진단을 받으셨습니다.,"어머니가 왼쪽 눈에 황반변성 진단을 받으셨습니다.

동네 안과에서 대학병원으로 2차진료(라고 하나요?) 의뢰서를 발급하였는데,

어머니는 실명하게 되는 것이 아닌지 무척 불안해 하십니다.

황반변성이란 병은,

1. '상당히 진행된 다음에도' 수술을 통하여 진행을 막을 수 있는 것인지요?

2. 만약 실명하신다면(그런 일은 없어야 할텐데...) 다른 쪽 눈으로도 전이가 되는 것인지요.

대학병원에서 진료를 받아봐야 정확한 상태를 알 수 있겠지만,

너무 걱정하시는 것 같아서 저도 마음이 아픕니다.

혹 위의 질문에 대답해 주실 분이 계시면

감사하겠습니다.

(꾸준히 1년에 한 번씩은 동네 안과에 가셔서 검진을 받으셨는데,

정말 화가 납니다. 어제 실핏줄이 터지셔서 다른 안과에 가셨다가

실핏줄 터지신건 흔이 일어나는 일이고 사소한 일인데,

오히려 황반변성이 문제라고해서 알게 되었습니다.

시력에 문제 있으시면 꼭 두 세군데 안과를 다니시고,

기왕이면 동네 안과보다는 지명도가 있는 병원으로 가시는게 좋을 것 같습니다.

어머니가 다니시던 동네 안과에서 나쁜 맘으로 그랬겠습니까? 거기서도 어쩔 수 없는

사정이 있겠죠. 우리 가족이야 화가 나지만...

그러니 눈이 침침해 지셨다거나, 근시, 원시가 동시에 있으시거나 하면

꼭 몇 군데 병원을 다녀 보세요. 휴~ 진행이라도 막을 수 있어야 할 텐데....)",C3,C6,tri_llm_consensus
T-0012,2006,안과,황반변성전문병원을 찾읍니다,어머니께서 안과에 갔다오셔서 황반변성이라고 하시는데 레이져치료를 하셔야됀다네요.  서울이나 부산에 거주하시는데 잘 하는 전문병원에 가시는게 좋을것같아...  광고말구 잘 아시는 전문병원이 있으시면 부탁드립니다.,C8,C3,tri_llm_consensus
T-0013,2007,안과,대전에 황반변성 치료가 가능한 안과가 있을까요..또 황반변성에 대해 궁금한 점이 많습니다.,"안녕하세요 대전에 사는 주부입니다..

저희 어머니께서 대전에 어느 안과에서 황반변성 진단을 받으셨는데요,,

이러저리 알아보니 황반변성이 건성과 습성이 있다는데..

아직 신생혈관은 없다는 것으로보아 건성 황반변성인것 같습니다.

그런데 황반변성이 특별한 치료법이 없다고 하는데, 그냥 가만히 둘 경우 점점 더 악화되는 것인지..

아니면 지금 상태에서 더 나빠지지 않고 유지될수 있는지 궁금합니다.

만약에 더 악화된다면 결국 실명까지 가는 건가요?

그렇다면 건성 황반변성일 경우에 짧게는 얼마, 길게는 얼마까지 걸리는지 알고싶습니다.

황반변성의 증상이 선이 휘어져보이고 번져보이는 증상이 있다고하는데

아직 어머니께서는 그러한 증상을 느끼지는 못한다고 하십니다.

그리고 그 대전 모안과에서는 지금 어머니는 60대이신데 백내장이 오셨다고 하셔서, 어느병원에서 백내장 수술을 받으라고 하며,

황반변성에 대해서는 별 말씀을 안하고 방법이 없으니 그냥 내버려두라는식으로

말씀하셔서 얼마큼의 기간동안 눈이보일지 알 수 없어 답답한 마음에..

도움이 될 수 있을진 모르겠지만 이렇게 질문을 올려봅니다.

어머니 황반변성이 나타나지않은 눈도 예전에 맥락막 신생혈관 레이져 시술을 받으셔서

시력이 거의 나오지 않는 상태라 걱정이 너무 많이 됩니다.

도움이 되는 말씀들이나 조언을 해주신다면 정말 감사드리겠습니다.",C6,C8;C2,tri_llm_consensus
T-0014,2007,인체건강상식,R/O 황반변성 이라는게...?,"제가 황반 변성이라는건 한달전에 알게 되었는데..

오늘에서야 R/O 황반변성이라는걸 정확히 알게 되었습니다..

그런데..R/O 황반변성이라는게 어떤건지

건성과 습성이 있는걸로 알고있는데..

이 두가지로 나뉘어 지는 의학 용어 인지..

건성과 습성이라는건 어떤 차이가 있는지..

궁금하고..걱정이 되서요..",C1,,tri_llm_consensus
T-0015,2007,안과,망막변성 FAG검사후,"안녕하세요

제가 망막변성이 의심되어서 이 검사를 받았는데요

과거에 앓은 흔적은 있는데 왜 앓았는지 모르시겠다는데

이런거 뭐 때문에 앓았는지 정말 알아낼 수 없나요?

저도 이것때문에 병원에 다닌적은 없거든요?

지금은 괜찮지만  애매하게 재발할 수 있다는데 ...

망막 가운데에서  바로 밑에 있기때문에 재발하게 되면 급속히 실명할 수

있기에 응급실로 가라는데 저도 뭐가 뭔지 저도 모르겠어요

(암슬러 격자를 이용한 황반변성 검진차트인지 그거 매일

들여다 보라는데)

그럼 재발은 예고없이 오나요? 정말 아무런 증상없이 건강검진 받다가

이런 결과가 나오니 황당합니다",C9,,review_pool_R1_v5b
T-0016,2007,안과,황반변성 망막출혈과 결명자차,"아버지가 황반변성에의한 망막출혈이란 진단을 받았습니다.

평소 혈압이 높은편이어서 꾸준히 혈압약을 드시고 계신데 집에서 일상적으로나마

눈에 좋은 결명자차를 끓여드시려고 합니다 혹시 이것이 오히려 출혈에 더 안좋은게 아닐까 걱정이 되네요..정확한 답변 부탁드립니다",C9,C5,tri_llm_consensus
T-0017,2007,내분비대사내과,의학 질문입니다.. 당뇨검사중에  당화효소색소가 무엇입니까?또하나 안과 황반변성,"얼마전 어느 대학병원에서~ 건강 검진을 받으셧는데~

다른건 정상인데 당뇨검사 파트에서 당화효소색소란 검사중 이것이 비정상이 나왔습니다.

정상 수치는 5.02~6.28% 가 정상수치인데 어머님은 6.4 % 수치가 나왔습니다.

이것이 무엇인지? 답변해주십시요~

또하나는 안과 검사에서

황반변성이란 단어가 나왔는데;;; 이또한 궁금한 문글 입니다..

병원에 예약을 먼저 잡고 상담하기전 간단한 지식을 가지고 전문상담에 응할려하니~

아시는분은 답변에 감사하겠습니다.",C1,C1,tri_llm_consensus
T-0018,2007,안과,오른쪽 눈을 황반변성으로 진단받고 시력은 없구요..,"오른쪽 눈 황반변성 진단받고..

치료 불가능하다고 하더라구요,

그나마 나머지 한쪽은 아직 괜찮은데.

초점이 안맞아서 운전할때나 일상생활에서 조금불편합니다.

이런경우에 장애 진단받을수 있나요???",C7,,tri_llm_consensus
T-0019,2007,안과,(급해요!!)노인성 황반변성에 대해서에요,"안녕하세요.

우리 외할머니께서 「노인성 황반변성」이라는 병에 걸리셨다시네요.

지금 황반변성에 걸리신지 3-4년 되셨대요(!) 병원에서는 수술을 해야 한대요.

(지금 한쪽눈이 하얗고 까만거만 보이시고 눈물이 나시구 통증이 있으시대요.)

주변에서 어른들이 다른 눈 시력까지 없어진다(외할머니께서 한쪽눈만 이라세요)<제일 걱정하시는거죠

이런 말을 많이 듣다보시니까 불안하신가 봅니다.

지금 외할머니께서 병원에 가셨을때 '지금 아픈쪽을 수술하다 잘못하면 다른쪽 눈 까지 영양이 끼쳐지나요?'

라고 물어보니까 명확한 답을 안 해주세요< 지금 아프신 곳은 잘되든 못되든 큰 상관이 없지만 다른쪽까지 아프

게 되면 시력을 거의 잃으시는 거 잖아요..

명쾌한 답을 해주세요!~

<수술하신분들의 경험담도 듣고싶습니다!>",C3,C6,tri_llm_consensus
T-0020,2007,안과,"황반변성, 후극부변성에 대해","여기에 여러번 질문을 했습니다.

지금 왼쪽눈이 변시증 변색증이구요. 난시도 생기더군요;... 뭐.. 황반변성의 증상에 대해서는 대충알고 있습니다.

제가 궁금한건 황반변성에걸리면 눈에 통증도 오나요?

많이 아픈건 아니고 욱신거리는 정도 입니다. 눈 안쪽이요.

좀 많이 아팠던적이... 한번있구요.(전 8년간 편두통을 앓아 와서 왠만한건 잘참습니다.)

아무리 검색해봐도 황반변성걸려서 통증이 있다는 글은 못찾았거든요.....

그래서 글올려봅니다.

답변부탁드립니다.",C2,,review_pool_R1_v5b
T-0021,2008,안과,망막의 후극부가 영어로 뭐죠?,"안녕하세요.

제가 뭘좀 구글검색할려고요.

망막의 후극부라는게 영어로 뭐죠? 'backwards retina'일까요? 이걸 검색해보니 무슨 종교이야기만 잔뜩...

황반  macula와 후극부의 관계도 혹시 아시면 좀알려주세요.

그리고 혹시 아래 내용도 아신다면,

황반변성 macular degeneration

황반 및 후극부 변성

이 둘의 차이는? 앞의것은 유명한 병명인데, 뒤의것, 이런 병명이 있긴있는건지, 있다면 차이는? 등등.

읽어주셔서 감사합니다.",C1,,tri_llm_consensus
T-0022,2008,"안과, #황반변성, #눈질환, #지식인카드, #지식인카드답변, #플레이스URL, #황반변성원인, #황반변성병원, #동영상답변, #지식iN동영상답변, #지식인카드, #지식인카드답변, #플레이스URL, #황반변성, #황반변성치료, #황반변성, #황반변성치료, #지식인카드, #지식인카드답변, #플레이스URL",황반변성 진단 받았습니다 도와주세요,"어머니께서 한쪽 눈 황반변성 진단을 받으셨는데요

아직 정밀검사도 안했는데 의사가 많이 진행됬다고 하네요

다음주 쯤에 검사 받으러 가시는데요 ...  어머니께서 눈을 볼때 잘안 보인다고 하시네요

이거.... 잘하면 실명 되나요 ??

네이버 지식인 보니깐 레이져랑 유리체 절제술이 있던데 ... 레이져는 늦었다고 하시고

유리체 절제술 받아보실수 있을까요 ??

정말 걱정되서요 ....

또 이게 유전이라고도 하는데 제가 저번에 컴퓨터를 많이하다보니 한번은 양쪽눈이 물이 고인것 처럼

초점도 잘안 맞춰지고 갑자기 눈이 안보인것을 경험했는데 ... 이런것도 초기 증상인가요 ??

우선 답변은 저희 어머니 실명 이런것 위주로 해주세요 부탁 드립니다.

그리고 어느 교수님이 수술에 유명한지좀 추천해주세요 감사합니다 ^^",C6,C3;C8,tri_llm_consensus
T-0023,2008,안과,황반변성에 걸린사람은 10년안에 죽는다??,"저희 시아버님께서 작년에 황반변성에 걸려 치료를 받으셨고..(레이저수술)

지금은 외래로 한두달에 한번만 가셔서 더 진행되었는지 확인만 하시는 상태로..

거의 나으신것 같습니다....

헌데.......

아버님께서 라디오에 어떤사람이 나와서 황반변성에 걸린 사람은 10년안에 뇌졸증이나 심장마비로 사망한다는 말을 들으셨다네요..

한 일주일쯤전에요...

기운이 하나도 없이 시무룩해 계십니다.. 정말인지 확인하고 싶고.. 걱정을 덜어드리고 싶은 마음에..

지식인분들께 여쭤봅니다..",C1,C6,tri_llm_consensus
T-0024,2008,안과,"당근, 계란, 돼지나 소 간 을 먹었는데 안통과 두통이 일어나네요","저는 시각장애4그븡ㄹ 받은 장애인 입니다. 제 눈의 상태는 현재 망막질환인 황반변성이고, 시신경 상태도 안 좋은 상태 입니다. 그런데 비타민A가 눈에 좋다고 말은 누구나 알 것입니다 그래서 비타민A가 잇는 음식을 먹기 시작 했는데 대표적으로 당근, 계란, 돼지나 소의 간을 먹었습니다 . 그런데 그런 음식을 먹으면 식후 1시간뒤나 아니면 늦으면 취침시간때 안통과 두통이 일어 났습니다. 그리고 또 의학 기사에서 이런 글도 보았는데 간이 좋지 않은 사람이 비타민A를 섭취하는 것은 안좋다고 하더라구요 그이유가 비타민A는 오히려 간이 좋지 않은 사람한데는 간 기능을 저하 시켜서 간도 눈과 간계가 있어서 섭취 하지 않다는 내용 이였습니다. 그래서 혼란 스러운데요. 사실 제 눈상태도 안좋고 간 상태도 좋지 않습니다. 간염은 아니지만 약간 간염에 위험은 있다고 하더라구요. 그래서 결론적으로 질문 드리고 싶은 내용은 제가 눈 상태도 좋지 않고 게다가 간도 좋지 않은데 맨윗글에 그랬듯이 당근, 계란, 동물간을 먹었을때 안통과 두통이 통증을 느꼈을때 그게 안 좋은 현상인지 그러면 먹지 않는 것이 좋은지 이에 대한 답변과 더 아시는 내용이 있으시다면 추가적인 내용을 알려 주셨으면 합니다. 이왕이면 안과 의대생이나 안과 전문의님들께서 답변을 주셨으면 좋겠습니다.",C9,C5,tri_llm_consensus
T-0025,2008,"안과, #황반변성, #눈관리, #지식인카드, #지식인카드답변, #플레이스URL, #황반변성증상치료, #황반변성한의원, #동영상답변, #지식iN동영상답변, #지식인카드, #지식인카드답변, #플레이스URL",아버지가 황반변성 맥락막 신생혈관출혈 진단을 받으셧는데요,"서울대학병원에가셨는데

황반변성 맥락막 신생혈관출혈 진단을 받으셨데요

실명이 될수도 있다고는 하는데 치료하면 괞찬은건지요

아버지가 하루종일 컴퓨터를 보고계셔야하는데 일해도 괞찬으신건지요

많이 고민이돼네요 어떡해 치료방법이나 원래대로 돌아올수 있는 방법은없나요? 술은 끈으신다고하셧는데

담배도 끈어야하나요 꼭? 답변부탁드릴깨요 ^^

주의해야할사항은 무엇이구  또 눈이 좋아질려면 어떤 방법이 있나요?

내공 추가내공 드려요  답변부탁드려요",C9,C3;C5,tri_llm_consensus
T-0026,2008,장애인복지,장애인혜택과 기초생활수급 혜택 받을수 있을가요..,"일반적인 장애인 혜택과 기초생활 수급 대상자의 혜택을

네이버 지식인을 통해 검색해보는데 여러 조건들이 많이 어렵더군요..

해서 지식인 분들께 도움을 요청해 봅니다.

저희 상황에 맞게 구체적으로 리플 부탁드릴게요

------------------------------------------------------------

현재 1억5천 가량의 빌라가 어머니(48년생) 명의로 되어 있습니다.

한달전 시각장애인 1급 판정을 받으셨고요,(황반변성이라는 병명입니다.)

아버지가 사업이 잘 풀리지 않으셔서 현재 집 담보 및 지인들을 통해

빚이 1억가량 있습니다.

그리고 아버님은 조만간.. 구속되실거에요..

집을 내놓은 상태고요,

집이 팔리면 부담스런 이자에서 벗어나 빚을 다 상환하고,

남는 돈으로 3천짜리 전세에 들어갈 생각입니다.

형님도 문제가 조금 있으셔서 (장애등급을 받진 못했지만)

아침 7시부터 밤 10시까지 공장에서 노동력 착취를 당하시며 백만원 가량의 월급을 받고 있고

저는 현재 자영업을 하고 있는데 상황이 안좋아 수익을 내지 못하고 있습니다.

이젠 아버님도 안계신 상황에서

제대로 해온것 없는 제가 집안의 가장으로서 역할을 대행해 보려 합니다.

국가에서 지원받을 수 있는 혜택과 조건에 대해서 알고 싶습니다.

전세를 구하게 된다면 누구 명의로 해야 하는지

만약 주소지를 분리할 수 있다면 어머니만 전세에서 사는것으로 해야 하는지

장애수당 외에 기초생활 수급혜택을 받을수 있는 조건과,

현재 소유중인 차도 없는데,

영업으로 인해 어쩔수 없이 구매를 해야 할거 같은데,

혜택을 받기 위해 어머님이랑 공동명의로 구입을 한다면

기초생활 수급 혜택이 없어진단 소리도 있더군요.

현 상황에서 국가에서 받을수 있는 혜택을 조금이라도 많이 받기위해

준비해야 하는 조건들과 혜택에 대해 가급적 구체적으로 설명 부탁드릴게요

꼭 도움 부탁드립니다.",C7,,tri_llm_consensus
T-0027,2008,"안과, #황반변성, #백내장, #동영상답변, #지식iN동영상답변, #지식인카드, #지식인카드답변, #플레이스URL",황반변성이란 안과질환의 발병원인?,예전에 신문지상에서 황반변성에 관하여 읽은 기억이 있는데 고혈압과 극심한 스트레스의 여파도 있다고 알얐는데 스트레스나 격무와는 전혀 관계가 없는지 궁금합니다.,C1,,tri_llm_consensus
T-0028,2008,안과,망막전문의 추천좀해주세요..,"안녕하세요.. 저의 어머니 눈질환에 대한 질문 드립니다..

어머니 연세는 49세 이시구요.. 한 4-5년 전부터 시력이 많이 않좋아 지셨습니다..

그래도 나이에 따른 시력저하라고 생각 하고 안경을 쓰시고 직장 생활을 하셨습니다..

그런데 요즈음 들어 눈에서 무언가가 흐르는듯한 느낌을 받으셔서..

어제 구리한양대학병원에서 안과 검사를 받고 오셨습니다..

의사 진단으로는 거의 망막이영양증이라는 증상 같다고 하시네요..

아니면 황반변성일수도 있다고 하셨구요.

두가지가 증상이 비슷하여서 확실히는 모르겠다고 하시고..

현재는 왼쪽눈은 거의 시력이 없으신데.. 왼쪽눈 안쪽에 염증이 심하여서

수술도 불가 하다고 하네요..

왼쪽눈은 많이 진행이 된 상태이며,, 오른쪽눈은 이제 증상이 시작되고 있다고 합니다..

약처방도,, 눈에 먹는 영양제만 주고... 수술도 못한다고 하고.. 치료 방법도 없다고 하네요..

한곳에서만 검사받고 그냥 있을수는 없어.. 혹시 안과 관련 이름있는 병원을 알려주세요..

다른곳에서도 검사를 해드리고 싶습니다..

그리고 위의 증상에 관해 아시는분이 계시면 답변 부탁 드립니다..

황반변성에 대한 내용은 많은데 망막이영양증이라는 병명은 찾아도 나오는게 없네요....

또 의사분 말씀으로는 둘다 유전적이 높다고 하는데.. 저나 제 동생도 검사를 해 보아야 하는건지도요..

많은 답변 부탁 드립니다......",C8,C2,tri_llm_consensus
T-0029,2008,안과,"맥락막신생혈관, 황반변성에 대한 질문이요~","오른쪽눈이 맥락막신생혈관이 생겨서 황반변성과 같은 증상이예요.

중심부위가 보이지 않습니다.

그동안 광역학요법으로 레이져치료도 받았구요.

이제 1년이 됐는데 그동안 더 나빠진것은 잘 모르겠지만 생활에는 많은 불편이 있더라구요.

그런데 각막이식을 통해서 이것도 좋아질수가 있는 건가 궁금해서요.

각막이식을 받는다는 것 자체도 굉장히 힘든일이지만 혹시나 궁금하더라구요...",C3,,tri_llm_consensus
T-0030,2008,안과,안과 지식인들께 부탁합니다...,"꼭 부탁요...

노인성 황반변성(ARMD)에서 PCV와 RAP에 관해 자세하게 알려주세요..

자료도있으면 부탁요...

많으면 많을수록 좋아요...사진도요..

제가 좀있으면 시험을 보는데..좀 전문적인곳이라...아무리 책방을 뒤지고

아는분한테 부탁해도 알수가 없어요...",C1,,tri_llm_consensus
T-0031,2009,안과,"황반변성이라고 하는데..........,",금년 74세된 사람인데 3년 전 부터 시력이 떨어지고 사물이 굴곡져 보이고 계단을 오르내릴 때 발을 잘 뛸 수 없으며 병원을(여러곳) 찾아 갔더니 황반 변성이라는 진단을 받았습니다. 지금은 병원에서 처방해준 영양제를 복용하는 정도의 치료를 하고 있습니다. 지금 상태는 사람을 볼 때 1미터 정도만 떨어져도 윤곽만 파악될뿐 얼굴의 세부 형태는 구별할 수 없습니다. 이러한 병을 전문적으로 치료하는 병원이나 의사 선생님 또는 성공적으로 치료를 하신 분들의 고견을 듣고 싶습니다. 궁금하고 답답하오니 치료가능 여부를 알려주십시요,C8,C3,tri_llm_consensus
T-0032,2009,안과,노인성 황반변성에 대하여.....,"황반변성 진단을 받고 타겐F 약을 먹고 있는 중입니다. 그약을 계속 복용해야 되는지요

그리고  이 병이 완치는 없는 건가요 이 병에 좋은 음식 같은 것을 알려 주셨으면 하고

이 병이 무슨 병인지 정확히 알려 주세요 !!",C1,C5;C3,tri_llm_consensus
T-0033,2009,안과,황반변성,"제가 어제 안과에서 황반변성이라는 진단을 받았습니다.

오래 전부터 어지럼증이 좀 있었고 눈이 침침했지만 원래 양쪽 눈 시력 차이가 심했고 난시가 있어서 그냥 넘겼는데 갑자기 왼쪽 눈이 안경을 써도 보이질(정확히)않고 형태만 어렴풋히 나타나 안과를 가니 이 병이라고 했습니다. 심각하게 여기지 않아도 되나요? 먼저 약을 2주동안 복용해보고 항체주사 안되면 레이저 치료를 해보자 하는데 대학병원에 가봐야 하는지 조금 걱정이 되네요.",C8,C3,tri_llm_consensus
T-0034,2009,대체의학,황반변성 치료 가능한가요??,"황반변성 진단을 받은 사람입니다..

제가 정보를 검색해보니 치료보다는 진행을 늦출수만 있다고 하는데 실제로 실명이 될까봐 두렵습니다. 물론 대학병원, 성모안과 모두 다 가보았지만 진단만 할 뿐 치료는 사실상 어렵다고 해서 너무 걱정입니다. 이 병원 저병원 다 다녀보았으니 병원 광고는 사절하고요 실제로 해결 또는 좋아질수 있는 방법이 있는지 귀중한 답변 부탁드립니다

그리고, 미국에는 대체의학이 우리나라보다 발전해 있어 영양보조제로 치료를 한다는  정보를 들은적이 있는데 국내는 상황이 어떻는지도 궁금합니다.",C3,C5,tri_llm_consensus
T-0035,2009,"가구, 식품, 살림",황반부변성으로 않좋은데 눈영양제 추천좀.,"저는 황반변성으로 시력이 지금 많이 않좋은 상태입니다.

.

직업상 컴퓨터도 많이 하는데 시력이 자꾸 않좋아지고 눈도 많이 피로하네

.

몇가지 영양제를 먹어봣는데 어떤게 좋은지

.

병원에 가니 오메가3를권하시던데 오메가 3 제품중 좋은 건 어떤건지

.

아니면 다른 좋은 제품은 어떤것들이 잇는지

.

추천해주실만한 영양제 부탁드려요",C5,,tri_llm_consensus
T-0036,2009,안과,아바스틴과 루센티스,황반변성에 사용하는 두가지 약  아바스틴과 루센티스 가격차가 많이 나는데 아바스틴을 그냥 사용해도 될지요,C4,,tri_llm_consensus
T-0037,2009,보장성보험,황반변성 치료에 삼성화재(슈퍼보험) 실비 보장을 받을 수 있는 방법?,"안녕하세요.. 여긴 춘천입니다.

몇일전에 저희 wife(36세)가 눈에 촛점이 번지고 잘 보이지 않아서

춘천에 있는 대학병원에 가서 정밀검사를 해 봤는데요...

황구변성 이라고 하네요..

(원래 노인성 질환으로 알려졌는데, 요즘에는 TV에 컴퓨터에 노출이 많이 되어서

젊은 사람들에게도 많이 나타난다고 합니다.)

시력하고도 관련이 있고해서

지방에 있는 병원(물론 진료도 잘하시고 좋은 장비도 많지만..)도 있지만

사람 마음이 또 그렇지 않아서.. 서울에 있는 큰 병원에 예약을 해 놓은 상태입니다.

질문을 드리는 것은

황구변성에 대한 치료가 여러가지가 있지만

대표적인 것은 눈 주위에 약물을 투여해서 (3~4차례) 치료하는 게 좋다고 합니다.

근데... 병원에서는 입원을 시키지 않고.. 그냥 치료(약물 투여..)만 한다고 하네요..

지금 들어 놓고 있는 보험은

삼성화재(슈퍼보험)을 들었는데요.... (통원비 10만원, 질병의료비 30백만원>..)

워낙 큰 비용이 예상되는 지라..

가능한 슈퍼보험에서 혜택을 받는 방법을 알고 싶습니다.

가장 중요한 건.. 환자의 쾌유이지만..

경제적인 부분도 무시하지 못해서요...

좋은 의견이나 정보 부탁드립니다.

혹시, 대외적으로 말씀하시기 어려우면 쪽지로 날려주세요~~

정중히 부탁드립니다.",C7,C4,review_pool_R1_v5b
T-0038,2009,이사,황반변성 치료 가능한가요??,"황반변성 진단을 받은 사람입니다..

제가 정보를 검색해보니 치료보다는 진행을 늦출수만 있다고 하는데 실제로 실명이 될까봐 두렵습니다. 물론 대학병원, 성모안과 모두 다 가보았지만 진단만 할 뿐 치료는 사실상 어렵다고 해서 너무 걱정입니다. 이 병원 저병원 다 다녀보았으니 병원 광고는 사절하고요 실제로 해결 또는 좋아질수 있는 방법이 있는지 귀중한 답변 부탁드립니다

그리고, 미국에는 대체의학이 우리나라보다 발전해 있어 영양보조제로 치료를 한다는  정보를 들은적이 있는데 국내는 상황이 어떻는지도 궁금합니다.",C3,C5,tri_llm_consensus
T-0039,2009,"서울특별시, #황반변성, #황반변성증상, #황반변성, #안구질환, #지식인카드, #지식인카드답변, #플레이스URL, #황반변성, #황반변성치료, #동영상답변, #지식iN동영상답변, #지식인카드, #지식인카드답변, #플레이스URL, #황반변성, #눈건강관리, #지식인카드, #지식인카드답변, #플레이스URL",저희엄마가몸이안좋아서요,"저희엄마가 어제밤에 싯을려고 화장실을갓는데 갑자기 숨이차오르더니 앞이깜깜해지고

기절할듯이 주저앉앗거든요..

요즘 걱정거리가많아서그런지 신경성으로도 그럴수잇나여?

회사에서도 계단몇개만 올라가도 100미터달리기한거처럼 숨이차다고 하시거든요..

걱정대서 이렇게 질문햇거든요.

큰병같은건 아니죠?

왜이런증상이나타나죠..?

그리구 저희엄마눈이 황반변성 이라 완치가불가능하다고 하는데

완치는 힘들까요..?

어뜨케낳을방법은업어여?

제발..좋은답변가디릴께여..",C9,C3,tri_llm_consensus
T-0040,2009,안과,"황반변성,시신경손상이면 실명되나요?","저의 어머님이 눈이 침침하셔서 병원에 갔더니 황반변성이 시작되었고 시신경이 손상되어서 손을 쓸수 없다고

하는데, 의학적으로 수술이 불가능한건지 얼마전까지 텔레비젼 시청이나 책보시는데 무리가 없으셨는데

갑자기 실명의 이야기가 나온다는 것은 믿을수도 없고 우리 나라의 의학이 그렇게 접근하지 못한다고 생각이 안드는데 정말 난감합니다.  구체적으로 질문드리면,

1. 시신경손상이라는데 시신경은 수술이 불가능한가요?

2. 황반변성은 의학적 시술이 불가능한가요?

3. 고도근시까지 있으시다는데 회복할 수 있는 방법은 있는 건가요?

4. 여기는 울산입니다. 전국에서 안과(시신경, 황반변성) 시술을 잘하는 곳 추천 부탁드립니다.

갑자기 병원에 가서 '실명하실수도 있습니다'라는 말을 듣고 삶의 의욕과 희망을 상실하신 어머님께 힘이 되어

드리고 싶습니다.  많은 의견과 답변을 기다리겠습니다.

감사합니다.   내공있음",C3,C8;C6,tri_llm_consensus
T-0041,2009,안과,황반변성을 판정받았습니다.,"안녕하세요...저희 어머니가 황반변성을 판정받았습니다.

하지만 수술이 안된다고만 하고 주사만 맞아야 된다네요...

서울 김안과병원에서 검사받고 판정받았습니다.

현재 얼마전 루센티스 주사를 1회 맞았습니다.

하지만 인터넷으로 찾아본 결과 2년내에 실명하는 큰 병으로 알았습니다.

그리고 최소 3번이상 맞아야 하구요...주사는 울산대학병원에서 맞았습니다.

한번 맞는데 120만원의 병원비가 나왔습니다.

보험이 적용되어 11만 얼마정도로 내렸다는데 왜 보험이 적용이 안되는지...저희 어머니가 65년생입니다.

하지만 그게 더이상의 확장을 막는다고만 들었는데 맞고 나면 원래 시력으로 돌아오는지..

아님 계속 맞아야 되는지 걱정이네요...계속적으로 맞기엔 부담이 너무 큽니다.

그리고 황반변성이란 병이 루센티스주사를 맞으면 원래 시력으로 돌아오는지가 걱정이네요...

그리고 재발가능성은 얼마나 있는지요 빠른 답변 부탁드립니다....(__)꾸벅",C4,C7;C6,tri_llm_consensus
T-0042,2009,안과,황반변성 실명 후 시력회복 가능한지요?,"어머니 연세가 73세 정도이십니다.

3~4년 전에 양쪽눈에 백내장 수술을 받으신 이후에

한쪽눈은 잘 보이지만 남은 한쪽눈은 오히려 거의 안보이게 되었습니다.

나중에 알고 보니 황반변성이었습니다.

그래서, 레이저 시술을 받으셨는데 수술에 실패하였고,

지금은 병원에 가도 치료하기에는 이미 늦었고 남은 한 쪽 눈에 전이되는 것을 막는 것이

최선이라고 하더군요...

인터넷을 찾아보면 여러가지 치료 사례들이 나오는데,

요즘에는 초기에 발견해서 치료하면 대체로 가능해 보입니다.

하지만, 모두가 최근 몇 년 사이에 나온 치료법들이고,

한 2~3년 전만 해도 수술이나 치료에 실패도 많았고 부작용도 많지 않았는지요?

그 당시에 치료하다 실패한 경우,

요즘의 최신기술로 다시 치료 받는 것은 불가능한지요?

어떻게 해서든 한쪽눈의 시력을 회복시켜 드리고 싶습니다.",C6,C3,tri_llm_consensus
T-0043,2009,안과,황반변성 치료 주사제,"황반변성 치료 중인데, 병원에서 무슨(?) 주사를 맞으라고 권합니다.

그런데, 열두번 정도 맞아야 효과를 본다고 하는데,

주사비도 비싸서(몇십만원 이라고 들은 것 같은데...) 어떻게 해야 좋을 지 고민입니다.

대체, 보험은 되는 건지?  효과는 어느 정도 인지?  등등

도움이 될만한 답변 부탁드립니다.",C4,C7,tri_llm_consensus
T-0044,2009,안과,황반변성 때문에 시력 안좋아진거는 치료가능한가요?,"아버지가 황반변성이란 병에 걸리셔서 진단을 받았는데

눈이 잘 안보이시는 것 같더라구요.....

아직도 일을 하고 계시는데 글자가 잘안보여서 많이 답답해하시더라구요...

황반변성이라는 병을 여태껏 모르고 살다가 처음 듣게 되었는데

보통 눈이 한 번 나빠지면 다시 시력이 안돌아오잖아요....

황반변성에 걸리게 되면 시력이 계속 나빠진 채로 있는건가요?

혹은 더 나빠지는 건가요? 황반변성 전용 시력 교정 안경이나 장비는 없나요?

혹시 치료 방법 같은거는 있나요? 치료가 가능할런지 모르겠네요...

답변 부탁드리겠습니다...",C3,C6,tri_llm_consensus
T-0045,2009,안과,황반변성이 어떤 병인가요? 황반변성에 대해서 가르쳐주세요,"저희 할머니는 아니고 저희 큰할머니가 황반변성이라는 병에 걸리셨다고 하는데

병명이 황반변성이라는 이름만 들었어요. 황반변성이 어떤병이죠?

황반변성에 걸리면 어떤 증세에 걸리는건가요? 눈이 아프시다고 했는데

황반변성 걸리면 눈이 멀거나 할 수도 있는건가요?

황반변성이 나을 수도 있나요? 황반변성 치료도 가능한건가요?

황반변성 치료제 같은 거가 따로 있는건가요?

너무 걱정이 되네요....",C1,C3,tri_llm_consensus
T-0046,2009,안과,"황반변성 루센티스 치료하는거요, 루센티스 몇 번이나 맞아야되나요?","황반변성 치료에 대해서 여쭤보고 싶은데요

저도 잘몰랐는데, 얼마전에 생로병사에서 나온 황반변성? 이라는 질환에 대한

내용을 보고서, 어머니가 황반변성인줄 그제서야 알았어요.

황반변성이라는 병 자체도 잘몰랐거니와 같이 TV를 보고있던 어머니가 당신도

좀 그런거 같다고 하시길래 병원에 모시고 갔더니 아니나 다를까 바로 황반변성이라고

하더라구요. 근데 황반변성 치료하려면 루센티스? 라는 주사를 맞으면 금방 낮고

시력도 회복된다고 하던데 루센티스 맞으면 진짜 잘 낫는건가요?

그리고 생로병사를 보니까 한 번 맞으면 3주~4주에 한 번 맞아야되서

약효가 4주 정도 밖에 유지되지 않는다고 하는것처럼 들리던데,

그러면 4주 후에 맞고 또 계속 맞아야하는건가요?

아시는 분 좀 알려주시면 감사하겠습니다 ^^",C4,,tri_llm_consensus
T-0047,2009,인체건강상식,루센티스 (황반변성) 관련해서 문의드립니다...,"황반변성 진단때문에 루센티스로 치료를 받게됬는데 얼마전에 생로병사를 보니까

루센티스를 1달에 한 번씩 맞아야한다는것같던데 그럼 계속 맞아야됩니까?

병원설명으로는 루센티스를 맞으면 3번에서 5번정도면 치료가되고 시력 회복된다고하더ㄴ데

생로병사에는 1달에 한번씩 정기적으로 맞아야되는것처럼 말을 하네요

루센티스 어떻게 맞는게 옳은건가요...",C4,,tri_llm_consensus
T-0048,2009,안과,루센티스 (황반변성 치료) 에 대해서 여쭙고 싶은데요..,"황반변성 치료에 대해서 알아보고 있는데

루센티스라는 황반변성 치료약이 있다는 걸 알았는데

얼마전에 생로병사 프로그램을 보니까 황반변성 치료로

주사맞는 거에 대해서 나와있더라구요? 루센티스에 대해서 말하는 것 같은데

루센티스가 제가 알기로는 한 3번에서 5번정도 맞으면 완치까지는 아니더라도

시력이 어느정도 회복되고 치료가 가능한 걸로 알고 있는데

TV에서는 루센티스 치료를 하면 1달에 한 번씩 계속 맞아야하는 것처럼 나오더라구요?

다행히 보험이 지원되서 루센티스를 맞는데 부담이 많이 없어졌지만

시력을 계속 유지하려면 매달 한 번에 한 번씩 맞아야되는건가요?",C4,C7,tri_llm_consensus
T-0049,2009,안과,황반변성  몇가지 질문과 자문좀 구하겠습니다.,"안녕하세요

제가 갑자기 눈이 침침해서 병원에 갔더니 황반변성 이라더군요

너무 갑작스레 걸린병이라서 어떤병인지도 잘몰라서 이리저리 찾아보았습니다.

그래서 몇가지 질문좀 하겠습니다.

1. 황반변성에 걸리면 공상을 받을수 있을런지

2. 황반변성에 걸리게 된 이유가 업무적 스트레스 및 과로로 인하여 걸릴수도 있을런지

3. 황반변성에 좋은 음식이나 습관들은 있는지 이렇게 답변좀 부탁드립니다..",C7,C5;C7,tri_llm_consensus
T-0050,2009,안과,생로병사에 나온 황반변성이요...황반변성 치료 관련해서..,"얼마전에 생로병사에서 황반변성인가? 그 어른들이 눈 잘 안보이게 되는 질병인데

얼마전에 생로병사 방송에서 황반변성 병이 있는지 그제서야 알았어요.

아버님이 안그래도 요즘 들어 부쩍 눈이 침침하다고 하시면서 잘 안보인다고 하셔서

마침 생로병사에서 노안이랑 관련된 내용이 나와서 무슨 황반변성 자기진단인가?

바둑판 같이 생긴 황반변성 자가진단 그림을 보여드렸는데 생로병사에서 말한 황반변성 증세랑

완전히 들어맞더라구요. 그래서 생로병사에서도 황반변성 치료주사 얘기를 하는 걸 들어서

부랴부랴 안과가서 상담을 했는데, 제 기억으로는 생로병사에서는 황반변성 치료주사가

4주에 한 번 꼴로 맞아야하는 것처럼 들었거든요. 안과에서는 황반변성 치료주사...

루센티스인가? 루센티스를 맞으면 4주에 한 번씩 해서 3~5번만 맞으면 된다더라구요

그래서 그런데...생로병사에서 나온 치료제와 황반변성 치료제라는 루센티스와는 다른 치료제인가요?

그러면 생로병사와는 달시 3~5번만 맞으면 황반변성 치료괴는거 맞나요?

답변부탁드리겠습니다 ^^",C4,,tri_llm_consensus
T-0051,2009,안과,황반변성에 대하여,"약 3년전에 갑자기 한쪽눈에 뭔가가 가려지는 현상이 있었습니다. 병원에서 황반변성이라고 하더라구요.

그래서 지금은 오른쪽눈이 거의 실명이 되어있는 상태입니다.

그런데 얼마전부터 왼쪽눈에 뭔가가 끼는 느낌이 들면서 가끔씩 흐릇해지는 느낌을 받습니다.

질문요..

1. 황반변성은 다른쪽눈으로 전이도 되나요...?

2. 나머지 한쪽눈에 대하여 특별이 관리해야할 주의점은 있나요....?

3. 얼마전 건강검진에서 황반변성에 좋은약이 개발되었다고 의사분이 아닌 다른 환자의 보호자분께 들었는데 정말인가요...?

4. 만약 그런약이 있다면 복용만으로 완치가 가능한가요...?

5. 수술가능여부...?

답변부탁드립니다.",C6,C3,tri_llm_consensus
T-0052,2009,안과,생로병사에 나온 황반변성..황반변성 치료에 대해서 여쭤봅니다.음,"아버지가 황반변성에 걸리셨는데요

황반변성 치료가 가능한지 알고 싶네요. 안과에서는 황반변성 치료가 당연히 가능하다고 하면서

무슨 수술을 받거나 황반변성 치료 주사를 맞으라고 하더라구요. 황반변성 치료로 무슨

레이저 수술 같은게 있는거 같은데 레이저 수술은 부작용이 많다고 해서 고려하고 있진 않고

황반변성 치료주사에 대해서 알아보고 있는데, 루센티스란 약이 황반변성 전용 치료제라고 하던데

얼마전에 생로병사 재방송을 보다가 우연히 황반변성에 대해 나온 편이 있어서 관심갖고 봤었는데

생로병사에서는 황반변성 루센티스 주사를 맞으면 황반변성 치료가 되는데

의사선생님이 말하는 거로는 4주에 한 번씩 계속 맞아야된다는 것처럼 나오더라구요

그런데 제가 알기로는 황반변성 주사는 너댓번만 맞으면 완치된다고 알고 있는데

생로병사에서는 그렇게 안나와서 다시 알아보고 있는데 헷갈리네요.

생로병사에서 말하는게 황반변성 치료하는 루센티스 약 말고 다른 건지

아니면 생로병사에서 잘못말한건지 잘 모르겠네요.

생로병사 보신분이나 황반변성 루센티스에 대해서 자세히 아시는 분 있으면 답변 부탁드립니다.

아..그리고 추가적으로 황반변성이 왜 생기는지도 알고 싶네요....

그럼..",C4,C3;C1,tri_llm_consensus
T-0053,2009,안과,망막색소변성증과 황반변성증과의 다른점 각증상을설명부탁함,"현재 초등교사로 재직중에 있읍니다.

황반변성   이란진단을 받고 고민중에 있는 아들을 바라보는 아비의 심정을 이해  해주시기 바람니다.   특병한 약은복용치 않는것같고   영양제정도 자세히는 모름니다. 줄기세포 치료재가 임상실험 신청중이라고 해서   실험이성공하여 상용화가 된다면 황반변성 치료도 가능한지요 .

자세한 설명의 말씀 죄송스럽지만 부탁드림니다.",C1,C1,review_pool_R1_v5b
T-0054,2009,"산업 안전, 재해",산재중인데요 몇가지 궁금해서 질문합니다,"제가 지난 3월부터 일을 하다가 다쳐서 산재를 받고 있는중입니다. 이번 추석 지나서 약 2달가량 일을 하다가

도저히 안될것 같아서 현재 산재 중인데 휴직을 할려고 하는데 회사에서는  휴직계를 정식으로 작성을 하라고 합니다 혹시 이거 작성하면 저한테 불이익이 있는지요?

그리고 저희 회사가 1년에 한번씩 퇴직금을 정산하는데 이번 11월달이 제가 입사한지 2년째 됩니다

퇴직금을 받을수있는지요?

회사보너스가 명절에 나오는데 금년 설에 회사 사정으로 절반 가량밖에 안나왔습니다. 8월달에 나머지 부분이

나왔는데 그것을 제가 받을수 있는지요? 회사에 물어보니 제가 8월달에 일을 안하고 있어서 받을수 없다고 하는데요 이게 맞는지요?

제가 다친게 조금 심해서 한쪽눈이 장애 판정이 나왔는데 (7급) 이 부분을 회사에 보상을 받을려고 합니다. 보상금은 대략 얼마정도 되는지도 알고 싶습니다. 제가 했든일이 조선산업기자재 절단이라 한쪽눈이 없는 상태로는 일하기가 힘들것 같고 남은 눈도 황반변성으로 사물이 정확하게 보이질 않습니다. 대략적이라도 알려 주시면 감사하겠습니다.",C7,,tri_llm_consensus
T-0055,2009,"건강, #황반변성, #황반변성증상, #황반변성치료, #황반변성증상, #동영상답변, #지식iN동영상답변, #지식인카드, #지식인카드답변, #플레이스URL, #황반변성, #황반, #지식인카드, #지식인카드답변, #플레이스URL",황반변성 관련해서 질문드립니다. 황반변성 치료.,"정기검진을 받게되서 이왕 하는거 부모님도 같이 하면 좋겠다는 생각에

부모님 모시고서 정기검진을 갔습니다. 안과 쪽 검진을 받는데 어머니가

앞에 보이는게 약간 휘어져서 보인다고 말씀을 하시더군요.

그 이전까진 별 말씀하신적이 없었는데 병원에 오셔서 그런지 이상하다고 생각하신 부분은

다 상담을 받으시더라구요. 근데 물건이 휘어져 보인단 소리는 처음 들어서 시력이 안좋아 지셨나했는데

의사 말로는 황반변성을 의심해봐아야 할 것 같다고 하면서 안과가서 황반변성 검사를 받아보는게

좋을 것같다고 하더라구요.

그말 듣고 바로 안과에 가서 검사를 받고 의료상담을 받았는데 역시나 황반변성이라고 하더라구요.

일단 황반변성에 대해서 뭐가 뭔지 몰라서 그냥 그렇구나 하고 고개만 끄덕이다가 왔는데

황반변성에 대해서 조금 알아보니까 가만 냅두면 실명할 수도 있다고 한다는 소리를 듣고 좀 걱정되네요.

황반변성이 치료는 가능할런지 알고 싶네요.

질문1. 황반변성은 어떤 병입니까?

질문2. 황반변성에 걸리면 실명할 수도 있다고 하는데 그렇게 악화되는데 얼마나의 시간이 걸립니까?

질문3. 황반변성은 왜 걸리는 겁니까?

질문4. 황반변성 치료는 가능합니까? 치료하는데 어떤 식으로 치료를 합니까?

질문5. 황반변성을 예방하거나 증상을 막거나 혹은 자가 치료하는데 좋은 방법이 있습니까?

묻고 싶은 질문들입니다.

잘 부탁드리겠습니다.....",C1,C3;C2,tri_llm_consensus
T-0056,2009,인체건강상식,황반변성 루센티스 치료에 물어보고 싶은데요.... 황반변성 치료가..,"할머니가 황반변성이라는 병에 걸리신 것 같애요.

얼마전에 테레비보다가 황반변성이라는 병에 대해서 알게되었는데

거기서 황반변성에 대한 내용이 나오는데 저희 할머니 증상이랑 완전 같은거에요!

요즘 부쩍 앞이 잘 안보이신다거나 뭐가 삐뚤어져보여서 어지럽다고 하시길래

노안 때문에 잘 안보이시는 것 같아서 안경집에서 안경 새로 맞춰드려야겠다 했는데

테레비에서 황반변성을 보고 난 후 할머니가 잘 안보이시는게 단순히 노안 때문이 아니라

황반변성이라는 병에 걸리셨다는 걸 그제서야 알았어요.

물건이 휘어보이는 거며 가운데가 안보이는 거며 할머니가 평상시에 하시던 말씀이랑

황반변성 증세가 너무 딱 들어맞아서 설마설마하는 마음에 무슨 바둑판 같은 걸 보여드렸더니

딱 황반변성 증세더라구요.

부리나케 안과 모시고 가서 검사 받고 하니까 황반변성이 맞다고하더라구요.....

치료를 빨리 받아야 할 것 같은데 선뜻 결정하기가 뭐해서요...부작용도 그렇고 연세도 있으시고 그래서요..

집에서 몇몇 찾아보니까 루센티스라는 황반변성 치료랑 레이저 치료법이 있는 것 같은데...

두 치료법의 장단점이나 비용적인 측면에서 알고 싶네요.

그래서... 정리를 하자면

질문1. 황반변성에 걸리면 얼마나 빨리 시력이 나빠지나요?

질문2. 황반변성에 걸린 건 아무래도 나이탓이겠죠? 다른 사람한테도 전염이 되나요?

질문3. 황반변성 치료법이 루센티스 치료법과 레이저 치료법 외에도 더 있나요?

질문4. 루센티스 치료법과 레이저 치료법의 장단점과 대략적인 비용과 보험가능여부?

에 대해서 알고 싶습니다.

답변 잘 부탁드릴께요 ^^",C4,C7;C1,tri_llm_consensus
T-0057,2009,건강상담,"생로병사에서 황반변성 치료요, 생로병사랑 제가 알고 있는거랑 다른데...","평소에 생로병사를 즐겨보면서 녹화도 해두고 그러는데요.

주변 사람들 중에 눈이 안좋아져서 병원을 갔더니 황반변성이라는 진단을 받았다는데

옛날에 생로병사를 보다가 황반변성에 대해서 나온 걸 얼핏 본 기억이 있어서

녹화해둔걸 찾아봤어요.

그런데 황반변성 걸린 그 분이 상담 받기로는 황반변성 치료할 때 루센티스라는 약을 쓰면

한 다섯번 정도 맞으면 다 낫는다고 했는데, 생로병사에서는 한 번 맞으면 약효가 4주정도밖에

지속되지 않는다는 것처럼 의사가 말하던데, 루센티스란 약도 당뇨병 환자가 인슐린 맞듯이

주기적으로 꼬박꼬박 맞아줘야 되는 건지요?

만약 그렇다면 비용 부담적인 측면도 생각해봐야될 것 같은데 한 번 치료하는데 얼마나 소모가

되는지도 알고 싶습니다.

요약하자면

질문1 - 황반변성에 걸려서 루센티스를 맞으면 4주에 한 번씩 계속 맞아야 하는가?

질문2 - 루센티스를 통한 황반변성 치료의 경우 비용부담이 어느정도 되는가?

등에 대해서 잘 알고 싶습니다.",C4,C7,tri_llm_consensus
T-0058,2009,안과,황반변성 예방하는 법.가족중에 황반변성 걸린 사람이 있어서요,"저희 가족 중에 할아버지가 황반변성에 걸리신 적이 있는데요 (지금은 편한 곳으로 가셨지만..)

그 때는 저도 어려서 황반변성이 뭔지도 모르고 그냥 눈이 잘 안보이셔서 화장실을 갈 때도

제가 손 붙잡고 모시고 가던 기억이 납니다.

얼마전에 우연잖게 TV에서 황반변성에 대한 내용이 나온 적이 있었는데

그제서야 할아버지가 떠오르더라구요. 그런데 듣기로는 황반변성이 가족력에 의한

질병이 될 수도 있다고 하는 걸 들었습니다.

그 말인 즉슨, 할아버지가 황반변성을 앓고 계셨던 만큼 저도 황반변성에 걸릴 확률이

다른 사람보다 높다는 말이 되는데, 저희 집안이 더군다나 선천적으로 눈이 좀 나쁘다는 것 같더라구요.

그래서 저와 저희 아버지도 황반변성에 걸릴 확률이 있는 만큼 미리미리 예방을 하고 싶은데

황반변성을 예방하는데 좋은 방법이 있을까요?

또, 황반변성에 걸리게 되더라도 치료가 가능한가요?

황반변성에 대처할 수 있는 좋은 방법들 좀 소개 부탁드리겠습니다.

질문1 : 황반변성을 예방하는 방법들에는 어떤 것들이 있습니까?

질문2 : 황반변성에 미리미리 대처할 수 있는 좋은 방법들에 대해 조언 부탁드립니다.

질문3: 황반변성에 걸리게 되더라도 치료가 가능합니까? 즉, 시력이 돌아올 수 있다거나 그런...

감히, 성의있는 답변 부탁드리겠습니다.",C5,C1;C3,tri_llm_consensus
T-0059,2009,안과,황반변성 과 중심성 망막염의 차이는?,"지식iN 에 떠도는 얘기를 종합해보면,  황반변성 과 중심성망막염의

증상이 매우 비슷하네요.

무슨 차이가 있는 걸까요?

증상의 차이, 치료법의 차이  및 예후의 차이를 알고 싶습니다.",C1,C2;C3,tri_llm_consensus
T-0060,2009,안과,황반변성에 대해서 이것저것 여쭤보고 싶습니다. 황반변성 치료나 궁금증,"황반변성에 대해서 이런저런 사항에 대해서 여쭤보려합니다.

황반변성이 위험하다는 걸 최근에 알게됐는데

제 부모님들도 좀 우려가 되네요. 요즘 들어 부쩍 시력이 안좋아진것 같아서요.

황반변성 때문에 눈이 나빠지면 회복하기도 어렵다고 하니 이것저것 궁금한 것들을 여쭤보려합니다.

황반변성 초기에는 잘 모른다고 하는데, 어르신들 눈이 나빠지면 다 황반변성을 의심해보는게 좋을까요?

황반변성 검사를 안과가서 따로 해야합니까?

그리고, 황반변성 때문에 시야가 휘어져보이고 그러면 그 때는 이미 회복이 불가능한건지요?

혹시 황반변성을 부모님 두 분중에 한 분이 걸리시더라도 전염되거나 하는 건 아니겠지요?

한쪽눈이 자주 침침하시다고 하는데 황반변성이 만약 한쪽눈에 걸리면 다른 쪽 눈으로도 전이가 되나요?

질문 정리를 해보면 이렇습니다.

질문1. 황반변성 초기 발병 여부 확인과 진단법에 대해서 알고싶습니다.

질문2. 황반변성 증상이 보이기 시작한 후의 회복 가능여부?

질문3. 황반변성의 전염 여부?

질문4. 황반변성이 한쪽 눈에만 걸렸을 때 다른 쪽 눈으로의 전이 여부?

에 대해서 여쭤보고 싶네요.

잘부탁드리겠습니다.",C1,C2;C6,tri_llm_consensus
T-0061,2009,"식생활, 식습관, #황반변성, #황반변성치료, #안구질환, #황반변성치료, #지식인카드, #지식인카드답변, #플레이스URL",황반변성 치료와 예방에 대해서. 황반변성 치료 및 예방,"최근에 아빠가 황반변성이라는 병에 걸려서 눈이 많이 안좋아졌다가

루센티스라는 주사를 맞고 많이 좋아졌는데요, 이게 혹시 재발할 수도 있나요?

갑자기 눈이 안좋아지셔서 안과 갔더니 황반변성이라는 이름도 못들어본 병에 걸렸다고 해서

깜짝 놀랐었는데 다행히 치료법이 있어서 치료를 받고 많이 괜찮아지셨지만

앞으로 다른 한 쪽 눈도 걸릴지 모르니까 예방이라든지 눈에 좋은 것들이 어떤 것들이 있나요?

그리고 의사선생님 말로는 가족이 걸리면 혈연관계에 있는 다른 가족도 걸릴 가능성이 높다고 하던데

저 역시 나중에 황반변성에 걸릴지 모른다는 생각에 좀 걱정이 되기도 하더라구요.

황반변성 예방에 좋은 음식이나 주의사항에 대해서 알고싶습니다.

질문1. 황반변성은 재발할 수도 있나요?

질문2. 황반변성 회복에 좋은 것들은?

질문3. 황반변성 예방에 좋은 음식이나 주의사항?

입니다.",C5,C1;C6,tri_llm_consensus
T-0062,2009,"인체건강상식, #황반변성, #안과한의원, #지식인카드, #지식인카드답변, #플레이스URL, #황반변성, #황반변성치료, #안통, #황반변성증상, #동영상답변, #지식iN동영상답변, #지식인카드, #지식인카드답변, #플레이스URL",황반변성 루센티스 치료하면 황반변성 확실히 낫는건지...?,"시골 사는 오빠가 황반변성에 걸리셔서 이래저래 많이 걱정이 됩니다.

백방으로 알아봤는데 황반변성에 걸리면 실명될수도 있다고 하더라구요

황반변성에 걸리면 다 실명에 이르나요?

대부분 황반변성이 60대 이상 노인한테만 온다고 하는 것 같은데

저희 오빠 아직 50대 이제 겨우 갓 초반에 들어왔는데...

한 쪽 눈에 황반변성이라고 진단을 받았다고 합니다.

4~50대에서도 황반변성이 오나요?

그래서 황반변성 치료에 대해서 이것저것 알아봤는데

레이저로 하는 것도 있고 주사로 하는 거로 있다고 하는데

찾아보니까 주사로 하는 황반변성이 부작용도 적고 시력도 회복할 수 있다는데

루센티스라는 황반변성 주사를 맞으면 확실히 황반변성이 치료가 되는건가요?

그냥 눈에 다가 주사를 놓는거면 혹시 아프거나 하지 않나요? 좀 무섭기도 한네요...

그래서 어떤 질문을 드리려고 하냐면

질문1. 황반변성에 걸리면 무조건 실명이 되는건가요? 실명하는데 얼마나 시간이 걸리죠?

질문2. 황반변성이 60대 노인말고 50대 초반에도 오는 병인지?

질문3. 황반변성 루센티스 주사로 치료를 하면 황반변성이 치료가 확실히 되나요?

질문4. 루센티스 주사를 눈에다가 놓는 거라면 통증이 있는지 없는지요?

에 대해서 여쭤보고 싶습니다...

좋은 답변 부탁드리겠습니다......",C4,C6;C1,tri_llm_consensus
T-0063,2010,"안과, #안과한의원, #황반변성, #지식인카드, #지식인카드답변, #플레이스URL, #황반변성치료, #시력장애, #동영상답변, #지식iN동영상답변, #지식인카드, #지식인카드답변, #플레이스URL, #황반변성, #눈질환, #지식인카드, #지식인카드답변, #플레이스URL",황반변성이란 무엇인가요,안과질환으로 황반변성이라 하는데 무슨병인가요  시력을 점차 잃을수도  있다는데 어떠한 치료를 하면 될까요?,C1,C3,tri_llm_consensus
T-0064,2010,안과,어머니가 원시가 왔는데요,"어머니 시력이 굉장히 좋으셨는데요

이제50대에 접어들어서 그러신지..가까운게 잘 안보인다고 말씀을 하시긴했는데..병원에서 원시라고하네요

눈자체에 문제가 있는게 아니라 그냥 노안으로 오는거라고하시네요

혹시 오진으로 인한 황반변성같은 질병은 아닌지 걱정도 되긴하는데...

제가 어머니를 위해 해드릴수있는 조치는 없을까요? 원시도 퇴행성질환중 하나라면 항산화제 등으로 완화시킬수있을지 모르겠네요",C2,C5,tri_llm_consensus
T-0065,2010,"안과, #안과한의원, #황반변성, #지식인카드, #지식인카드답변, #플레이스URL, #황반변성, #황반변성자가진단, #지식인카드, #지식인카드답변, #플레이스URL, #황반변성치료, #황반변성원인, #동영상답변, #지식iN동영상답변, #지식인카드, #지식인카드답변, #플레이스URL, #황반변성, #황반변성증상",황반변성에 대하여 알고 싶어요,"황반변성의 발생원인과 사례, 치료 방법 및 사후관리에 대해 알고 싶어요.",C1,C3,tri_llm_consensus
T-0066,2010,"의료, 상해 보험",황반변성 보험가입,"5년전에 황반변성(건성) 진단을 받았습니다.

지금까지 더 나빠지진 않았고 그대로입니다.

얼마전에 암보험 가입하려고 신청했는데

황반변성이고 정기검진만 6개월에 1번씩 가고 있다고 적었습니다.

근데 결과...

보험 거절 당했습니다.

황반변성(건성)이면 평생보장 암보험 들 수 없는건가요?

글구 실손보험도 가입 안되나요???

속상해요",C7,,tri_llm_consensus
T-0067,2010,안과,황반변성 치료에 관해 고견을 부탁드립니다.,"꼭 부탁드립니다.

저는 황반변성을 앓고 있습니다. 당뇨나 혈압은 없습니다.

5년전인 2006년도에 발병하여 두번의 레이져 수술을 하였고 망막박리 레이져도 맞았습니다.

그러다가 올해 다시 발병하였습니다.

그래서 이번에는 레이져 수술을 받지 않고 아바스틴이라는 주사를 맞았습니다.

처음에는 맞고  효과가 좋았습니다.

두번째는 주사를 맞을 때 갑자기 눈앞이 깜깜해지더군요. 간호사님 말로는 주사를 맞으면서 피가 난것이라고 하더군요.

그런데 두번째 주사를 맞고나서는 그다지 효과가 없어요,

해당되는 눈은 눈을 감아도 햇빛을 오래 봤을때 보이는 빛의 잔상이 동그랗게 보입니다.

그리고 그 동그란 부분은 아무것도 보이지 않습니다. 예를 들어 자동차 번호판이 99 가 1234 인 경우 '가'와

'1'이 보이지 않습니다.

다니는 병원에 이야기를 해도 교수님은 신경성이라고 하십니다.

원래 그런건데 제가 민감해져서 이제야 깨달았다고 하시는데

절대! 아니거든요.

차라리 주사를 한번 더 맞아야하는지... 주사도 맞을 필요 없다고는 하시는데...

걱정입니다.

저는 지방에 살고 있고 여기에서 다니는 병원과 제가 맞지 않ㅎ는다면 서울로 가서 치료를 해야겠지요.

정라하겠습니다,

1. 눈을 감아도 보이는 빛의 잔상은 혹시 주사의 부작용인가요?

2. 아니면 혹시 다른 병인가요? 다시 또 망막이 찢어진 것인지... 의사선생님은 그것도 아니라고 하셨는데..

3. 도대체 제가 어떻게 해야할까요...........",C9,C4;C3,tri_llm_consensus
T-0068,2010,안과,저희 아버지가 황반변성으로 진단을 받았는데 어떤 대책이 있는지 궁금합니다,"약 1년전에 저희아버지가 일어나고 보니 한쪽눈의 시력을 대폭 상실한것을 알고 병원에 가셨습니다.

병원에서는 황반변성으로 진단을 내렸고 치료를 시작하였으나 아버지가 한국에 들어오셔야 되셔서(저희집은 이민자 가족입니다) 한국에서 치료를 하기로 하고 한국에서 래이져 치료를 하셨습니다. 그 래이져 치료는 더이상의 시력저하를 막기위한 신경을 죽이는 치료였습니다. 그러나 미국에 와서 의사를 보니까 그 신경을 죽이는 치료때문에 시력을 살리는게 불가능하다고 했습니다. 그 의사는 자신이였으면 신경을 죽이는 시술은 하지 않겠다고 하더군요. 혹시 여기서 다른 할수있는 방법이있는지 궁금합니다. 눈이식이라던가 모든 방법을 총동원해서라도 저희 아버지의 시력을 되돌렸스면 좋겠습니다. 저희 아버지는 53세 이시고 황반변성을 진단받으시고 담배를 끊으셨습니다. 술을 좋아사셔서 2틀에 한번꼴로 술을 하십니다. 감사합니다.",C3,,tri_llm_consensus
T-0069,2010,산업재해보상보험,산재치료 3년이 지났으며 이번 8월에 요양연장신청을.....,"아버지께서 산재치료 3년이 지났으며 이번 8월에 요양연장신청을 해야되는 상황입니다.

기질성 정신장애, 노출성각막염, 눈꺼풀겉말림, 하안검이완증, 황반변성, 부정교합, 치아정출,

뇌기종, 좌측측두골 골절, 급성 경막상 출혈 등으로 산재를 받고 있습니다.

질문사항은

요양개시 후 요양기간의 단절없이 2년이 경과되었거나....에서 상병보상연금을 청구하라고

되어있습니다.

아버지와 같은 경우에 상병보상연금을 청구해야되는 것인지 아니면 공단에서 연락이 올 때까지

기다리는 것이 좋은지 알고싶습니다..",C7,,tri_llm_consensus
T-0070,2010,안과,황반변성이란 무엇이며 어떻게 치료해야 하나요?,,C1,C3,tri_llm_consensus
T-0071,2010,안과,아버지의 눈떨림증상,"안녕하세요

저희 아버지가 요즘 눈떨림 증상이 있어서요

저 위에 추가 정보는 아버지껄로 맞춘거구요

왼쪽 얼굴 눈과,눈꺼풀 볼 아래..이렇게 떨림이 있다고 합니다

소화는 잘되고요... 피로 회복같은거는 잘 안된다고 하네요

저도 가끔 숨을 많이 참으면 그렇거든요..(저는 숨 참을때만 그렇고 아버지는 숨 쉬실떄도 그렇다네요)

제가 조심성이 많아서요....

왼쪽 눈 왼쪽눈꺼풀 왼쪽 볼 아래쪽 눈 떨릴떄 이렇게 같이 떨린다고 합니다

그렇게 세지는 않고 약간 세다고 하네요 떨림 증상이

괜찮은지 안괜찮은지 알려주세요

아.. 그리고 우리 아버지가 황반변성인가?? 그것도 최근에 생기셨어요",C2,,tri_llm_consensus
T-0072,2010,안과,황반변성은 초기 진단을 어떻게 하나요?,"한쪽눈만 일그러져 보이고 뚜렷이 잘 안보이는데요

전 난시가 심해 그러려니 했는데 그렇게 한 5년 정도 된 것 같구요 근데 최근데 어 심해졌네요 일그러짐이 ..

비문증이 있어 적어도 1년에 한번은 안과에 들러 산동 검사(눈동자 키워서 망막 검사하는 것)를 하는데요

황반 변성의 경우 산동 검사 만으로 1차 검진이 가능한 질병인가요?아니면 망막 촬영이나 조영술까지 해야 발견이 가능한건가요?

산동 + 현미경 검사로 발견가능한 질병이라면 의사 선생님이 몰랐을 리는 없으니 안심이고

그렇지 않다면 제 눈 좀 걱정되네요...",C2,,tri_llm_consensus
T-0073,2010,안과,"종합비타민 섭취에 관해서 질문드립니다,","제가 아니라 저의 아버지에 대해서 라는거 미리 말씀 드리구요.

저의 아버지가 노환으로 황반변성이 있으셔서 기존에 눈영양제를 드시고 계십니다.

눈 영양제 이름이 영일제약에서 나온 메모론-s라는 영양제이고 2캡슐식 먹게 되있지만 그것도 아깝다며

한캡슐식만 드시는것으로 알고 있습니다. 제품 성분표를 보니 비타민A가 다량 들어있는것으로 보이는데

정확한 양은 표시되어있지 않아(지금 보니 한캡슐당2000 I.U)으로 표기되어있는듯 합니다.)

이것과 센트룸 실버(미국직수입)를 함께 먹어도 될런지 또 과잉섭취가 되는게 아닌지 궁금하여 문의드립니

다.",C5,C9,tri_llm_consensus
T-0074,2010,"의료, 상해 보험",보험가입이 안되나요,"전 시각 장애 6급입니다.

황반변성으로인해 우측 눈이 실명되었구 좌측은 정상인데  2006년에 장애 등록하였고

보험을 가입하려구 상담을 받았는데 가입이 안된다구 하네요

양쪽 다 장애면 가입이 가능하고 한쪽만 안좋으면 가입이 안된다구 합니다.

보험가입할수 있는 방법이 없는건지

장애인은 보험 가입이 안된다는건 차별하는거 아닌가요?",C7,,tri_llm_consensus
T-0075,2010,안과,황반변성은 조기에 발견하면 완치가능한가요??,황반변성은 조기에 발견하면 완치가능 하나요???,C3,,tri_llm_consensus
T-0076,2010,안과,자외선에 장시간 노출되면 황반변성이나 백내장걸리는데 그장시간이 어느정도시간인가요,"자외선에 장시간 노출되면 황반변성이나 백내장에 걸리는데

그장시간은 하루에 평균 몇분이 장시간인가요??",C1,,tri_llm_consensus
T-0077,2010,"의료, 상해 보험",루센티스 5번 맞고 나서 더 맞아야 한다는데 보험적용이 안되나요?,"아버지가 79세이시고 올1월말에 황반변성 진단을 받고 루센티스를 5번 맞았습니다.

의사는 상태가 호전이 되었지만 좀더 맞아야 한다고 합니다.

제가 듣기로는 보험적용이 5회까지만 된다고 들었는데 사실인지 알고 싶습니다.

보험적용이 되어서 부담이 덜 되었는데 만약 안된다면 다른 방법이 없는지 궁금합니다.

그리고 지금 다니는 병원은 안과 전문병원인데 워낙 다른 검사 비용도 비싸고 해서 다른 병원을 알아보고 있습니다. 잠실근처나 강남에서 멀지 않은곳에 좋은 병원이 있으면 추천 부탁드립니다.",C7,C4;C8,tri_llm_consensus
T-0078,2010,안과,안과 질환인 황반변성 이 어떤병 입니까,치료가 가능한지 요?  가능하면 완치가 되는지요?,C1,C1,tri_llm_consensus
T-0079,2010,"영양제, 건강보조식품",눈영양제 오큐바이트대신 종근당외 국내제약회사 눈종합영양제복용해도 되는지?,저의 친정엄마가 황반변성으로 인하여 눈에 투여하는 주사를 세번맞으시고 경과는 좋은 편입니다.담당의사 권유로 오큐바이트를 복용하셨는데요 노앤네다보니 영양제구입으로 인한 지출이 과하다 싶으신지 두달만드시고 안사시더라구요  그래서 제가 한번 알아보고싶어서요 국내제약회사 제품중에 오큐바이트대용으로 먹을만한 눈종합영양제를 안과선생님께 소개받고 싶어서 문의드림니다. 안과선생님께서 답변해주시면 감사하겠습니다.,C5,,tri_llm_consensus
T-0080,2010,안과,부산에서 황반변성 치료할수있나요,"전 몇년전부터 당뇨와 혈압약을 먹고 잇습니다

그런대 오늘 안과에서 검사를 받으니 황반변성이라는 진단을 받아서요 이제 초기라고하는데 별다른 치료는 없다고 하면서 알코딘 연질캡슐을 처방해주는군요 . 온라인에서 찾아보니 많이심각하고 이시점에서 치료를 받아야 하다고 생각되어 부산에서 루스텐스 주사요법하는곳이 있는지 알고십네요 전현재 부산에 거주지 입니다 . 의사분 말씀이 자연히 없셔 질수도 있다고 하는군요, 별반 심각하게 생각지 않으셔서  그냥 넘길려고 하니 , 조금는 궁금하여 지식인에서 확인하니 심각하네요

부산에서 주사요법으로 치료할수있는곳 있슴  알려주시기 부탁드립니다.....",C8,C4,tri_llm_consensus
T-0081,2010,안과,황반변성^^,"병원에서 황반변성이라고 하는데요,생소하게 들립니다.

실명할수도 있다고 하는데,치료를 하면, 정말 나을수는 있을까요?

좋은 답변 부탁 드립니다^^",C3,C6,tri_llm_consensus
T-0082,2010,안과,"3년전황반변성,,이번엔오른쪽이..병명을 모른다는..ㅠ","저는 왼쪽눈이 약3년전 황반변성으로인해 pdt시술을 한번받고난뒤  좋아져서  약3년간 지속적인 경과만 봐오던  사람입니다

왼쪽은 괜찮은것같은데..

현재는 오른쪽눈이 갑자기 이상해 다시 병원을 찾앗는데요..

아시다시피 눈이 얼마나 중요한 기관인지 깨닫지 못하고 살다가 이런병이오면 뼈져리게 느끼게 되더라구요..  이번에는 황반변성과는 다른 유형이라 여러가지 검사와 마지막으로 시신경염까지 의심해 어제 형광 안저촬영까지 햇는데요...

교수님도 oct(망막단층촬영)로 나와야하는데 전혀이상이 없고해서 그러나 시야는 안보이거-정확히말하면 오른족눈이 제가보려는 초점의 중간부분이 쭉 ㅡ길게안보입니다,그리고 그아래쪽까지 영향이잇구요..ㅠ ..쨋든 그러하여 이름은 모르겟으나 불빛이번쩍거리면 버튼을 눌러 시야의 이상을 체크하는기계가잇습니다 ㅡ그걸하니,이상하다고 하시더군요.. 그후 시신경에 이상을 의심하여 약을 처방받아먹고 6일후 ,어제 -갓으나 약이 큰효과가없어 형광안저촬영까지 햇습니다.

그,후 결과는,,,오른쪽눈의 시신경에 아주 미세한흔적,(왼쪽은 pdt로인해 흉터가있음 크게 )이있지만 이걸로는 자각할정도가 되지못한다고하심...그러면서 시신경에도 크게 문제가 없다고하시는데요...결국 mri까지 찍어봐얄수도 잇다고 하십니다

또다시 일주일치의 약을주시고 ㅡ제가 그약먹어도 큰효과가없더리고햇지만  어쩔수없답니다 약이 이것밖엔 없다고하시면서 ㅠ ㅡ

현재는 서울대학병원에 유현곤교수님꼐 예약을해놓은 상태이나 11월4일까지라서 너무 오래기다려야하구요...전 당장 일을 해서 치료비라도벌어야하는 상황인데.. 너무 힘듭니다..

호기시 이망막쪽으루 또는 망막이아니라 따른곳의이상으루 이럴수두잇나요??

여러병원 교수님들,,,답좀부탁드릴께여...ㅠㅠ",C2,C6,tri_llm_consensus
T-0083,2010,"안과, #황반변성에좋은음식, #눈건강관리, #지식인카드, #지식인카드답변, #플레이스URL, #황반변성, #황반변성치료, #황반변성한의원, #황반변성증상, #동영상답변, #지식iN동영상답변, #지식인카드, #지식인카드답변, #플레이스URL, #눈건강, #황반변성, #지식인카드, #지식인카드답변, #플레이스URL",황반변성 지금 걸리지안았으면 지금부터 눈관리잘하면 황반변성안걸리죠??,"제가 질문하는것에대해 답변 해주시면 감사하겠습니다

질문: 제가 지금황반변성걸리지안았으면 지금부터라도 눈관리잘하면 황반변성 올확률없죠??",C5,C1,tri_llm_consensus
T-0084,2010,안과,국소맥락망막염증과 황반변성은 의학적으로 어떤 연관성이 있나요?,"저희 아버지가 이번에 검진상 눈에 이상이 있다고 하여 정밀검사결과 황반변성으로 진단받으셨는데,

1년전에 국소맥락망망염증으로 치료를 하신적이 있다고 하시네요.

병명이 참 어려워서 두병명이 어떤 연관성이있는지 궁금하네요",C1,,tri_llm_consensus
T-0085,2010,"의약외품, #황반변성관리, #안과한의원, #지식인카드, #지식인카드답변, #플레이스URL, #안구건조증, #황반변성예방, #동영상답변, #지식iN동영상답변, #지식인카드, #지식인카드답변, #플레이스URL",황반변성/눈에좋은 비타민,"제가 황반변성에

눈이 굉장히 약하거든요,,

시력도 많이안좋고해서

피곤함도 쉽게 느끼고 금새 지치는데요

비타민을 먹으면 좋다고 하더라구요

일반사람보다 더많은양의 바타민을 섭취해야한다고하는데요

피로감과 눈에 영양을 줄수잇는 고농축 천영영양제좀 추천해주세요

우리나라것보다 외국게 좋다고하는데

그냥만들어진 제품말구여,,정말 인증된 좋은영양제좀추천해주세요

사이트랑,,,제게 필요한것들좀 알려주시면

정말정말 감사하겠습니다!",C5,,tri_llm_consensus
T-0086,2011,안과,황반변성시 시력 회복,"황반변성이란 진단을 받았습니다. 진단전 증상은 전체적으로 시야가 오른쪽이 좀 어두워 보이고 물체가 작고, 굴절되어 보였습니다. 아바스틴 주사 1회가 끝난 상태인 지금은 굴절 정도는 있지만 처음 보단 개선되었음을 느낌니다만, 물체가 작아보이고, 전체적으로 약간 어두워 보이는 현상은 그대로 있습니다. 물론 시력저하도 0.2정도 정상 안과 차이가 있습니다. 계속 주사 시술은 받으면 시력 저하가 좀 더 개선 될수 있는 것인지요?  주사 시술이란게 황반의 신생혈관생성을 막고, 부종을 가라 앉힌다고 들었는데 부종이 가라 앉으면 정상 시력으로 복원이 되는것 아닌가요?

궁금 합니다. 눈이 보배라 했는데 눈에 시력 상실까지 할 수 있는 난치병이 왔으니 당연히 우울하지요..",C4,C6,tri_llm_consensus
T-0087,2011,"안과, #황반변성, #눈건강관리법, #지식인카드, #지식인카드답변, #플레이스URL, #황반변성, #안구질환, #지식인카드, #지식인카드답변, #플레이스URL, #황반변성, #황반변성치료, #황반변성, #황반변성원인, #동영상답변, #지식iN동영상답변, #지식인카드, #지식인카드답변, #플레이스URL",황반변성에 대해 알려주세요,"황반변성이 생기는 원인, 증상, 결과 (자세하게요^^;)

그리고 젊은 나이에 발병할 수 있는지,

어떠한 병인지, 진행이 빠른지 느린지,

선천적으로 발병하는건지 후천적으로 발병하는건지

확실한 정보 부탁드려요^^;",C1,,tri_llm_consensus
T-0088,2011,안과,황반변성에대해서요,"루센티스주사 2~3회맞고

눈이 호전됐는데 주사를 계속맞아야하나요?

주사를맞기전보다 눈이 좋아졌는데

안맞으면 또 악화 되는건지 치료가 된건지좀알려주세요",C4,C6,tri_llm_consensus
T-0089,2011,국민건강보험,산정특례등록,"어머님의 황반변성으로 신청을 했었습니다 의사선생님께서 적용이 안돼서 우선은 10%로만 병원비를

내지만 나머지를 다시 더 내야될수도있다고하셨습니다

그런데  1577-1000에서 산정특례등록처리가 완료되었습니다 등록번호는**********입니다 국민건강보험공단 이렇게 문자가왔어요

문자가오면 해당이 된다는건가요 아니면 등록만 되었다는건가요?",C7,,tri_llm_consensus
T-0090,2011,안과,황반변성 안구교환(안구기증)시 치료 가능여부 문의,"안과 의사 분들의 답변을 부탁 드립니다.

안녕하세요. 34살의 남성입니다. 저의 형이 (36살) 황반변성으로 시력이 급격히 나빠지고 있으며 병원에서는 치료가 어렵다고 합니다.

저의 형은 항공사에서 조종사로 근무하고 있어 눈이 절대적으로 상태가 양호하여야 하는데 이런 일이 있어 직장에서 어려움이 있는 듯 합니다.

저는 현재 양안 시력 2.0으로 양호하여 만일 가능하다면 저의 안구를 형에게 기증하고 싶습니다.

친형제 지간이므로 가능 할 것도 같고 눈이라는 것이 세밀하여 안될 것도 같은데요.

만일 가능하다면 어느 병원이 치료를 전무적으로 하는지 알려 주시면 많은 도움이 되겠습니다.

저의 글을 읽어 주셔서 감사합니다.",C3,C8,review_pool_R1_v5b
T-0091,2011,안과,황반변성에 대하여 자세히 설명부탁드려요.,우측눈에 황반변성 이라는 안질환에 대하여 질문디립니다.황반변성은 외발병하는지. 또한 그대로 방치하면 어떻게 되는지 자세히 알려주세요. 치료받으면 완치될수있나요 희귀 난치병이라던데 대학병원 안과 교수님 은 주사를 맞아야 된다하여  예약은 해두었는데 시술은 수술실에서 한다니  어떻게 진행되는지 불안 하네요 몃번이나 맞아여 하는지도 알려주세요.지금은 오른쪽눈만 증상이 있는데 왼쪽눈도 그럴가능성이 있나요.있다면 그확률는 어느정도 일까요.,C1,C4;C2,tri_llm_consensus
T-0092,2011,"건강상담, #황반변성, #눈건강관리, #지식인카드, #지식인카드답변, #플레이스URL, #황반변성, #황반변성치료, #동영상답변, #지식iN동영상답변, #지식인카드, #지식인카드답변, #플레이스URL, #황반변성, #황반변성에좋은음식, #지식인카드, #지식인카드답변, #플레이스URL, #황반변성, #황반변성증상",황반변성 ...치료법??...황반변성에 좋은음식?약 치료제 ?...........,"황반변성 ...치료법??...황반변성에 좋은음식?약 치료제 ?...........

알고싶네요 ...

고혈압이나 당뇨병있는 사람들이 많이 걸린다는데 ... 황반변성에 대해서 궁금합니다..

치료법이라든지 ..

이런게 개발이됐을까요 ..

노인...들이 걸리기 쉬운건데 젊은 사람도 걸리나요 ..

황반변성에 진짜 좋은음식 ..이나 약같은거 황반변성치료제같은건 있는지 궁금합니다 ...

꼭 좋은답변 기대해봅니다...

정말 필요하거든요 ............

도움될만한 답변 좀 주세요 .....제일은 아니지만 실명도한다는데 너무 걱정이 됩니다 환반변성 정보좀 ...

주세요 ..",C3,C5;C1,tri_llm_consensus
T-0093,2011,안과,녹내장이랑 황반변성때문에요 질문드립니다..,"저희어머니가..

백내장도 있으시고 녹내장과 황반변성이 있으신데요..

병원가니깐 백내장은 머 시력이 좋으셔서 약만 처방받았구요..

녹내장과 황반변성이 의심된다면서 정밀검사를 하자고 해서 예약을 잡아놨는데요..

의심된다하면.. 녹내장이고 황반변성이 확실하게 온겁니까?

이게 초기인지 중기인지 말기인지.. 기본검사만 해봐도 알수있는거 아닌가요?

왜 정밀 검사를 하는지 궁금합니다..

시력이 상실된다던가.. 그렇게 되지는 않나요?

많이 걱정이 됩니다..

녹내장도 황반변성도 저로써는.. 잘 모르겠는 질병이라..

많이.. 겁도나고.. 저희어머니는 울고만 계시구요.. ㅠㅠ

머 어떻게 해야할지..

정밀검사를 하게되면.. 녹내장이랑 황반변성도 나뉘는 병명같은게 있습니까?",C2,C6,tri_llm_consensus
T-0094,2011,장애인복지,[내공10] 왼쪽 황반병성인데 장애등록가능하나요?,"아버지가 4월쯤 왼쪽눈에 황반변성이 와서 안보입니다.

현재 오른쪽은 난시만 있는상태라 괜찮습니다만..

질문..

1. 한쪽눈 안보이는거 가지고 장애 등록이 가능한지 궁금합니다.

2. 가능하다면 몇급이 나올까요?

3. 황반변성은 결국은 양눈 모두 온다고 하던데 양쪽눈이 황반변성이면 장애등급이 달라 지나요?",C7,C6,tri_llm_consensus
T-0095,2011,안과,황반변성 실명후 조금이라도 회복이 가능한가요,"할머니께서 고혈압있으시구요

황반변성 진단받으신후 안과에서 주사 맞으신후에 이틀인가 뒤에 출혈로 한쪽눈이 실명하셨습니다.

현재 눈안에 무언가 넣는 수술을 하셨는데 정확한 명칭은 모르겠구요~

한 8개월지났는데 정기검진 하러가셔서 반대쪽에도 초기단계 황반변성

진단이 나와서 주사 한번 맞구요~

그다음 정기검진일에 갔는데 반대쪽 눈에서도 출혈이 보인다고하여 지금 엄청 불안해 하십니다.

현재는 일주일정도 지켜보자하여 걱정하시며 기다리고 계시는데

저도 답답한 마음에 글 남겨요!

보통 보면은 시력회복은 안되구 나머지 눈정도 늦추는 정도라 하는데

ㅠㅠ출혈이 이미 시작됨 막을순 없는건지요ㅠㅠ

답변 부탁드립니다.ㅠㅠ",C6,C4,tri_llm_consensus
T-0096,2011,"산업 안전, 재해",황반변성을 산업재해로 인정 받을 수 있을까요? 또 치료 방법도 알고 싶어요.,"햇빛 강한 아프리카에서 7년간 일한 남편의 눈이 황반변성이라고 합니다.

오른쪽 눈이 실명될 위기에 있는데요 원인이 과로 스트레서 강한 자외선이라고 하던데

맞는지요? 혹시 산재 혜댁이나 직업병으로 인정 받을수 있을까요?

치료 방법은 있는지 궁금합니다

속 시원한 답변 부탁 드립니다.",C7,C1;C3,tri_llm_consensus
T-0097,2011,안과,황반변성에서 조심 해야 할것,"건강검진과 정밀 검사에서 황반변성 이라 합니다.

건성 이라 아직은 괸찬다고 하는데, 이 원인이 혹 컴퓨터 사용 시간과 관련이 있는지요

하루에 컴을 많이 보는 편입니다. 그리고 혹 라식 수술과도???

습성으로 되지 않기 위해서 어떤 점을 조심 해야 하는지요",C5,C1,tri_llm_consensus
T-0098,2011,안과,황반변성에 대해서 알려주세요 호전되는 방법좀요,"남자친구가 황반변성입니다.

제가 걱정할까봐 말도 잘 안해서 자세히 묻기도 그렇고..

제가 아는건 왼쪽눈만 그렇고 찌그러져서 보인다하고 일부분이 안보인다고 하더라구요.

이정도면 진행상태가 어느정돈지 궁금해요.

다른쪽눈으로 전이될 수 있는 가능성이 있나요? 있다면 어느정도인가요?

검색을 좀 해봤는데 완치가 불가능하다고 그러더라구요 정말 그런가요..

실명가능성은 어느정도 인가요?

술은 요즘들어 안마시고 담배는 끊게할건데..음식조절은 어떤식으로 해야하는지 자세히 알려주시면

너무 감사하겠습니다. 또 치료에 좋은 음식도 알려주세요.

너무 걱정이 됩니다..",C6,C5;C3,review_pool_R1_v5b
T-0099,2011,손해배상,황반변성이라는데...안녕하세요?저희 어머니는 59세이십니다. 1년 전부터 시력이 나빠지고 흐릿해서 만과에 갔습니다. 의사가 녹내장 소견이,"안녕하세요?

저희 어머니는 59세이십니다. 작년부터 시력이 나빠지고 앞이 흐릿하다시며 안과를 찾으셨습니다.

의사는 녹내장소견이 보이고 이건 많이 나빠지면 수술하는것 말고는 별치료가 없다고 했습니다.올초에도 눈이 않좋다고 갔는데 같은말만...

급기야 한쪽눈이 가운데가 까맣게 앞이 안 보이셔서 대학병원을 가니까 황반변성이고 녹내장은 없다고 합니다.

황반변성이 까맣게 안보이는건 말기라고 합니다.

잘못하면 실명이 될 수도 있다고 하는데 여러번의 의사의 오진으로 인해 초기에 발견하지 못한점에 대해 소송을 하고 싶습니다.

이럴땐 어떻게 하면 되나요? 실명이라니 억장이 무너집니다.",C7,C6,tri_llm_consensus
T-0100,2011,안과,황반변성질문입니다..,"황반변성으로 검사및 치료를 받아야합니다.

황반변성쪽으로 유명한 선생님과 시설이 잘되있는 곳으로 추천바랍니다.

대학병원으로 서울경기쪽으로 추천바랍니다.

그리고 황반변성이 완치?가 되는지요?

듣기로는 완치는 안되고  상태유지차원에서 치료한다는데요.

약물부작용도 심하다고 그러고  치료를 받게 되면 무슨치료를 받는지 알고싶군요.",C8,C3,tri_llm_consensus
T-0101,2011,장애인복지,시각 장애진단서 발급 받으려고 하는데,"제가 양쪽눈 황반변성으로 양쪽 시력이 0.1 나옵니다.

시각장애신청을 할려고 하는데 동사무소에서 장애진단서 띠오라고 합니다.

예전에 검사 받았던 삼성서울병원을 갔더니 12월이나 되야 진료 예약이 된다고 하는군요

3달 넘게 기다려 진단을 띠야 한다니 ....ㅜㅜ

꼭 대학병원에 가서 장애진단서받아야 하나요?

아니면 개인 병원도 가능한가요?

검진비도 지원을 해준다는데 100프로 다해주나요?

빨리 검사받고 진단서 받을 수 있는곳 있으면 좀 알려주세요",C7,C2,tri_llm_consensus
T-0102,2011,안과,황반변성에 대하여~!,"문의 드립니다.

저희 장모님께서 황반변성이라는 병에 걸렸습니다.

인터넷에 건색을 해보니 노인병이라고 하던데 지금은 딱히 치료하는 약이 없다고 하던데 자식된 입장에서 조금이라도 도움이 되고자 치료 보조제를 알고십습니다.

좋은 치료 보조제좀 알려주세요~!",C5,C3,tri_llm_consensus
T-0103,2011,안과,망막 쪽에 유명하신 의사분이나 병원 추천해주세요.,"제가 황반변성이라는 병에 걸렸는데

동네 개인 병원에서 수술을 권하는데

너무 걱정이 되어서 큰 병원에서 해야될 것 같습니다.

망막 쪽에 유명하신 의사분이나 병원이 있으면 추천해주세요

경기나 서울쪽으로 부탁드려요.",C8,C3,tri_llm_consensus
T-0104,2011,안과,눈이 이상해요.,"사물을 볼때 네온사인(형광등)처럼 깜박깜박 거리는 부근에, 잘 안보이는 증상 그러다가

점점 위치(네온사인)이가 달라지면서 정상으로 되돌아 오는 현상인데;; 어떤 증상일까요??

치료는 어떻게 하죠?

안과가서 상담을 해야되나요?

제발 알려주세요..사물을 볼때 네온사인(형광등)처럼 깜박깜박 거리는 부근에, 잘 안보이는 증상 그러다가

점점 위치(네온사인)이가 달라지면서 정상으로 되돌아 오는 현상인데;; 어떤 증상일까요??

치료는 어떻게 하죠?

안과가서 상담을 해야되나요?

제발 알려주세요..

황반변성??인가요?",C2,,review_pool_R1_v5b
T-0105,2011,안과,황반변성 치료,"저희 아버지 연세가 76세인데 올봄에 황반변성 판정 받으시고 주사요법을 몇번 시행했습니다.

그런데 나아지지 않고 물이 찬다고 하시면서 레이져 치료를 다시 하자고 한답니다.

이렇게 치료하면 나아질까요?제가 직접 의사선생님께 들은게 아니라 더 자세히 질문할 수 없지만 순서가 이게 맞는건지요?

레이져 치료의 단점을 보완해서 주사요법을 하는걸로 알고 있었는데요.

멀리 있어 병원에 같이 가볼수 없어서 지식인에 문의합니다.",C3,C4,tri_llm_consensus
T-0106,2011,"안과, #황반변성치료, #안과한의원, #지식인카드, #지식인카드답변, #플레이스URL, #황반변성, #황반변성치료, #지식인카드, #지식인카드답변, #플레이스URL, #황반변성치료, #황반변성완치, #동영상답변, #지식iN동영상답변, #지식인카드, #지식인카드답변, #플레이스URL",황반변성에대하여,황반변성은 완치가되는지요,C3,C5,tri_llm_consensus
T-0107,2011,안과,황반변성과 당뇨성 망막증,"황반변성과 당뇨성 망막증의 진단은 어떤 검사로 이루어지는지 궁금합니다.

두 질환 다 산동제를 넣고 망막을 살펴보는 검사만으로 진단이 가능한가요?

아니라면 어떤 검사가 필요한지 답변 부탁드립니다.",C2,,tri_llm_consensus
T-0108,2011,안과,아버지가 눈에 부유물이 떠다신다고 하네요,"아버지가 황반변성의심소견이 있어서

대학병원가서 검사를 받았는 데

망막에 상처가 난거라고 하더라구요  의사선생님이 괜찮으시다고 하더라구요

병원가기 전까지도 자각증상이 없으셨는 데 며칠전부터

눈에 부유물이 떠다닌 다고 하시네요,,

왜 그런걸까요??

황반변성이라 그런 걸수도 있나요???",C2,,tri_llm_consensus
T-0109,2011,안과,황반변성 질문 드립니다,"저희 엄마 67세이시구요

눈에 촛점이 잘안맞는다고 하셔서

이병원 저병원 다니시며  산동검사를 다섯번쯤 하셨어요

마지막으로 간 병원에서 노인성 황반변성 백내장이라 확진 받았는데요

대학병원으로 가시라고 하는데

저희 엄마는 어려서부터 고도근시였구 지금 황반변성를 앓고 있는눈에

시력이 0.1도 나오지 않는다고 선생님이 그러시더군요

이런 상황에 대학병원을 가시면 또 산동 검사를 하실테고

엄마가 병원만 다녀 오시면  검사받는 것이 너무 힘들고 눈이 더

뿌옇고 아주 불편하시다는데

또 대학병원에 모시고 가야되나요 아님 눈에 좋다는 음식과 약으로

그냥 사셔야 할까요

너무나 속상합니다  어떻게 해야되나요??

꼭 답변좀 해주세요~~",C8,C2;C5,tri_llm_consensus
T-0110,2011,신용카드,마지막질문입니다,"근데 습성 황반변성인지 건성 황반변성인지는

어떤 검사로 알수있는거죠? (산동검사를 또해야하나요)

귀찮게 해드려 죄송합니다~",C2,,tri_llm_consensus
T-0111,2012,안과,황반변성 치료,"저희 아버지가 황반변성에..

시력이 떨어져 안과를 다니다가 안과에서 이거는 큰병원을 가야된다고 하여서

아O대학교 병원에 다니시는데요 ,

이미 오른쪽눈은 시력이 거의 저하 되셧구 실명은 아니구요 , 또 가운데가 흑점?으로 보이는다는 정도도 아니시구요 ,,

그냥 가운데가 U 자 모형으로 가운데가 앞으로 툭 튀어 나온정도라고 하시는데

치료받은지는 몇개월 되셧는데

처음에는 루센티스로 보험처리를 받아서 5번을 하였는데

그 이후로는 보험처리가 안되여서 너무 루센티스는 비싸서 아반티스로 주사를 바꾸고 지금 아반티스 2회를 추가로 받은 상태입니다.

제가 알기론 황반변성치료가 회복은 안되지만 아무리 안좋은상태여도 그 더 이상 최악의 실명상태로는 안가게 해준다는 걸로 아는데요

제가 알기론 4~5번 정도 주사를 하면은 인제 유지가 되어서 떨어지지 않는다고 알고있는데 이게 아닌가요...?

지금 오른쪽눈은 이렇게 치료를 받고 계시고 ,  병원 교수님께서 오른쪽이 오면 왼쪽도 온다고 하여서 검사를 받는데

최근에 왼쪽에도 황반변성이  시작되었다고 하는데 , 하루빨리 치료를 해야되는거 아닌가요..?

왜 왼쪽을 냅두고 오른쪽만 계속 하나요...?

죄송합니다 , 글이 너무 복잡하네요 ,

1. 오른쪽눈을 루센티스 5번 아반티스 2번 을 맞은 상태신데 계속 앞으로도 맞을거 같은데요..

이러면은 언제까지 맞아야 하나요,, 평생 맞아야 하는건가요...?

2. 왼쪽눈에도 마찬가지로 황반변성이 시작 되엇다고 교수님께서 말씀하셧는데 그러면 시작이 되었을때 바로 주사를 투입하여 잡아야 하는거 아닌가요?",C4,C6;C7,tri_llm_consensus
T-0112,2012,안과,전남 광주에서 황반변성 병원,"제 아버님이 안과를 다녀 왔는데 황반변성 일 수 있다며 큰 병원에서 진찰을 받아보라고 하네요.

그래서 광주로 갈까 하는데 (참고로 여긴 여수입니다)...

전남대병원, 조선대병원, 이연안과....

황반변성 분야에서 어느 병원이 전문인지 아시는분 부탁 드립니다.

가진 내공이 얼마없어 조금 드립니다.",C8,,tri_llm_consensus
T-0113,2012,안과,망막변성은 왜?,"하나는 주변부 망막변성  하나는 중심에 있는(황반변성)이라고 써 있네요

황반변성은 주로 노인, 어르신중에서 많이 발견된다고 하던데 젊은 사람도 많은가요?

그리고 어떤 부위에 있는것이 더 위험(실명)한지  위험하면 왜 그런지 알려 주세요

(제가 후자에 속해서 정말 궁금하거든요?)

그리고 망막변성을 본인 모르게 앓을 수 있는건가요?

정말 그 점이 너무 궁금합니다",C1,C6,tri_llm_consensus
T-0114,2012,안과,망막변성엔 2가지가 있다는데,"하나는 주변부 망막변성  하나는 중심에 있는(황반변성)이라고 써 있네요

황반변성은 주로 노인, 어르신중에서 많이 발견된다고 하던데 젊은 사람도 많은가요?

그리고 어떤 부위에 있는것이 더 위험(실명)한지  위험하면 왜 그런지 알려 주세요

(제가 후자에 속해서 정말 궁금하거든요?)

그리고 망막변성을 본인 모르게 앓을 수 있는건가요?

정말 그 점이 너무 궁금합니다",C1,C6,tri_llm_consensus
T-0115,2012,안과,황반변성 테스트  이렇게나오면뭐에요?,"매일 늦게까지 깜깜한 방안에서 핸드폰보고 영화보고 하다가 거의 아침다되서 자고 낮에 일어나고 생활이바꼇어요 .

3일전쯤? 두통이 있었거든요 욱씬거리고 게보린을 먹고 그다음날에도 안사라져서 또먹게됬어요

그날 10시쯤 열도나고 해서 몸살감기약 먹었더니 괜찮아지더라구요

그런데 오늘 새벽에 깼는데 눈이 아픕니다 눈위가 아파서 잠을 못잘정도로아팠어요 피곤해서 다시잠들었는데

피곤해서그런건가요? 안과를 가봐야하나요?

-

아 그저께 Tv 에서 황반변성 이라고 테스트있길래

오늘 인터넷에 올라온 바둑판 사진으로해봤습니다

양쪽눈다 번갈아가면서했는데 두쪽다 정상적으로 바둑판이보이지않구

바둑판에서 갑자기 대각선이 오른쪽 왼쪽 위에서 각 왼쪽 아래로 서로 크로스되서 옆으로 돌린바둑판그리듯

까맣게변하더니만 시야가 잠시 까맣게 변합니다

이렇게  마름모 모양으로 까맣게되다가  한가운데 점 있는곳까지 까많게되서 잠시동안 까맣게되요 그러고 눈깜빡이고 나면 다시 돌아오구요

원래  정상인이라면 저렇게보이나요?",C2,,review_pool_R1_v5b
T-0116,2012,"안과, #황반변성한의원, #황반변성치료, #지식인카드, #지식인카드답변, #플레이스URL, #황반변성치료, #안과질환, #지식인카드, #지식인카드답변, #플레이스URL",황반변성 치료받고싶어요,"황반변성에 대해서 질문드립니다

제가 요근래에 눈에 통증이 있고 침침한거 같습니다

어렸을때부터 컴퓨터로 일을 많이 해서 눈이 안좋아진건가 했는데..

통증까지 있는걸 보니 황반변성인건지.. 잘 모르겠어서요

시야가 흐려지면서 뒤틀려 보이거든요?

군데군데 안보일때도 있는데 황반변성의 증상인가요?

혹시 이 증세를 겪고 계신 분이나

황반변성을 어떻게 치료하고 계신지 궁금합니다

눈에 통증이 보니 너무 무섭고 막막해요

아직 노화가 올 나이는 아닌거 같거든요…

잘 안보이면 안경을 끼거나 렌즈를 낄텐데..

황반변성인 것처럼 눈이 침침한것과 더불어

눈이 아프니까 너무 걱정되요

황반변성에 대해 자세한 답변 부탁드립니다",C2,C3,review_pool_R1_v5b
T-0117,2012,"안과, #황반변성, #눈건강관리, #지식인카드, #지식인카드답변, #플레이스URL, #황반변성, #황반변성증상, #지식인카드, #지식인카드답변, #플레이스URL, #황반변성한의원, #황반변성, #동영상답변, #지식iN동영상답변, #지식인카드, #지식인카드답변, #플레이스URL",황반변성치료 방법,"황반변성으로 병원에서 병명이 나왔는데 건성이라고 하는데

시력도 나뻐지는 것 같고 효과적인 치료반법은 없은지요?",C3,,tri_llm_consensus
T-0118,2012,안과,망막변증인데 어떻게 해야하나요???,"서울 아산병원에서 2000년도 초반에

망막변증이라는 판정을 받았습니다.

당시에 수술하려 했으나 의사선생님이 괜찮다면 넘어가서 약간의 굴골이 있지만 지금껏 잘 살고 있습니다.

최근에 갑자기 눈이 더 침침하고 잘 안보이기 시작하는 것 같네요

거주지를 울산으로 옮겨서 서울로 가서 치료받기는 너무 멀고해서 여기저기 알아보고 있는데요

루센티스 나 아바스틴 이라는 주사로 많이 치료하던데

이 약들은 대부분 황반변성에 해당하는 약인 걸로 아는데

혹시 망막변증에도 같은 효과가 있나요???

그리고 금액적인 차이도 많이 나는지 궁금합니다.

마지막으로 울산에 좋은 안과전문병원 추천도 부탁드립니다.

질문요약

1.루센티스 나 아바스틴 가격차이

2.루센티스 나 아바스틴 망막변증에 사용가능한가요?????

3.울산에 좋은 안과전문병원 추천부탁합니다!",C9,,review_pool_R1_v5b
T-0119,2012,안과,황반변성 아바스틴 주사 맞았는데요,"3월2일 금요일에 황반변성때문에 오른쪽 안구에 아바스틴 주사를 맞았습니다.

그런데 안내염이 생길 염려때문에 걱정되어 죽겠는데요

대체로 몇일정도 지나면 염증범위에서 안전할까요?

그리고 주사맞은지 나흘정도 지난것 같은데 런닝머신이나 줄넘기 같은 운동 해도 괜찮을까요?

또 가장 중요한것인데 렌즈는 언제부터 착용 가능한가요??",C9,C4,tri_llm_consensus
T-0120,2012,안과,장애심사 보류-황반출혈이뭔가요?,"장애등록심사결과가 보류로 났는데요 우안황반출혈이 관찰되니 수술등의 치료후 다시 신청하라는 내용이더라구요 그런데 황반출혈이 뭐죠? 황반변성이란것과같은건가요?

저는 어렸을때부터 눈이 좋지않아서 초등학교시절 사시수술을 한번했었구요 계속 오른쪽눈이 시력이 안좋았어요 안경을 쓰고도 시력판의 맨위의글자도 안보이거든요 왼쪽눈도 안경을 벗으면 안보이고 안경을쓰면 0.7정도까지는 보이는정도예요

또 오른쪽눈엔 눈을 움직을때마다 검은 실처럼 보이는게있긴한데 이거는 몇년전부터 있던거거든요 생활하는데 크게 지장이 있는정도는 아닌거같구요

황반출혈이란것도 수술이 필요할정도로 큰질병인가요?? 아니면 우안의 검은실처럼 떠다니는게 황반출혈이라는걸까요?",C7,C1,tri_llm_consensus
T-0121,2012,"안과, #황반변성, #황반변성에좋은음식, #지식인카드, #지식인카드답변, #플레이스URL, #황반변성, #황반변성증상, #지식인카드, #지식인카드답변, #플레이스URL, #황반변성, #황반변성원인, #동영상답변, #지식iN동영상답변, #지식인카드, #지식인카드답변, #플레이스URL",황반변성의 원인과 증상에 대해서 궁금합니다.,"눈 질환중에 황반변성이라고 있더라구요.

왜 갑자기 제가 황반변성에 질문을 하냐면요.

저희 어머니께서 황반변성 질환을 가지고 계십니다.

점점 나이가 드셔서 다른 곳도 많이 안좋으신데..

눈까지 아프시고,, 제가 너무 걱정입니다.

황반변성이 왜 나타나는 거예요???

그리고 증상이 어떻게 되는건가요??

황반변성이 치료를 하지 않으면 어떻게 되나요???

여러가지가 걱정이 됩니다...

황반변성의 원인과 증상에 대해서 알려주세요.

걱정입니다.

빠른답변 부탁드립니다.",C1,C2;C6,tri_llm_consensus
T-0122,2012,안과,[안과 질문] 어두운 곳에서 밝은 화면을 볼 때 이상한 증상이 있습니다.,"안녕하세요.

평소에 어두운곳에서 빔프로젝트를 이용하여 수업을 하는 경우가 많습니다.

그런데 눈을 깜박일때? 혹은 시선을 바꿀때마다

순간적으로 빨강, 파랑, 초록의 선들이 보입니다.

화면 바탕이 흰색일 때, 그리고 화면이 밝을 수록 더 확연이 드러납니다.

신경이 많이 쓰이고 계속 보고 있으면 어지럽기도 하네요.

안과에 방문했었는데, 처음 듣는 증상이라고 하시더라고요.

이같은 증상을 처음 느낀건 2년전이었고요, 그때는 그저 일시적이려니 생각했고,

한동안 밝은 화면 볼 일이 없어서 잊고 있었는데요

지금도 같은 증상이 있네요.

4년 전쯤 왼쪽 눈에 황반변성이 있었고, 치료는 끝났는데, 혹시 관련이 있는 것인지,

아니면 다른 문제가 있는 것인지, 궁금합니다.

답변 부탁드릴게요~*

감사합니다~*",C2,,tri_llm_consensus
T-0123,2012,안과,"황반변성으로 인한 시각장애, 장애등급을 받을 수 있을까요?","작년에 어릴적부터 눈이 크게 안좋아서 안과를 두군데 갔는데

오른쪽 눈에 황반변성이 있다고 합니다.

(거기다가 시신경이 눌려 있어서 녹내장 의증이 있다고 하여 검사를 엄청나게 받았는데 안압은 높지 않지만 시신경이 눌려있다고 합니다. 원인은....모르겠다고 하네요....)

중심시야가 보이지 않습니다.

그래서 시력측정도 안됩니다.

주변시야가 조금 보이긴 하지만 거의 왼쪽눈으로 살고있다고 해도 과언이 아닙니다.

콘텍트 렌즈와 안경을 쓰고 생활합니다.

1. 장애등급을 받을 수 있는지 궁금합니다.

2. 등급을 받는다면 몇등급을 받을 수 있을까요?

3. 어떠한 절차로 받을 수 있나요? 다시 병원에 가서 진단을 받아야 하나요?

이미 병의 진행은 멈춰있는 것 같고(병원에서 별다른 조취를 안취해줌) 시야장애가 있는데

4. 꼭 치료를 받아야 장애등급을 받을 수 있을까요?",C7,,tri_llm_consensus
T-0124,2012,안과,아버지가 황반변성 때문에 고생하셔요.,"안녕하세요. 저는 20살 대학생입니다.

저희 아버지께서 50대 초반인데요. 황반변성이래요.

나이가 드셔서, 시력이 안좋아 지는건 생각이 드는데요.

황반변성이라는 진단을 받으셔서, 걱정입니다.

제발 알려주세요. 대략적으로 궁금한거 아래에 적었어요

-황반변성 원인이 무엇인가요?

-황반변성 유전적 원인이 있나요?

-황반변성에 좋은음식 무엇이 있어요?

꼭 알려주세요.",C1,C5,tri_llm_consensus
T-0125,2012,"영양제, 건강보조식품",영양제 복용에 대해서,"아빠 엄마가 노안이시구 게다가 아빠는 황반변성과 백내장 수술을 하셨어요

그리고 저는 점점 시력이 안좋아지네요..

보통 비타민A가 눈건강에 좋다고 하는데

보통 멀티비타민에는 비타민 A가 작게는 하루영양기준치 30%~50% 많게는 70% 들어잇더라구요

멀티비타민만 먹어도 눈 건강에 도움이 될까요? 아님 비타민 A 100%를 따로 먹는게 나은가요??",C5,,tri_llm_consensus
T-0126,2012,안과,망막하출렬 판정을 받았는데 장애판정을 받을수 있나요?,"몇년전에  한쪽 눈이 무언가 끼인것 같아서 안과를 찾았더니 황반변성 망막하출혈 이라더군요.

현재 한쪽 눈은 중앙부분이 검게 보이는 등 시력자체에 문제가 있습니다. 이런 경우 장애 신청 및 등록이 가을 한 걸까요?",C7,,tri_llm_consensus
T-0127,2012,안과,황반변성 관련 아바스틴 시술을 받았는데 모르고 담배를 폈습니다.ㅠㅠ,"저번주 화요일날 서울 까지 가서 아바스틴 시술을 받고 한 5일동안 담배를 폈습니다 ㅠㅠ 지금은 아예 담배를 피지도 않구요. 전 주의 사항에 금연,금주라고 되어 있길래 .. 아 그렇구나 하면서도 .. 아무생각 없이 담배를 많이는 아니고 작게 폈는데 .. 눈이 좀 따가워서 검색 해봤더니.... 담배가 가장 치명적이라고 하네요 ㅠㅠ

혹시 담배 몇개피 핀거 때문에 심각하게 나빠지는건 아닌지 궁금합니다 8월말쯤에 검사 하로 다시 서울 올라 가는데 ㅠㅠ 아바스틴 담배 진짜 치명적으로 안좋은지 이제 알았는데 .. 진짜 많이 나빠지는건가요?",C9,C4,tri_llm_consensus
T-0128,2012,안과,황반변성 초기증상과 치료가 어떻게 될까요?,"안녕하세요

.

몇 달 전부터 시력이 좋지 않아서 안과를 가서 시력 테스트를 했는데요

.

시력이 나빠진 것보다 더 안 좋은 소식을 들었습니다

.

제가 황반변성이라는 진단을 받았어요

.

일상생활을 하면서 보이는 시야에 검은 물체가 뿌옇게 보였고

,

물체색이 이상하게 보였습니다

.

이게 황반변성 초기증상이라고 하더라고요

.

지금은 약물로 황반변성을 치료하고 있는데

,,,

다시 재발 할 수 있다고 하더라고요

.

병원에서 수술을 권하지만

,

제가 젊었을 때 라식을 수술을 한적이 있어서

,

수술은 하고 싶지가 않아요

.

황반변성 수술 말고 다른 방법으로 치료하는 방법이 없을까요

?

다음과 같이 질문을 하고 싶어요

.

1)

황반변성 초기증상은 어떻게 되나요

?

2)

수술말고 다른 치료 방법은 없을까요

?

답변 좀 부탁 드려요

.",C3,C2,tri_llm_consensus
T-0129,2012,"영양제, 건강보조식품",황반변성과 항산화제,"한쪽 눈이 황반변성이 왔는데요,

병원에서는 관리 잘 못하면 나머지 한쪽 눈에도 오게 된다고… 평소에 자외선 차단 제대로 해주고 항산화제 잘 먹어주라는데 제가 항산화제는 잘 몰라서요.

어떤 걸 먹어줘야 하는 건지 알고 싶어요.",C5,C6,tri_llm_consensus
T-0130,2012,안과,저희 아버지께서 삼출성황반변성 진단을 받으셨는데요,현재 아버지께서 삼출성황반변성 때문에 티비를 보시거나 운전을하실때 굴곡이 져보이고 한번씩 흐릿하다고 하시는데 많이 전의가 된건가요? 말기 증상은 어떻게 되는지 궁금합니다 도움을 주세요..,C6,C2,tri_llm_consensus
T-0131,2012,"영양제, 건강보조식품",루테인 함유 영양보조제와 비타민제 복용,"어머님의 눈에 대해 문의 드립니다.

몇달전에 왼쪽 눈이 황반변성에 걸렸다는 판정을 받았습니다.

부모님은 물론 가족들도 들어보지 못한 병이어서 모두 당황했는데,

병원에 너무 늦게 와서 시력 회복은 어렵다고 합니다.

이렇게 급작스럽게 찾아와서 짧은 시간에 시력을 잃게될줄 아무도 몰랐습니다.

나중에 찾아보지 드문 병도 아니며 나이드신 분들은 모두 조심해야할 부분이더라구요.

가족들 모두 답답해하고 안타까워하던 중에 (루테인)에 관해 알게 됐습니다.

예방책이나 치료방법은 없다고 하는데 다행이도 루테인 성분이 들어있는 영양보조제가 있어서

나름 도움이 된다고 하더라구요..

그런데, 루테인이 함유된 영양보조제와 항산화제 비타민을 함께 먹어도 될까요?

같은 영양보조제라서 괜찮은건지.

혹시 루테인이 함유된 영양보조제를 복용하는데 주의 사항은 없는지 알고 싶습니다.

부탁드립니다.",C5,C9,tri_llm_consensus
T-0132,2012,안과,황반변성 질문이요,"안녕하세요

아버지가 오늘 황반변성이라는 진단을 받았습니다

듣기로는 시력이 계속 나빠져서 나중에는 실명이 될수있다고 하더라구요

그런데 황막변성이라는 병을 오늘 처음 들어봤고 원인이 뭔지

치료법 조차도 몰릅니다

인터넷에서 알아본 결과 요즘에는 황막변성에 좋은 약들이 많이 나와서

실명까지 가는 경우는 드물다고 하던데 사실인가요?

오늘 아버지께서 병원에서 가서 진단을 받으실때 의사선생님이

치료제라든가 이런건 얘기를 안해주시고 수술얘기만 해주셨다는데

실명을 막기 위해서는 꼭 수술을 해야되는건가요?

아버지께서 황반변성 때문에 시력이 많이 나빠졌는데 시력회복까지는 안바라고

실명을 막는데는 어떤 치료방법들이 있나요?

그리고 마지막으로 황반변성 심각한 질환인가요?",C3,C6;C1,tri_llm_consensus
T-0133,2012,안과,황반변성이 의심됩니다,"일상생활 도중에 갑자기 시야의 중앙이 흐려지면서 부분적으로 맹점처럼 보이지 않습니다.

동시에 약 3~5시간정도 두통이 지속됩니다.

4년전에 샤워후 욕실에서 나왔더니 같은 현상이 있었는데 하루 푹 자고 나니까 정상 시야로 돌아와서 대수롭지 않게 생각했었는데요

근래 한 2주 사이에 4번 정도 같은 현상이 나타났습니다.

일단 현상이 나타나면 쉽게 글을 읽을수 없구요 양쪽이 동시에 나타나는것 같지만 정도의 차이가 있습니다.

가까운 안과를 방문해서 진료를 받아본 결과 그 곳에서는 정확한 원인을 찾을수 없다고 같은 현상이 지속되면 큰 병원에 가서 정밀 검사를 받아보라고 하셨어요

그곳에서는 시력검사, 안압검사, 안구 촬영을 하고 왔습니다.

제 생각이지만 어느쪽에 출혈이 생겨서 부분적으로 혈액공급이 되지 않으면 이렇게 보이지 않고 두통이 생길것 같은데 전문가 분들이 보시기에 어떤지 궁금합니다

정밀 검사를 받아봐야 알수있겠지만 일단 근처 안과에서 받아본 진료로는 어떤 경우를 배제할수 있고 어떤 경우가 의심되는지 궁금하네요

다른곳도 아니고 눈이라서 부모님 걱정하실까봐 말도 못하겠고 불안합니다...",C2,,review_pool_R1_v5b
T-0134,2012,안과,황반변성 치료 잘하는 부산안과 추천 좀 해주세요~,"아는 지인분이 황반변성이라고 동네 안과에서 그랬다고 하는데요

황반변성 치료 잘하는 부산 안과 추천 좀 해주세요~",C8,,tri_llm_consensus
T-0135,2012,생활,황반변성치료방법,"황반변성치료방법 알고싶어요.

치료가 어렵다고 하지말고 그래도 경험자분들이나 주변에서 이런거 경험하신분들

실명까지는 막아야할것같은데

황반변성치료방법으로 좋은거 있으면 꼭 좀 알고싶습니다.

정말 중요한 눈인데 ..

건강이 가장 중요하다는걸 느끼고 있어요 치료법이나 좋은것들 조언 좀 해주세요.

허접한답변은 금지합니다.

의사분들 좌절하는말들도 별로 듣고싶지 않네요...

도움되는 답변기다려봅니다.

이상한소리나 헛소리금지입니다.",C3,C6,tri_llm_consensus
T-0136,2012,생활,황반변성에좋은음식,"황반변성에좋은음식은 ?

어떤게 있는지요 도움이 되는 음식이나 식품같은것들을 알고싶어요.

황반변성에 도움되고 좋은건 뭔지 ..알려주시면 감사하겠습니다.

눈을 오래유지시키고 관리할 수 있는 방법도 있으면 알고싶구요.

답답하고 우울하고 그럽니다.

정말로 도움되는것 좀 찾고싶어요.

운동도 요즘은 꾸준히하는데 진작 몸관리를 할껄 그랬나 하는 생각도 듭니다.

황반변성있으신분이나 주변에서 경험해보신분들있으신분들 답변좀..",C5,,tri_llm_consensus
T-0137,2012,생활,황반변성치료법이 필요..,"황반변성치료법이 필요합니다.

제가 안과에서 환반변성이라고 하더라구요 그래서 ..약먹고

삼개월후에 다시오라고하는데

심하다고 하면서..

이거 약먹으면 좋아지는게 아닌가요

실명할수도있는건가해서 무섭습니다ㅜ.ㅜ

눈관리를 해야겠다 생각하는데 병원다니는거 말고 황반변성을 경험해보시거나 ..

주변에서 보신분들은 ..조언 좀 해주세요 황반변성 치료법이 필요합니다 정말루요 ..

좋은것 좀 가르쳐주세요.",C3,C5;C6,tri_llm_consensus
T-0138,2012,"영양제, 건강보조식품",비타민 영양제 질문입니다.,"안녕하세요.

작년부터 눈이 않좋아(황반변성,녹내장의심,망막박리증) 영양제로 루테인이 포함된 영양제를 복용중에 있습니다. 그러던 중... 베타카로틴이 흡연자에게 않좋다는 보도자료나 글들을 읽고 요즘들어 가뜩이나 쇠약해진 몸과 마음에 또다른 증상이 발현 되지나 않을까...하고 복용중인 눈영양제를 중단하고 베타키로틴 성분이 없는 눈영양제를 새로 구입하여 복용중에 있습니다.

그런데 한가지 의구심이 드는건 베타카로틴이나 비타민A나 체내에서 같은 작용을 하는거 같은데 이번에 새로 구입한 영양제에는 비타민A가 370UG 정도 함유되 있습니다.

비록 베타카로틴은 아닐지라도 비타민A 370UG 정도면 이걸 그냥 복용해도 될런지요....

물론 담배를 끊는게 가장 안전한건 알겠습니다만, 이런 저런 스트래스와 몸이 않좋아 운동도 못하고 치아가 나빠 음식물 섭취도 불편한 저에게 담배까지 끊는건 너무도 어려운 상황이라 이렇게 질문 드리는겁니다.

사실..몇년전 스트래스를 극단적으로 한번에 받아버려서 그이후 치아가 망가지더니 이후엔 대퇴골무혈성괴사와 황반변성까지 이르렀고 요즘은 탈모까지 와서 사는게 사는게 아닙니다....

이런 상황까지 이르다 보니 이전엔 입도 않대던 비타민이나 한방 건강차도 마시고 실제로 몸이 망가진 현재의 제 모습에 겁이 덜컥 나서 영양제라도 복용하며 조금이나마 건강을 챙기려고 합니다.

저같은 흡연자에겐 베타카로틴 0.42mg이나 비타민a 370ug는 해로운 정도인가요?

위에 말씀 드렸다시피 베타카로틴이나 비타민a,비타민e가 함유된 영양제와 비타민b군으로 이뤄진 삐콤정,그리고 칼슘제(비타민d3함유)를 복용합니다.

이렇게 복용해도 별 문제가 없을까요?

이전엔 7~8년간 등산과 헬스로 몸을 다졌고 햇볕을 쪼이는 시간도 많아서 비타민d와 칼슘의 걱정은 덜 하고 지냈는데 몸이 아프고서 부터는 운동을 전혀 못하고 특히 걷는게 어려워서 집에서만 지냅니다.

그러던 와중 황반변성도 앓게 되다보니 이렇게 영양제를 찾게 되네요....

간추려서 요약하면, 비타민a 370ug , 베타카로틴 0.42mg , 비타민b영양제 , 비타민d3가 함유된 칼슘제를 같이 복용해도 될까요?",C9,C5,tri_llm_consensus
T-0139,2012,가정의학과,비타민 영양제에 관련하여 질문드립니다.,"안녕하세요.

작년부터 눈이 않좋아(황반변성,녹내장의심,망막박리증) 영양제로 루테인이 포함된 영양제를 복용중에 있습니다. 그러던 중... 베타카로틴이 흡연자에게 않좋다는 보도자료나 글들을 읽고 요즘들어 가뜩이나 쇠약해진 몸과 마음에 또다른 증상이 발현 되지나 않을까...하고 복용중인 눈영양제를 중단하고 베타키로틴 성분이 없는 눈영양제를 새로 구입하여 복용중에 있습니다.

그런데 한가지 의구심이 드는건 베타카로틴이나 비타민A나 체내에서 같은 작용을 하는거 같은데 이번에 새로 구입한 영양제에는 비타민A가 370UG 정도 함유되 있습니다.

비록 베타카로틴은 아닐지라도 비타민A 370UG 정도면 이걸 그냥 복용해도 될런지요....

물론 담배를 끊는게 가장 안전한건 알겠습니다만, 이런 저런 스트래스와 몸이 않좋아 운동도 못하고 치아가 나빠 음식물 섭취도 불편한 저에게 담배까지 끊는건 너무도 어려운 상황이라 이렇게 질문 드리는겁니다.

사실..몇년전 스트래스를 극단적으로 한번에 받아버려서 그이후 치아가 망가지더니 이후엔 대퇴골무혈성괴사와 황반변성까지 이르렀고 요즘은 탈모까지 와서 사는게 사는게 아닙니다....

이런 상황까지 이르다 보니 이전엔 입도 않대던 비타민이나 한방 건강차도 마시고 실제로 몸이 망가진 현재의 제 모습에 겁이 덜컥 나서 영양제라도 복용하며 조금이나마 건강을 챙기려고 합니다.

저같은 흡연자에겐 베타카로틴 0.42mg이나 비타민a 370ug는 해로운 정도인가요?

위에 말씀 드렸다시피 베타카로틴이나 비타민a,비타민e가 함유된 영양제와 비타민b군으로 이뤄진 삐콤정,그리고 칼슘제(비타민d3함유)를 복용합니다.

이렇게 복용해도 별 문제가 없을까요?

이전엔 7~8년간 등산과 헬스로 몸을 다졌고 햇볕을 쪼이는 시간도 많아서 비타민d와 칼슘의 걱정은 덜 하고 지냈는데 몸이 아프고서 부터는 운동을 전혀 못하고 특히 걷는게 어려워서 집에서만 지냅니다.

그러던 와중 황반변성도 앓게 되다보니 이렇게 영양제를 찾게 되네요....

간추려서 요약하면, 비타민a 370ug , 베타카로틴 0.42mg , 비타민b영양제 , 비타민d3가 함유된 칼슘제를 같이 복용해도 될까요?",C9,C5,tri_llm_consensus
T-0140,2012,건강,현미채식과눈의건강,"현미채식이 황반변성을 앓고있는 분들에게도 도움이될까요?

또한 현미채식중 가끔 가족들과외식을하게되면

현미채식의효과는 많이줄어드나요??주1회정도??",C5,,tri_llm_consensus
T-0141,2012,"약 효능, 성분",머쉬론복용중 다른약 같이복용하면 안되나요?,"제가 지금 머쉬론 두달째 복용죽인데요 황반변성이라는 병에 걸려서 타겐을 처방받았어요

이 두약을 같이 먹어도 상관 없는건가요?",C9,,tri_llm_consensus
T-0142,2012,안과,황반변성으로 장애등급받을수 있나요?,"제가 황반변성으로 오른쪽 시야상에 문제가 있고 치료를 1년정도 집중적으로 받고 난뒤로

증세의 큰 변화없지만

오른쪽눈의 미세한 시력저하가 일어나서 발병전보다 약간 시력이 낮아진 상태인데

이걸로 장애등급을 받을수있나요?",C7,,tri_llm_consensus
T-0143,2012,안과,53세 남자 황반변성이라고 진단하시고 한달정도 후에 다시 보자 신경은 상하지않았다고 10년동안 하루 20시간정도 컴작업 약 8년전증세 나타,"53세 남자  술은 가볍게 자주하는 편이고 담배는 하루 1갑정도 (30년째) 건강한 편입니다

40-50세 사이에 10년정도 하루 20시간정도  컴퓨터를 봤습니다

42,3세경에   직선이 가운대만 휘어져보이는게  오래가서 안과를 갔더니 별 이야기를 안하더군요  건조 등등이라고 했던거 같아요

지금은 위와 같은 컴퓨터 작업안한지  3년됐어요

어려서부터 시력이 매우 좋은 편이었는데 노안이 좀 일찍  40대 초반에 왔어요

지금은 다초점렌즈 쓰고 요

몇달전 신체검사를 하는데 안경쓰고 교정시력이 0.4래요  이상하다고 생각 하면서 그냥 지냈어요

그런데 밤에 안방에서 나안으로 티비를 볼수있었는데 1달전부터 흐려지더라구요

그래서 안과를 갔는데

안과에서 엄청난 종합진단후

황반변성 가늘게 금이 나있대요  다행히 신경훼손은 없고  눈 영양제 주시면서 한달정도 지켜보자고 하더군요

더 나빠지는지 그대로인지 경과를 보자고하시고 안경으로 시력교정이 안된다고 하시대요

건성 습성 중 어디에 해당될까요?

치료가 가능하나요?

금연이야기는 안하시던대요?

암슬러 검사를 혼자 해보니 우측눈이 직선이 구불구불해 보이네요",C2,C1;C3,tri_llm_consensus
T-0144,2013,하단동,부산하단근처에 안과수술후 입원할 수 있는 병원이 있나요?,"장모님이 대학병원에서 황반변성수술을 하셨습니다.

대학병원에서는 2-3일안에 퇴원해야 하는데 몸이 약하셔서 집에서 계시기는

불편하실 것 같습니다.

한달 정도 요양을 하셔야 한다는데 부산 하단 근처에 입원할 수 있는 안과병원이

있다면 알려 주시면 고맙겠습니다.

감사합니다.",C8,,tri_llm_consensus
T-0145,2013,안과,황반변성으로 인한 시력저하 장애등급 받을수 있는지?,"저희 친정아버지가 몇년전부터 황반변성으로 시력이 많이 나빠지셧습니다.

그동안은 치료 약도 없고 약도  비싸서 좀 부담이되었는데  이번에 강남성모안센타에서

심층검사를 받으니 황반변성이 맞고 주사를 맞기시작했습니다 양족눈 1회식 맞았는데

아버지말슴이 지금 더안보인다고 하시네요  거기환자들말이 3번식은 맞아야 효과있다하는데

뭐 그건 두고보면 알수있겠죠 그런데  이런경우 어점 실명위기도있는데 이런경우는 장애등급판정을

받을순 있는지  혹시 장애판정받으신분 계심 좀알려주세여",C7,C4,tri_llm_consensus
T-0146,2013,건강,황반변성 머죠?,"황반변성 머죠?

황반이 이상이 생긴다?",C1,,tri_llm_consensus
T-0147,2013,건강,황반변성치료법이 필요합니다~,"황반변성치료법이 필요합니다

제가 안과에서 황반변성이라고 하더라구요 그래서...ㅠㅠ

약먹고 삼개월후에 다시 오라고 하는데..심하다고 하면서..ㅠㅠ

황반변성치료법으로 약먹으면 좋아지는게 아닌가요 ??

실명할수도 있는가 해서 무섭습니다 ㅠㅠ

눈관리를 잘 해야겠다 생각하는데 병원다니는거 말고 보조적으로 치료법으로 도움이 될만한 정보 주세요

황반변성을 경험해보시거나 주변에서 보신분들은 조언 좀 해주세요

황반변성치료법이 필요해요 정말루요 ..ㅠㅠ

좋은것 좀 가르쳐주세요 부탁드립니다 ㅠㅠ

광고성 성의없는 글들 다 신고합니다 ..",C3,C5;C6,tri_llm_consensus
T-0148,2013,안과,안구 중심부 신경 부종,"약 열흘 전부터 왼쪽 눈에 촛점이 맺히는 지점에 동그란 점이 보이기 시작했습니다.

눈을 감으면 태양이나 렌턴 전구 등을 본 후의 잔상과 같은 하얀점으로 보이고,

눈을 뜨면 어둡고 엷은 동그란 그림자가 됩니다.크기는 같죠.

자세히 관찰해보니 눈동자 모양 처럼 생겼고, 겉 테두리는 어둡고 중앙에 밝은 점이 들어있습니다.

시간이 지나면서 약간의 통증이 생기기 시작했구요, 그래서 더 놔두면 안되겠다 싶어서 동네 제법 큰 안과 의원에 내원했습니다. 검사를 여러가지 하고 사진찍고 들여다 보더니, 비문증입니다. 하더군요.

신경의 노폐물등이 탈락되서 먼지 처럼 둥둥 떠다니는 거라며 약먹고 좀 쉬라더군요.

그런데, 제가, 의사에게 제 증상은 둥둥 떠다니는게 아니라,

촛점이 맺히는 지점에 정확히 따라다니는 어두운 점이 보여서,

한쪽은 어둡고 한쪽은 밝아서 책을 보면 글씨가 입체로 보인다.

여기저기 둥둥 떠다니는게 아니다. 라고 했더니,

다시 보자고 하더니, 아..자세히 보니 안구 중심 속에 신경이 많이 부었네요...

과로와 스트레스가 원인이니까 한 달 간 약먹고 편히 쉬세요...

주사 두 대 맞고 약 일주일치 처방받았습니다.

아...의사가 이렇게 신뢰가 안가기는 처음입니다.

안과 질환으로 진료 받은 것도 처음이구요..

그래서 집에와서 동종의 증상을 검색을 해보니,

처음보고 깜짝 놀란, ""황반변성""이라는 질환이 있더군요.

죄다 그걸로 검색이 되고, 블로그 카페 몇개 보니까,

증상이 거의 비슷하게 표현되어 있어서, 덜컥 겁이 납니다.

암슬러 격자 검사에서도 그 어두운 촛점때문에 곡선이 나타납니다.

오늘 진료한 의사는 전혀 그런 얘긴 안하고 약먹고 쉬면 된다고 밖에 안했는데

""자세히 보니 신경이 부었다""는 말에 신뢰감이 바닥으로 떨어졌습니다.

자세히 보지도 않고 대충 진료 하는구나 평소에..환자가 강하게 어필하지 않으면 의사는 ...

평소 환자가 몰린다는 소문 듣고 간 의원이었는데

기분이 좋지 않습니다.

여기까지가 현재 상태입니다.

이 의사를 믿고 한달간 약 먹고 주사 맞고 안약 넣으면 되겠습니까?

종합병원을 가는게 낫겠습니까?

안과 전문의들께 정중히 여쭙고 싶습니다.

답변 부탁드립니다.",C2,C8,review_pool_R1_v5b
T-0149,2013,안과,습성 황반변성에 대해 궁금합니다.,"진정 고치기 힘든 병인지요.

걸렸을때 대처법을 알려주세요.",C3,C6,tri_llm_consensus
T-0150,2013,"건강, #황반변성에좋은음식, #눈질환, #지식인카드, #지식인카드답변, #플레이스URL",황반변성에좋은음식 이나 약 알고싶어요 !,"황반변성에좋은음식 좀 알려주세요

눈이 불편해 죽겟습니다 순간순간 물체전체가 휘어져보이기도 하고 통증도 약간 있구요

불편함 때문에 일을 하기도 힘이들어서 어제 사표냈어요

병원에도 다녀왔는데요 별로 좋아질 기미가 안보여서 집에서 따로 황반변성에좋은음식 이런걸로 몸관리를

해볼려고 해요

뭐가 있을지 ???

집에서 쉽게 관리를 꾸준히 하면 좋아질수 있다고 하더라구요 황반변성!!!

도움이 될만한 정보 좀 주세요

광고글은 신고합니다 하지 마세요 !~!!!

심각하니 진짜 도움이 될만한 황반변성에좋은음식 이나 약 꼭 좀 알려주세요 ~!!!",C5,,tri_llm_consensus
T-0151,2013,"국제분쟁, 국제정세",황반변성이 올까요?,"당뇨가 있는데요.

관리는 잘해서 수치는 잘 나오고 있습니다.

근데 당뇨가 오래되면 눈에도 황반변성이라는 병이 생긴다는 얘기를 해서요!

당뇨가 있는 사람에게 무조건 다 오는건가요?????????

황반변성의 초기증상과 예방방법에 어떤 것이 있을까요,

그리고 검사는 어디서 해볼 수 있을까요..

당뇨가 있으니 너무 신경쓸게 많은데 고민이 많습니다..",C1,C2;C5,tri_llm_consensus
T-0152,2013,"건강식품, 의약외품",현미채식과눈의건강,"현미채식이 황반변성을 앓고있는 분들에게도 도움이될까요?

또한 현미채식중 가끔 가족들과외식을하게되면

현미채식의효과는 많이줄어드나요??주1회정도??",C5,,tri_llm_consensus
T-0153,2013,건강보조기구,현미채식과눈의건강,"현미채식이 황반변성을 앓고있는 분들에게도 도움이될까요?

또한 현미채식중 가끔 가족들과외식을하게되면

현미채식의효과는 많이줄어드나요??주1회정도??",C5,,tri_llm_consensus
T-0154,2013,소화기내과,장상피화생,장상피화생 및 황반변성 진단을 받아 궁금합니다,C9,,tri_llm_consensus
T-0155,2013,"의료기관, 의료인",황반변성 안과추천,"안녕하세요.

근처 병원에서 황반변성 진단을 받고 대학병원으로 가려는 분이 계시는데요.

대학병원 안과중에서 황반변성을 잘 보는 곳이 어디인지요?

말씀들 부탁드립니다.",C8,,tri_llm_consensus
T-0156,2013,안과,"안질환(백내장,녹내장,황반변성,익상편) 중복 발병율","안녕하세요!

저는 선글라스 유통회사에 다니고 있습니다.

그러다 보니 눈건강에 관심이 많은데요... 이번에 자료를 서치하다가

궁금한점이 생겨서 질문 드립니다.

대한민국 국민중 70대 이상 안질환 유병율

백내장 96%, 녹내장, 10%, 황반변성 18%, 익상편 20% 이라는

통계자료가 있었습니다. (2011 국민건강통계)

합을내면 144%가 나오는데요....

여기서 궁금한점은 144%라면 중복 발병이 있다는 예긴데

1. 실제로 중복발병이 생기는지?

2. 중복발병이 생긴다면 4가지 안질환(백내장,녹내장,황반변성,익상편)중

어떤 병들이 중복이 되는지 궁금합니다.

네이버 지식에 찾아보기만 하다가 처음 질문 남깁니다.

소중한 답변 부탁드립니다.. 감사합니다.",C1,,tri_llm_consensus
T-0157,2013,인체건강상식,현미채식과눈의건강,"현미채식이 황반변성을 앓고있는 분들에게도 도움이될까요?

또한 현미채식중 가끔 가족들과외식을하게되면

현미채식의효과는 많이줄어드나요??주1회정도??",C5,,tri_llm_consensus
T-0158,2013,안과,시야의 중심부가 뿌옇게 되어 안보이는 이유,"시야의 중심부가 뿌옇게 되어 안보이는 이유

변시증 [metamorphopsia, Metamorphopsie, 變視症]

중심암점 [central scotoma, Zentralskotom, 中心暗点]

시야의 중심부가 뿌옇게 되어 안보이는 이유가 어떤게 있나요?

황반변성일 경우에는 중심부 시야부터, 시신경이 손상되면 주변부시야부터 좁아져서 터널 시야가 된다고 알고있는데...

황반변성이 아닌 경우에 중심부 시야가 안보이는 이유가 뭐가 있죠?

망막색소변성 이 경우에도 주변부 시야부터 좁아져서 터널 시야가 된다고 나와있는데...",C2,C1,tri_llm_consensus
T-0159,2013,건강,황반변성으로인한 시력장애 ........ 가있는 아버님...,"안구건조증과 황반변성으로 아버님이 힘들어 하세요 ...

병원에서도 포기 했어요 기껏해봐야 안과가면 인공눈물 주는게 다 입니다.

저희 아버님 황반변성 치료를 할 수 있는 도움이 될만한것들 다 알려주세요

날파리증처럼 뭐가 날라다니는것 같기도 하고 눈알이 빠질정도로 건조하고 땅기기도 하다고 하세요 ~

안구건조증은 병이라고 생각도 안하세요 ~이젠 ㅠㅠ

한 5년전 부터 아버님을 괴롭혀와서 그려러니 하시는거죠 ..ㅠㅠ

황반변성때문에 시력장애도 생기셨습니다

안쓰러워 죽겠어요 저러다 실명되시는건 아닌지 걱정이 많이 됩니다

안구건조와 황반변성 때문에 시력장애가 있는 시아버님에게 도움이 될만한것들 알려주세요

광고글은 신고합니다.",C3,C6,tri_llm_consensus
T-0160,2013,건강의료용품,현미채식과눈의건강/,"현미채식이 황반변성을 앓고있는 분들에게도 도움이될까요?

또한 현미채식중 가끔 가족들과외식을하게되면

현미채식의효과는 많이...............",C5,,tri_llm_consensus
T-0161,2013,건강보조기구,현미채식과눈의건강,"퓷ㄹㅇㅎㄹㅇ

현미채식이 황반변성을 앓고있는 분들에게도 도움이될까요?

또한 현미채식중 가끔 가족들과외식을하게되면

현미채식의효과는 많이줄어드나요??주1회정도??

현미채식이 황반변성을 앓고있는 분들에게도 도움이될까요?

또한 현미채식중 가끔 가족들과외식을하게되면

현미채식의효과는 많이줄어드나요??주1회정도??

ㅎㄹㅇㅎㄹㅇ",C5,,tri_llm_consensus
T-0162,2013,생활,황반변성으로 인한 시력저하 장애등급 받을수 있는지?,"저희 친정아버지가 몇년전부터 황반변성으로 시력이 많이 나빠지셧습니다.

그동안은 치료 약도 없고 약도  비싸서 좀 부담이되었는데  이번에 강남성모안센타에서

심층검사를 받으니 황반변성이 맞고 주사를 맞기시작했습니다 양족눈 1회식 맞았는데

아버지말슴이 지금 더안보인다고 하시네요  거기환자들말이 3번식은 맞아야 효과있다하는데

뭐 그건 두고보면 알수있겠죠 그런데  이런경우 어점 실명위기도있는데 이런경우는 장애등급판정을

받을순 있는지  혹시 장애판정받으신분 계심 좀알려주세여

12월7일 병원가는데 함 물어봐야겠어요. 근데 좀 먼저알고싶어 이리 글올립니다.

많은 답변부탁드립니다.",C7,C4,tri_llm_consensus
T-0163,2013,"연애, 결혼",현미채식과눈의건강 .////////,"황반변성을 앓고있는 분들에게도 도움이될까요?

또한 현미채식중 가끔 가족들과외식을하게되면

현미채식의효과는 많이줄어드나요",C5,,tri_llm_consensus
T-0164,2013,"건강식품, 의약외품",현미채식과눈의건강~~~~~~,"이 황반변성을 앓고있는 분들에게도 도움이될까요?

또한 현미채식중 가끔 가족들과외식을하게되면

현미채식의효과는 많이줄어드나요??주1회정도??

XXXXXXXXXXXXXXXX",C5,,tri_llm_consensus
T-0165,2013,건강,사물이 휘어보이는건??,"황반변성_(건성)판전을 받았습니다.

특별한 약은 없고 사물이 휘게 보이거나 이상이 있으면 다시 병원에 들리라는 의사의 무성의한 말만 들었는데요.

그 후 1년이 지난 지금 그때보다 눈이 침침해지는걸 느낍니다.

어느 병원으로 가서 치료해야 하는지요.

한방에서도 치료할 수 있는지. 성실한 답변 듣고싶습니다.

참고로,왼쪽눈만 그런 증상이 있고요,오른쪽눈은 정상입니다.

안경사용안하고 글도 읽고 쓸 수 있습니다.

도움좀주시겠습까요?",C8,C8,tri_llm_consensus
T-0166,2013,안과,황반변성(맹락막신생혈관막)치료중이신데 영양제 복용 문의드립니다.,"안녕하세요.

저희 아버지께서 황반변성(맹락막신생혈관막)이라는 진단을 받으셨습니다.

병원 진찰 결과 왼쪽눈은 이미 많이 진행이되었다고 하고 오른쪽눈은 진행초기라 하시네요.

동네 병원에서 아반티스 2회 주사맞으셨고요...지금은 아산병원으로 옮겨서 치료중이십니다.

인터넷을 찾아보던중 눈 영양제가 있어 사드릴려고하는데 복용해되 되는건지 잘 몰라 이렇게 문의드립니다.

그리고 혹시 황반변성에 좋은 약 있으면 추첨좀 부탁드리겠습니다.

감사합니다.

약명 : Natural Factors, Eye Factors with 2 mg Lutein, 90 Capsules

성분함량 :

Supplement Facts

Serving Size: 1 Capsule

Amount per serving

% Daily Value

Eyebright (Euphrasia officinalis), extract 4:1 (aerial)

100 mg

**

Bilberry (Vaccinium myrtillus) concentrate (fruit)

50 mg

**

Carrot (Daucus carota) powder (root)

25 mg

**

Rutin (Sophora japonica) powder (flower buds)

25 mg

**

Quercetin (Sophora japonica) powder (flower buds)

25 mg

**

Marigold (Tagetes erecta) powder (flowers)

20 mg

**

Elemental Lutein

2 mg

**

Multi Anthocyanidins (cranberry [Vaccinium macrocarpon], blueberry [Vaccinium corymbosum], sweet cherry [Prunus avium])

15 mg

**

** Daily Value not established.

약명 :

Nature's Way, Lutein 20 mg, 60 Softgel

s

성분함량 :

Supplement Facts

Serving Size: 1 Softgel

Servings Per Container: 60

Amount Per Serving

% Daily Value

Lutein Carotenoid from FloraGlo marigold extract (flower)

20 mg

**

Zeaxanthin Carotenoid from FloraGlo marigold extract (flower)

838 mcg

**",C5,C9,tri_llm_consensus
T-0167,2013,여행,황반변성에좋은음식은 알고싶어요,"날씨가 따뜻해지면 눈건강을 챙겨야 한다고 합니다 오랜만에 시골가서 아버지 만났는데 눈이불편해서

운전하시기도 힘드시다고 하시더라구요

그래서 병원모시고 갔더니 황반변성이라고 합니다

황반변성에좋은음식 좀 알려주세요

어떤게 있나요

저희아버지가 황반변성인데 건강식품이라든지 영양제같은걸 드시게 할려고 하거든요

눈불편하신거 조금이라도 해소할수있게 황반변성에좋은음식 좀 가르쳐주시면 감사하겠습니다.

시골에서 혼자 계시다보니 방치해서 더 많이 나빠지신것도 있다고

의사선생님 말씀하셔서 너무나 죄송스러워요

꼭 제가 낳게 해드리고 싶은데 병원치료 말구요 황반변성에좋은음식 알려주시면 보조적으로 드시게끔

할려고 하니 광고나 장난답말고 진실한답원해요",C5,,tri_llm_consensus
T-0168,2013,"사회, 정치",황반변성에좋은음식 치료에 도움이 되는건?,"눈이 불편해 죽겟습니다 순간순간 물체전체가 휘어져보이기도 하고 통증도 약간 있구요

불편함 때문에 일을 하기도 힘이들어서 어제 사표를 냈을정도입니다

황반변성에좋은음식 좀 알려주세요

병원에도 다녀왔는데요 별로 좋아질 기미가 안보여서 집에서 따로 황반변성에좋은음식 이런걸로 몸관리를

해볼려고 해요

뭐가 있을지

집에서 쉽게 관리를 꾸준히 하면 좋아질수 있다고 하더라구요 황반변성 도움이 될만한 정보 좀 주세요

광고글은 신고합니다 하지 마세요

심각하니 진짜 도움이 될만한 황반변성에좋은음식 치료에도움이되는걸로 알려주세요",C5,,tri_llm_consensus
T-0169,2013,"사회, 정치",황반변성원인이 뭔가요,"아버님이 황반변성이 왔거든요

이거는 노안이라서 오는건가요

눈이 잘안보이신다고 하셔서 마음이 안좋은데 병원다니시면서 약쓰고하면은

어느정도나 관리가 되는걸까요.

60대이시라서 노안때문에 그러시는것 같긴한데 이거 관리잘하고 그러면

호전되거나 이런것도 있을까요

아시는분들이 답변 좀 해주시면 감사하겠습니다.

눈이 뿌옇고 불편하다고하시니까요  어떻게 해드릴 방법이 있으면 좋을것 같은데요

좋은답변 기다려봅니다.",C1,C6,tri_llm_consensus
T-0170,2013,건강,황반변성 잘보는 병원 알려주세요.,"황반변성 진단을 받으셔서 서울쪽으로 병원을 옮길 생각입니다.

황반변성 잘보는 병원이나 교수님 추천해주시면 감사하겠습니다.",C8,,tri_llm_consensus
T-0171,2013,안과,황반변성 주사치료 기간,"황반변성 치료치료를 시작하게 되면

얼마나 걸리나요?",C4,,tri_llm_consensus
T-0172,2013,"의료기관, 의료인",이휘재 황반변성 의사가 누구예요?,닥터의승부에서 이휘재가 황반변성인데 치료받고 완쾌했다고하덴데 같이나오시는 그의사분 이름좀알려주세요. 어디병원인지도 알려주시면 감사하겠습니다!,C8,,tri_llm_consensus
T-0173,2013,안과,황반변성환자가 술을  먹을경우 괜찮은지요,황반변성환자가 술을 먹을경우 괜찮은지요,C5,,tri_llm_consensus
T-0174,2013,안과,"삼출성 나이관련황반변성 치료, 그리고 목디스크 수술에 미치는 영향","호르몬 치료는 신체에 문제가 있어서 못받지만 먹는거라도 밥과 반찬 보다는 닭가슴살, 블루베리, 브로콜리, 치클, 쑥갓, 과일, 야채, 생식을 위주로 맵고 짜고 달지않게 소식으로 1년 이상 해오고 헬스사이클, 파워워킹 등의 유산소 운동을 관절이 아파도 규칙적으로 하고 있습니다. 스트레스는 어쩔수 없이 받는게 있고 스트레스 때문에 불면증도 있습니다.

그리고 얼마 전 한쪽 눈에만 회백색 물질이 가로막혀 탁하게 보이는 현상이 있어서 집 근처의 대형 안과병원을 찾았는데 삼출성 나이관련 황반변성이고 신생혈관에 의해서 신경이 벌어져서 물이 차서 회백색 물질에 의해 탁하게 보이는것으로 실명하게 될수도 있다고 했습니다.

노바티스의 루센티스, 아바스틴, 독일 바이엘헬스케어의 신약 아일리아 3가지 중에서 한가지를 선택하여 매달 한번씩 눈에 주사를 맞는 방법과 형광주사를 맞고 빛을 쏴서 신생 혈관을 없애는 광역학 시술 그렇게 두가지 치료 방법이 있다고 했습니다.

염증까지 발생됬을지도 모르는 목디스크 질환 때문에 수술 받으려고 했었는데 황반변성으로 눈에 물이차서 실명할수도 있다는것과 고액의 주사 치료내용 까지 들으니 혼란스럽습니다. 다 정리하고 자살하고 싶은 생각까지 밀려오더군요.

아일리아? 그거로 치료 받으면서 디스크 수술 받아도 괜찮은가요?

광역학 치료 받는것과 주사 치료 둘이 어떤 차이가 있나요? 효과, 부작용 같은것.

근본적인 치료가 가능한건가요? 실명을 막을순 있을까요?

지금처럼 먹는것 신경 쓰고 운동도 하고 수면제 먹고 앞으로는 수면제라도 먹고서 잠을 푹  자고 노력해서 스트레스 덜 받으면 정상인 한쪽 눈은 끝까지 유지할수 있을지 궁금합니다.",C9,C4;C3,tri_llm_consensus
T-0175,2013,안과,습성 황반변성으로 망막에 물이 찼을때 주사치료와 광역학 치료 중 어떤게 더 효과적인가요?,"습성 황반변성 치료법 중에서 루센티스,  아일리아 약물 주사를 눈에 맞는것과 광역학 치료법이 있던데 황반변성으로 눈에 물이 찼을때는 어떤 시술법이 더 효과적이고 더 많이 사용되는지 알고싶습니다.

그리고 호전되어서 치료를 끝내고 평생 실명되지 않고 시력만 좀 손상된 상태로 사는 사람들도 있는지 치료여부에 대해서 궁금합니다.",C3,C4;C6,tri_llm_consensus
T-0176,2013,안과,황반변성 주사치료를 시작하게 됐는데..치료기간 얼마나 걸릴까요?,"저희 아버님이 시야가 이상하게 보이신다고 해서 병원에 갔는데

황반변성이라고 하더라구요..마음이 안 좋네요..

그래도 다행히 주사치료로 시력 유지가 된다고 해요.

근데 반복치료가 필요하다고 하더라구요..

반복치료면 아무래도 여러번 병원을 가야한단건데, 저도 일하다 보니 조금 걱정되네요..

황반변성 주사치료기간은 얼마나 되나요?",C4,,tri_llm_consensus
T-0177,2013,안과,안구건조증이 심해지면 무슨 질환으로 이어질수있나요??,"안구건조증이 심해지면

황반변성이나

녹내장

백내장 중에서

뭘로 이어질수있나요??

안구건조증 계속 지속되면 별로 안좋다길래 ...",C1,,tri_llm_consensus
T-0178,2013,여행,황반변성으로인한 시력장애 있는 아버님에게 좋은것,"질문드려요 저희 아버님이 안구건조증과 황반변성으로 힘들어 하세요

병원에서도 포기 했어요 기껏해봐야 안과가면 인공눈물 주는게 다 입니다

저희 아버님 황반변성 치료를 할 수 있는 도움이 될만한것들 다 알려주세요

날파리증처럼 뭐가 날라다니는것 같기도 하고 눈알이 빠질정도로 건조하고 땅기기도 하다고 하세요

안구건조증은 병이라고 생각도 안하세요 이젠

한 5년전 부터 아버님을 괴롭혀와서 그려러니 하시는거죠

황반변성때문에 시력장애도 생기셨습니다

안쓰러워 죽겠어요 저러다 실명되시는건 아닌지 걱정이 많이 됩니다

안구건조와 황반변성 때문에 시력장애가 있는 시아버님에게 도움이 될만한것들 알려주세요

광고글은 신고합니다.",C3,C6,tri_llm_consensus
T-0179,2013,"안과, #황반변성치료, #황반변성주사, #지식인카드, #지식인카드답변, #플레이스URL, #황반변성치료, #황반변성증상, #동영상답변, #지식iN동영상답변, #지식인카드, #지식인카드답변, #플레이스URL, #황반변성, #황반변성원인, #지식인카드, #지식인카드답변, #플레이스URL",황반변성 치료후,"어머니께서 79세입니다. 몇년 전 황반변성으로 왼쪽눈 시력이 급격히 떨어졌습니다.

그동안 수술을 받은 후 기본적인 정도의 시력을 가지고있었습니다.

그런데 얼마전부터 그것마저 희미해져서 병원으로 갔더니 신생혈관이 생기고 있다고 했습니다.

건성에서 습성으로 진행된다면서 주사약을 주입해야 한다고 했습니다.

아바스틴으로 알고 있는데, 그것 주사후에 어머니께서 두통에 목덜미까지 아프다고 하십니다.

게다가 열도 계속되구요. 벌써 일주일됐는데 오늘까지 그런 증세가 계속되는군요.

선생님은 부작용이 없다고하지만 제가 여러자료들을 보니까 부작용이 보고되고 있다고 하더라구요.

그래서 걱정이 앞섭니다. 만일 이게 부작용이라면 과연 계속 이 주사를 맞아야 하는가, 하구요.

답변을 부탁드립니다. 감사합니다.",C9,C4,tri_llm_consensus
T-0180,2013,안과,황반변성을 앓고있는데 포도발효액 괜찮나요?,"황반변성에 담배와 술을 절때 금해야 한다고 했습니다.

집에 포도와 설탈을 섞어서 3달 발효시켜서 약간 포도주 비슷하게 변한 포도발효액이 있는데 하루에 한 두번 발효액 절반 물 절반 섞어서 마시는것은 괜찮을까요?",C5,,tri_llm_consensus
T-0181,2013,"교육, 학문","아일리아, 루센티스 건강보험적용은 어떻게 되는지 궁금합니다.","습성 황반변성 치료약 아일리아, 루센티스의 가격이

1회당 100만원 가까이 되어서 부담이 크다고 들었는데

아일리아, 루센티스에

건강보험 적용이 어떻게 되는건지 궁금합니다.

천벌 받아 디져버릴 보험 광고 인바운드 아웃바운드 광고 알바 새끼들아.",C7,C4,tri_llm_consensus
T-0182,2013,안과,황반변성 증세와치료,백내장 수술후 오른쪽 눈이 약간 흐린느낌이  있어서 검사해본 결과 황반변성 이란 진단이 나왔습니다.,C3,,tri_llm_consensus
T-0183,2013,"영양제, 건강보조식품",황반변성에 좋은 건강식품요.,"황반변성을 위한 건강식품 알려주세요.

그냥 광고붙여넣기 말고요.",C5,,tri_llm_consensus
T-0184,2013,안과,동네 안과의원에서도 정밀검진 받을수있을까요??,"녹내장이랑 황반변성등등 검사해보고싶은데

안저검사 시신경검사 전방각검사 등등 여러가지 검사 받을려고 할까하는데

동네 안과의원에서도 검진받을수있을까요??",C2,C5;C3,tri_llm_consensus
T-0185,2013,"스포츠, 레저",황반변성 원인과 증상 치료에 대해서 알려주세요,"안그랫는데요 올1월달부터 시선처리가 매끄럽지 않고 순간 물체가 휘어져보이기도 하고

암튼 여러모로 힘이 들더라구요

황반변성 이라고 하는데 치료에 좋은것들 좀 알려주세요

근데 황반변성원인이 뭐예요?

눈이 침침하고 아프기도 하고 이런게 황반변성증상 맞죠??치료는 어떻게 하는게 좋은지?

수술말고 도움이 될만한 정보 좀 주세요

물론 병원은 가서 치료를 하고 의사선생님 말씀 잘 듣고 있습니다

그건 말구요 황반변성원인과 증상 치료에 대해서 상세히 좀 알려주세요",C1,C3;C5,tri_llm_consensus
T-0186,2013,"스포츠, 레저",황반변성증상과 치료에 좋은음식은?,"저희 어머님 황반변성증상 이라고 안과에서 그랫다는데

황반변성치료에좋은음식 좀 알려주세요

안과에서 특별한 치료없이 안약 처방해주고 꾸준히 지켜봐야 한다고 했다고 하는데

어머님는 눈이 아파서 머리까지 아프시다고 하세요

어떻게 제가 해결해줄만한거 없을까요 ?

집에서 꾸준히 관리만 잘해도 좋아질수 있다고 하던데

황반변성증상 치료에 좋은 음식 좀 가르켜주세요

요즘 시력도 자꾸 떨어지고 잘 안보인다고 하시구요

완치하게 해드리고 싶습니다 근데 뭘 알아야 도움을 주죠 ㅜㅜ",C5,,tri_llm_consensus
T-0187,2013,"스포츠, 레저",황반변성 원인과 증상에 대해서 자세히 알고싶습니다,"안녕하세요 저희 아빠가 황반변성 이라고 합니다

그래서 황반변성 원인과 증상에 대해서 자세히 알고싶어서 질문 드립니다

또 황반변성치료하는데좋은음식 같은것도 알려주셨음 해요

운전직업을 가지고 계셔서 눈이 생명이신데 요즘 눈통증도 심해서 운전할때 집중도 안되고

얼마전에는 사고나실뻔한적도 있다고 하시네요

이거 황반변성 완치 어려운건가요 ?

황반변성 원인이 뭐예요 ?

어떻게 하면 생기는건지 ?

황반변성 완치할수 있는 좋은 음식이나 약 알려주시구요

요즘은 눈이 아파서 머리도 아프시다고 합니다

머리 아픈데도 도움이되는거 찾구 있는데요 원인을 해결해야 그외에 안좋앗던것까지 좋아질꺼 같아

서요

황반변성 증상 치료하는데 도움이되는것들 다 알려주세요",C1,C5;C2,tri_llm_consensus
T-0188,2013,여행,힘듭니다. 황반변성 치료에 좋은음식 좀 가르켜주세요,"저희 어머님 황반변성이라고 안과에서 그랫다는데 걱정이네요

황반변성 치료에 좋은음식 좀 알려주세요

안과에서 특별한 치료없이 안약 처방해주고 꾸준히 지켜봐야 한다고 했다고 하는데

어머님는 눈이 아파서 머리까지 아프시다고 하세요

어떻게 제가 해결해줄만한거 없을까요 ?

황반변성 치료에 좋은음식 알고 싶습니다

집에서 꾸준히 관리만 잘해도 좋아질수 있다고 하던데 황반변성 치료에 좋은 음식 좀 가르켜주세요

요즘 시력도 자꾸 떨어지고 잘 안보인다고 하시구요

완치하게 해드리고 싶습니다 근데 뭘 알아야 도움을 주죠 ㅜㅜ",C5,,tri_llm_consensus
T-0189,2013,"스포츠, 레저",통증이심한데 황반변성원인 증상에 대해서 자세히 가르켜주세요,"안녕하세요 저희 아빠가 황반변성 이라고 합니다

그래서 황반변성원인과 증상에 대해서 자세히 알고싶어서 질문 드립니다

또 황반변성치료하는데좋은음식 같은것도 알려주셨음 해요

운전직업을 가지고 계셔서 눈이 생명이신데 요즘 눈통증도 심해서 운전할때 집중도 안되고

얼마전에는 사고나실뻔한적도 있다고 하시네요

이거 황반변성 완치 어려운건가요 ?

황반변성 원인이 뭐예요? 어떻게 하면 생기는건지 ?

황반변성 완치할수 있는 좋은 음식이나 약 알려주시구요

요즘은 눈이 아파서 머리도 아프시다고 합니다

머리 아픈데도 도움이되는거 찾구 있는데요 원인을 해결해야 그외에 안좋앗던것까지 좋아질꺼

같아서요

황반변성 증상 치료하는데 도움이 되는것들 다 알려주세요",C1,C5;C2,tri_llm_consensus
T-0190,2013,안과,황반변성 루센티스주사 효과 얼마나 있나요?,"제가 잘 따르던 삼촌이 황반변성이 오셨습니다...

많이 의지하던 삼촌인데 갑자기 황반변성이라니..소식듣고 너무 놀랐네요

이번에 황반변성 루센티스 주사치료 받으신다는데

루센티스 주사맞으면 시력유지도 되고 향상 될 가능성도 있다고 하더라구요.

반복치료가 필요하다는데..1회 맞으면 별 효과가 없나요?

1회 맞아도 시력회복 될 수 있을까요? 된다면 얼마나 될까요?",C4,C6,tri_llm_consensus
T-0191,2013,안과,당뇨성 망막변성 전문의라면 황반변성도 잘 보는건가요?,안과의사 경력에 황반변성은 없고 당뇨성 망막변성만 한가지만 있었는데 그런 경우에 황반변성도 잘 본다는 뜻으로 봐야하나요?,C8,,tri_llm_consensus
T-0192,2013,여행,황반변성 증상 ...있어요 치료 ㅠ.ㅜ,"시력이 점점 떨어지고 눈이 불편해서 병원에 갔더니

저보고 황반변성 증상이 보인다고 합니다 치료에 도움이되는것 좀 알려주세요

병원 치료는 따로 하고 있구요

보조적으로 집에서 제가 할수 있는 황반변성 증상 치료 하는데 도움이 되는걸로 알려주셨음 합니다

황반변성 증상 때문에 일을 하기가 너무 힘이 들어요

눈으로 보면서 집중력이 필요한 직업인데 요즘 황반변성 증상이 심해져서 제대로 일을 못해 상사

에게 매일 욕을 먹을 정도 입니다

눈도 아프고 머리까지 띵 합니다 어지럽기도 하구요

시력이 점점 떨어지고 있는지 제가 봐도 점점 잘 안보이는게 느껴져요

시야 중심도 흐릿하구요

도움이될만한 좋은것들 없을가요 ?

황반변성 증상 치료에 도움이되는거 제발 좀 알려주세요

광고나 이상한 장난 답변은 사양입니다",C5,C3,tri_llm_consensus
T-0193,2013,안과,황반변성에 쓰는 선글라스 렌즈 색상 무조건 새카만걸로 써야하나요?,"황반변성 때문에 선글라스를 구입하여 렌즈를 맞추려고 합니다. 물론 자외선은 100% 차단되어야겠지만 색상 때문에 고민입니다.

안과에 황반변성으로  진료받는 환자분들 대부분이 새카매서 바깥에서 눈이 보이지 않는 영화에서 특수요원들이 쓰고나오는 그런 선글라스를 쓰고 있더라구요.

황반변성 선글라스 무조건 새카만 렌즈가 좋은건가요?

그냥 자외선 100% 차단만 되면 연갈색, 회색, 녹색렌즈도 괜찮을까요?",C5,,tri_llm_consensus
T-0194,2013,"선글라스, 안경",황반변성 선글라스의 고급렌즈 색상과 종류에 대해서 알고싶습니다.,"황반변성 때문에 선글라스를 새로 맞추려고 합니다. 안경태는 준비되었고 렌즈만 넣으면 됩니다.

어떤 어떤 옵션이 붙은 렌즈를 착용해야 하는지 또 렌즈의 색상은 어떤것이 황반변성에 좋은지 또 고급 렌즈의 종류와 가격에 대해서 알고 싶습니다.",C5,,tri_llm_consensus
T-0195,2013,안과,"황반변성 예방 선글라스 렌즈, 황반변성 걸린 후에 쓰는 선글라스 렌즈 색상","황반변성을 예방하는데 도움되는 선글라스 렌즈 색상이 황색이라고 하는데 이미 황반변성을 앓고있는 환자들이 보안요원들이 쓰는 외부에서는 착용자의 눈이 보이지 않는 새카만 렌즈를 넣은 선글라스를 쓰고 다니는것을 많이 보았습니다.

황반변성에 블랙 톤의 렌즈와 황색 렌즈 중에서 어떤것이 더 효과적인가요?

햇빛 강한 불빛 등을 완벽하게 차단하는것은 검은색이 아닐까요?",C5,,tri_llm_consensus
T-0196,2013,"한방 안과, 이비인후과",결명자와 겨우살이의 궁합에 대해서 알고싶습니다.,"안녕하세요 다름이 아니라 약초궁합이라는것에 대해서 궁금해서 이렇게 질문드립니다.

저희 형이 황반변성이라는 난치성 안구질환이 있어 현재 치료중이고 다행이 결과가 좋아 앞으로 잘 관리를 해야할것 같습니다 저또한 고도근시입니다. 그리고 저희 어머니께서 담낭에 염증이 있으시다는 진단을 받으셧는데 사실 췌장암이라는 의심진단을 받으셨다가 담낭염증(결석)으로 인한 것으로 판명나 가슴을 쓸어내렸습니다.

그래서 백방으로 알아본 결과 결명자는 눈건강에 좋은 효과를 가지고 겨우살이는 탁월한 항암효과에 특히 쓸개쪽에 좋다고 하여 이 둘을 함께 복용하고싶은데요 따로따로 차로 끓이기는 조금 번거로울꺼같아서 함께 넣어서 끓여도 된다면 그렇게 하고싶은데 이렇게 해도 성분의 변화나 상성이 잘 맞지않아 문제가 되는점이 있는지 궁금하여 이렇게 질문드립니다. 감사합니다.",C5,C9,tri_llm_consensus
T-0197,2013,여행,황반변성치료에 좋은음식 좀 증상이 좀 보여서요 ㅜㅜ,"저희 어머님 황반변성증상 이라고 안과에서 그랫다는데

황반변성치료에좋은음식 좀 알려주세요

안과에서 특별한 치료없이 안약 처방해주고 꾸준히 지켜봐야 한다고 했다고 하는데

어머님는 눈이 아파서 머리까지 아프시다고 하세요

어떻게 제가 해결해줄만한거 없을까요 ?

집에서 꾸준히 관리만 잘해도 좋아질수 있다고 하던데

황반변성증상 치료에 좋은 음식 좀 가르켜주세요

요즘 시력도 자꾸 떨어지고 잘 안보인다고 하시구요

완치하게 해드리고 싶습니다 근데 뭘 알아야 도움을 주죠",C5,,tri_llm_consensus
T-0198,2013,안과,"황반변성주사치료 루센티스와 아바스틴,아일리아 중 어떤게 더 나아요?","이번에 저희 어머님이 시야가 이상하시다고 해서 병원가보니깐 황반변성이라고 하더라구요.

그래서 주사치료를 하기로 했는데 주사치료는 반복치료가 필요하던데..

루센티스와 아바스틴, 아일리아 등 주사치료도 여러 종류가 있더라구요.

이 세가지의 차이점이 어떻게 되나요?

의사 선생님께서 말씀해주셨는데 솔직히 잘 모르겠네요..

그리고 이 중에서 어떤 걸로 하는게 더 좋은가요?

제대로 알고나서 다시 의사선생님과 상의해봐야겠어요..",C4,,tri_llm_consensus
T-0199,2013,안과,황반변성 주사맞았는데요,"토요일날 주사맞았는데 오른쪽 위쪽 흰자위에 주사를 맞았는데

주사 맞은 부분이 붉네요. 넣으라는 안약도 넣을때마다 아프구요.

안내염 괜찮은건가요?",C9,C4,tri_llm_consensus
T-0200,2013,"사회, 정치",노인성 황반변성에좋은음식은 ...,"저희아버지가 노인성 황반변성이라는 병이 생겨서 걱정이많습니다 노안이라서

잘 안보이시나 보다 라고만 가볍게 생각했는데

물체가 찌그러져보이고 시야가 흐리다는 말씀을 많이하셔서

저희집에 모시고 와서 큰병원모시고 갔는데 많이 진행되어서 레이저치료를 받는것이 좋겠다고 하네요 ㅠ

ㅠ

시골에서 일하시는 분이시라

치료받는것이 쉽지는 않을것 같은데

노인성 황반변성 이라는 병이 생겨 수술하셨던분들이나

수술전에 눈관리 해서 좋아지신분들의 이야기가 듣고 싶어요 ㅠㅠㅠ

연세는 70대초반이십니다 아주 나이가 많으신편도 아니고

지금도 일상생활 물론 다 하시구요 건강하신 편이라고만 생각했는데

혹시라도 시력회복은 안되고 계속 눈이 나빠져서 실명한다면 너무 너무 괴로울것 같아요 ㅠㅠㅠ

더 심해지지않게 무조건 막아야하는데

황반변성에 좋은음식이나 건강식품 같은거 아신다면 모두 추천부탁드립니다.

하루라도 빨리 관리해서 더 심해지지않기만을 바랄뿐이에요..",C5,C3,tri_llm_consensus
T-0201,2013,안과,황반변성 루센티스 주사 맞으면서 안압 때문에 전방수를 뽑는데 루센티스 용량보다 전방수를 더 많이 뽑았습니다. 이거 괜찮나요?,"몇일 전에 황반변성 치료와 관련해서 루센티스 주사를 맞았습니다. 그런데 안압 상승 때문에 눈에서 전방수를 뺀다고 하더라구요.

좀 있다가 루센티스 0.06cc를 맞으려고 대기하는데 전방수를 먼저 뽑았습니다. 그런데 간호사가 전방수가 0.09cc가 뽑혔다고 걱정스럽게 예기하니깐 의사가 괜찮다고 하는 소리를 들었습니다.

안압 부작용 때문에 전방수를 빼는거라면 0.06cc 루센티스 용량과 똑같은 0.06cc의 전방수를 빼야 하는것 아닌가요?

루센티스 용량보다 0.03cc나 더 많이 전방수를 뺀건데 안압에 문제가 생기거나 다른 안질병 증세가 나타나게 되는것은 아닌지 걱정이 많이 됩니다.

전방수라는것 한 달 정도 지나면 다시 채워질까요?",C9,C4,tri_llm_consensus
T-0202,2013,안과,황반변성 치료 잘하는 병원좀 알려주세요,"황반변성 치료잘하는 병원좀 알려주세요

긴급합니다 저희 아빠에요

서서히 실명할수도 있다고 해서 무섭습니다",C8,,tri_llm_consensus
T-0203,2013,안과,황반변성 검사 애기도 상관 없을까요?,"안녕하세요, 저는 2살난 딸아이를 둔 엄마에요..

제가 작년에 황반변성 진단을 받아서 현재까지도 계속 치료 중이에요.

문제는 제 딸에게 유전이 될까봐 너무 걱정이 된단 거에요..

딸이 무슨 죄겠어요..유전된다면 마음이 너무 아플 것 같아요..

두렵지만 딸아이도 황반변성 검사를 받게 해볼까 생각 중이에요.

근데 딸아이가 아직 2살밖에 안됐는데 검사가 가능할까요?",C2,C1,review_pool_R1_v5b
T-0204,2014,"생물학, 생명공학",줄기세포에 관한 질문입니다,"현대 의학으로 시력이 한번떨어지면 시력은 다시 원래대로 돌이킬수 없고,

계속해서 나빠지는 시력을 속도를 늦추는것 외에는 방법이 없다고 들었는데....

심각합니다. 왜 심각한지는 개인 사정상 말씀드릴수 없지만....

녹내장, 백내장, 황반변성, 망막변성 등등 .......

줄기세포에 대해서 잘아는건 없습니다. 인문계열쪽이라 정말 하나도 몰라요.

그저 난자에서 뭔가 추출해서 줄기세포를 환부에 주사하면 그 부위가 태어났을때처럼 세것의 세포가

생겨나면서 치료가된다고 들어 그것이 성공한다면 인류의 수명이 150~ 200 세까지 늘어날수 있다고

들었거든요....

아 본론으로 들어갈게요

1. 뉴스기사 보면 영국이나 다른나라에서 줄기세포 배양성공, 줄기세포 치료법 개발, 줄기세포 치료 가능,

암을 정복하다 등등 나오잖아요? 그게 만약 개발된다면 우리나라 의료진도 바로 그 기술을 사용할수 있는건가요?

2. 줄기세포가 개발되면 위에 있는 시신경에 생기는 병..... 황반변성, 녹내장, 백내장, 망막변성 등등

치료할수 있는건가요? 시력도 원래대로 회복 가능한거구요?

질문 드립니다. 의학도 여러분들께 많은 부탁드립니다....",C3,,tri_llm_consensus
T-0205,2014,안과,황반변성에 어느 약이 더 좋은가요??,"엄마가 안과에서 황반변성이라는 진단을 받았습니다.

안과에서 처방해 준 약과는 별도로

의사선생님께서 비타민 a,c,e가 들어간 영양제를 사서 먹으라고 하십니다.

그래서 영양제를 사서 먹기 시작했는데요

바로 전까지는 비타민 a,c,e + 루테인이 들어간 약이 황반변성에 좋다고 해서 먹었는데요

이번에 약국에 가니 비타민 a,c,e + 코엔자임큐10이 들어간 약이 황반변성에 더 좋다고 하네요

이랬다 저랬다 하는 약국의 말중 어느 말이 맞는지 잘 모르겠습니다.

어떤 약이 황반변성에 더 좋은가요??

(그리고 현재 다른치료는 전혀 하지 않고 약만 처방 받고 있는데, 이걸로 충분한가요??)",C5,,tri_llm_consensus
T-0206,2014,안과,블루베리와 황반변성 과의 관계?,불루베리에는 당 (糖 ) 성분이 많아서 장기 복용하면 황반변성이 생길 경우가 많다고 하는데 사실인가요 ?,C1,C1,tri_llm_consensus
T-0207,2014,안과,황반변성 루센티스 치료효과 확실한가요?,"안녕하세요! 현재 저의 아버지께서 황반변성이셔서 꾸준히 루센티스 주사를 맞고 계십니다.

주사맞고 치료하면 괜찮으실까요..?

치료 시작한지는 얼마 안됐습니다..

루센티스 주사치료는 꾸준히 반복치료 해야하는데 정말 황반변성에 효과적인지 알고 싶네요!

의사선생님들의 정확한 답변을 부탁드립니^^!",C4,,tri_llm_consensus
T-0208,2014,안과,망막박리와  황반변성,"올해 58세 남자 입니다

저는 비문증 증세가 있습니다  금연 과 금주를 합니다

고혈과 당뇨는 없고

현재 안경과 돋보기는 사용 안 합니다

가까운 글씨 ( 신문.컴 모니터)는 잘보이는데

먼 곳에 있는 글씨는  잘 안보입니다

망박박리와  황반변성의 예방법을 상세히 알려주시면 감사 하겠습니다",C5,C1,tri_llm_consensus
T-0209,2014,경제,황반변성 인데요 치료에 좋은음식 좀 알고 싶어서요,"저희 어머님 황반변성 이라고 안과에서 그랫다는데

황반변성 치료에 좋은음식 좀 알려주세요

안과에서 특별한 치료없이 안약 처방해주고 꾸준히 지켜봐야 한다고 했다고 하는데

어머님는 눈이 아파서 머리까지 아프시다고 하세요

어떻게 제가 해결해줄만한거 없을까요 ?

집에서 꾸준히 관리만 잘해도 좋아질수 있다고 하던데...황반변성 치료에 좋은 음식 좀 가르켜주세요

요즘 시력도 자꾸 떨어지고 잘 안보인다고 하시구요

완치하게 해드리고 싶습니다

근데 뭘 알아야 도움을 주죠 답답한 마음에 질문을 드립니다

황반변성 인데요 치료에 좋은음식 꼭 좀 알려주세요",C5,,tri_llm_consensus
T-0210,2014,건강,황반변성으로 인한 시력장애 ...,"질문드려요 저희 아버님이 안구건조증과 황반변성으로 힘들어 하세요

병원에서도 포기 했어요 기껏해봐야 안과가면 인공눈물 주는게 다 입니다

저희 아버님 황반변성 치료를 할 수 있는 도움이 될만한것들 다 알려주세요

날파리증처럼 뭐가 날라다니는것 같기도 하고 눈알이 빠질정도로 건조하고

땅기기도 하다고 하세요

안구건조증은 병이라고 생각도 안하세요 이젠

한 5년전 부터 아버님을 괴롭혀와서 그려러니 하시는거죠

황반변성때문에 시력장애도 생기셨습니다

안쓰러워 죽겠어요 저러다 실명되시는건 아닌지 걱정이 많이 됩니다

안구건조와 황반변성 때문에 시력장애가 있는 시아버님에게 도움이 될만한것들 알려주세요

광고글은 신고합니다.",C3,C6,tri_llm_consensus
T-0211,2014,안과,황반변성 테스트할 수 있는 방법 없나요?,"황반변성인지 아닌지 확인하는 방법 있나요?

뭐..자가진단이나 이런거요~

아님 병원에서 진단받는 것 밖에 방법이 없는 건가요ㅠㅠ?

병원갈 시간이 없는데...",C2,,tri_llm_consensus
T-0212,2014,건강,황반변성 원인과 증상 치료에 대해서 알려주세요,"안그랫는데요 올1월달부터 시선처리가 매끄럽지 않고 순간 물체가 휘어져보이기도 하고

암튼 여러모로 힘이 들더라구요

황반변성 이라고 하는데 치료에 좋은것들 좀 알려주세요

근데 황반변성원인이 뭐예요?

눈이 침침하고 아프기도 하고 이런게 황반변성증상 맞죠??

치료는 어떻게 하는게 좋은지?

수술말고 도움이 될만한 정보 좀 주세요

물론 병원은 가서 치료를 하고 의사선생님 말씀 잘 듣고 있습니다

그건 말구요 황반변성원인과 증상 치료에 대해서 상세히 좀 알려주세요",C1,C5;C2,tri_llm_consensus
T-0213,2014,안과,황반변성도 안약 같이 쓰면 옮을 가능성 있습니까?,제목 그대로 궁금합니다.,C1,C9,tri_llm_consensus
T-0214,2014,건강에좋은음식,노인성  황반변성에 좋은 음식 가르켜주세요?,"저희 아버지가 노인성 황반변성이라는 병이 생겨서 걱정이많습니다

노안이라서 잘 안보이시나 보다 라고만 가볍게 생각했는데

물체가 찌그러져보이고 시야가 흐리다는 말씀을 많이하셔서

저희집에 모시고 와서 큰병원모시고 갔는데 많이 진행되어서

레이저치료를 받는것이 좋겠다고 하네요

시골에서 일하시는 분이시라 치료받는것이 쉽지는 않을것 같은데

노인성 황반변성 이라는 병이 생겨 수술하셨던분들이나

수술전에 눈관리 해서 좋아지신분들의 이야기가 듣고 싶어요

연세는 70대초반이십니다 아주 나이가 많으신편도 아니고

지금도 일상생활 물론 다 하시구요 건강하신 편이라고만 생각했는데

혹시라도 시력회복은 안되고 계속 눈이 나빠져서 실명한다면 너무 너무 괴로울것 같아요

더 심해지지않게 무조건 막아야하는데

황반변성에 좋은음식이나 건강식품 같은거 아신다면 모두 추천부탁드립니다.

하루라도 빨리 관리해서 더 심해지지않기만을 바랄뿐이에요..",C5,C3,tri_llm_consensus
T-0215,2014,"의료, 상해 보험",황반변성 검사비 보험금 청구가능한가요?,안과에서 검사를 받던 중 황반변성이라고 종합병원으로 가보라고해서 종합병원에서 검사만 받고 영양제 복용 후 다시 검사를 하자고 하는데요 이런경우 검사비를 보험금 청구 할수 있나요?,C7,,tri_llm_consensus
T-0216,2014,안과,백내장후유증으로 황반변성이 일어날 수 있나요?,"최근에 저희 아버님께서 황반변성 진단을 받았습니다.

아버님이 백내장으로 수술하셨던 적이 있는데, 혹시 백내장 후유증으로 황반변성이 생긴 걸까요?

아니면 후유증과는 상관없이 생겼던 건데 여태 발견을 못했던 건가요?

백내장 수술하신지 얼마나 되셨다고..마음이 안 좋네요..",C1,C9,tri_llm_consensus
T-0217,2014,"건강, #지식인카드, #지식인카드답변, #플레이스URL, #황반변성, #안과한의원, #황반변성, #황반변성증상, #황반변성치료, #시력저하, #동영상답변, #지식iN동영상답변, #지식인카드, #지식인카드답변, #플레이스URL, #황반변성원인, #황반변성, #지식인카드, #지식인카드답변, #플레이스URL",황반변성이 뭔가요..?,"황반변성이라는 게 뭔가요?

제가 건강검진 때.. 황반변성 같다는 이야기를 들었어요

선생님께서 확답은 못하시겠는지.. 말을 흐리시더라고요

그래서 황반변성에 대한 자세한 설명도 못 들어 봤는데

황반변성이 뭔가요...?

이름만 들어서는 쉽게 뭔지 감을 잡을 수가 없는데

이거 치료는 가능한건가요?

막 시력에 크게 이상이 있는 그런거 아니죠?..",C1,C3,tri_llm_consensus
T-0218,2014,생활,황반변성치료 가능하죠..!?,"저희 어머니께서 며칠 전부터 눈이 많이

불편하셔서 병원에 다녀 오셨는데요

황반변성이라는 진단을 받으셨데요;;

솔직히 시력이 조금 떨어진 거로만 생각했던 터라

어머니도 저도 너무 당황했는데요

어머니께서 많이 놀라셨는지 의사선생님께서

설명해주신 게 잘 기억이 안 난다고 하세요 ;

그래서 제가 따로 황반변성에 대해 알아 봅니다

황반변성이 뭔가요???

이건 왜 생기는 거에요? 그리고 치료가 가능한건가요?

황반변성에 대해 많이 좀 알려 주세요 ~!!!",C1,C3,tri_llm_consensus
T-0219,2014,"문구, 미술용품, #황반변성, #안과질환, #지식인카드, #지식인카드답변, #플레이스URL, #황반변성, #황반변성치료법",황반변성 치료,"저희 어머니께서 연세가 좀 많으신데요

요즘 초점이 잘 안맞으신다고 말씀을 많이 하시더라구요

그래서 처음에는 노안이 오셨나 보다 하고 가까운 병원에 갔는데

뜻밖의 소리를 듣게 되었어요

어머니께서 황반변성을 앓고 있다는 사실을 알게 되었는데요

치료는 대학병원 같은 곳에서 하라고 하시더군요..

저희는 너무 당황스럽기도 했고

대학병원까지 왔다가 갔다가 하기엔

너무 힘들 것 같아서 일단 집으로 돌아 온 상태인데요..

인터넷을 통해 찾아 보니 꼭 대학병원 가지 않아도 황반변성을 치료 할 수 있다는데

황반변성 치료 잘하는 병원 어디잇나요

생각보다 저같은 분 많이 계시텐데

어떻게 하셨는지 답변좀 부탁 드릴께요

황반변성 때문에 안그래도 눈이 뿌옇고 아주 불편하시다고 하시는데

꼭 대학병원으로 가야 될지요..?

황반변성 어떻게 치료 해야 할지 조언 좀 주세요..",C8,,tri_llm_consensus
T-0220,2014,안과,황반변성으로 궁금해서요...,"황반변성으로 2011년 진단 받으셔서 1년에 한번씩 대학병원 방문해서 진단 받고 계신데요..

2014. 4월 초에 대학병원가서 진단 받으시고는 3개월 후에 다시 진찰 받기로 했습니다..

1년정도 기간을 두고 받다가 3개월으로 줄어들어서 걱정하고 계신듯 해서요..

1) 예전보다 상태가 많이 나빠져서 진단 기간이 줄어든걸까요???

또 황반변성으로 시력이 나빠지셔서 안경을 착용했으면 하는데..

2) 안경을 착용하면 시력교정에 도움이 되긴할까요?

(안경을 쓰기 위한 시력을 못잡을 수도 있다고 합니다)

3) 루센티스와 아바스틴 항체주사가 있는걸로 아는데 둘중에 어떤 주사가 더 도움이 될까요?",C6,C4;C9,tri_llm_consensus
T-0221,2014,건강에좋은음식,황반변성과 백내장 예방,황반변성에 루테인이 좋다는 건 나오는데 백내장도 이거 하나로 다 예방하는 데 충분할까요?,C5,,tri_llm_consensus
T-0222,2014,경제,황반변성으로 인한 시력장애 ...,"질문드려요 저희 아버님이 안구건조증과 황반변성으로 힘들어 하세요

병원에서도 포기 했어요 기껏해봐야 안과가면 인공눈물 주는게 다 입니다

저희 아버님 황반변성 치료를 할 수 있는 도움이 될만한것들 다 알려주세요

날파리증처럼 뭐가 날라다니는것 같기도 하고 눈알이 빠질정도로 건조하고

땅기기도 하다고 하세요

안구건조증은 병이라고 생각도 안하세요 이젠

한 5년전 부터 아버님을 괴롭혀와서 그려러니 하시는거죠

황반변성때문에 시력장애도 생기셨습니다

안쓰러워 죽겠어요 저러다 실명되시는건 아닌지 걱정이 많이 됩니다

안구건조와 황반변성 때문에 시력장애가 있는 시아버님에게 도움이 될만한것들 알려주세요

광고글은 신고합니다.",C3,C6,tri_llm_consensus
T-0223,2014,"건즈더듀얼, #황반변성, #안과한의원, #황반변성치료, #눈질환, #동영상답변, #지식iN동영상답변, #지식인카드, #지식인카드답변, #플레이스URL",황반변성 치료.,"아버지께서 황반변성 이라는 진단을 받으셨습니다..

이게 어떤 질환인거죠?

치료가 가능하긴 한가요?

황반변성 에 대한 이야기와 조언 좀 해주세요

채택 해드리겠습니다.....!",C3,C1,tri_llm_consensus
T-0224,2014,생활,황반변성 병원!!,"안녕하세요 저희 어머니가 나이가 많으신데요

요즘 초점이 잘 안맞으신다고 말씀을 많이 하시더라구요

그래서 이병원 저병원 모시고 다니는데 검사를 너무 많이 하고

결국 대학병원으로 가라는 말을 하더군요..

황반변성을 앓고 있다고 말씀들은 하시는데

대학병원 까지 또 왔다가 갔다가 하기 너무 힘들어 하시고

검사만 너무 많이 받으시는것 같아서

제가 미리좀 알아 보려고 합니다

황반변성 치료 잘하는 병원 어디잇나요 저같은 분 많이 계시텐데

어떻게 하셨는지 답변좀 부탁 드릴께요

황반변성 때문에 안그래도 눈이 뿌옇고 아주 불편하시다고 하시는데

대학병원으로 가면 될지요..

아니면 집에서 눈에 좋다는 음식이나 약같은걸로 가능할지...

너무 생소한 병이라 어떻게 해야 할지 ..걱정입니다

너무나 속상합니다 어떻게 해야 할까요??",C8,C5,tri_llm_consensus
T-0225,2014,안과,황반변성증 치료가능한가요?,"현재 아버지가 황반변성증 판단을받으셨습니다

한쪽은 잘보이시는데 한쪽은 찌그러져 보인다고 하시네요.

지식인 검색해보니 치료불가라고 되어있던데...

대학병원이나 수술가능한곳 없을까요?

고쳐드리고싶습니다...ㅠ",C3,C8,tri_llm_consensus
T-0226,2014,안과,황반변성치료제 eylea macugen rucentis 차이좀 알려주세요,eylea macugen rucentis 차이좀 알려주세요 ㅜㅜ 현재 국내에 루센티스와 아바스틴 두가지 약물이 쓰인다는 데 이것도 좀알려주세용,C4,,tri_llm_consensus
T-0227,2014,의약품,황반변성치료제  eylea macugen rucentis 차이좀 알려주세요,eylea macugen rucentis 차이좀 알려주세요 ㅜㅜ 아바스틴과 루센티스 두가지가있다던데 그차이도 알려주세요,C4,,tri_llm_consensus
T-0228,2014,안과,황반변성에 관한 질문입니다. 부탁드려요!!!ㅠㅠ,"안녕하세요?

황반변성에 대해서 궁금한 점이 있어서 이렇게 글을 올립니다.

첫번째는

황반변성의 원인이 악성유전자가 있나요?

제가 찾아본 봐로는 complement H,B,C3가 있다고 하는 데 이 것들에 대해 조금 구체적으로 알려주시면 감사하겠습니다. 제가 대학생이지만 전공분야이기에 구체적으로 알려주시기를 부탁드립니다.

두번째는 치료방법중에 안내 주사법이 있다고 들었는데 이때 쓰이는 약품들의 종류와 수술에 쓰이는 마취제의 종류를 알려주시기를 부탁드립니다.

감사합니다@!!!",C1,C4,tri_llm_consensus
T-0229,2014,안과,황반변성은 치료법이 어떤게 있나요?,"시야가 예전과 같지도 않고 시력도 안 좋아진 듯 해서 큰맘먹고 병원가서 검사받았는데요..

진단이 황반변성이라고 나왔네요..

좀 충격이라 물어볼 걸 제대로 못 묻고 나왔네요ㅠㅠ

3개월 후에 1번 더 재검사 하자고만 하던데..황반변성 치료법은 어떻게 되나요?완치 가능한가요?",C3,,tri_llm_consensus
T-0230,2014,안과,노인 황반변성 질문요!,"동네병원에서 황반변성 이라고 해서 큰병원에서 치료받아야 된다고 해서 지금

한번 갔다온 상태인데요(주사맞고, 약처방받아음)

(왼쪽눈 건성, 오른쪽눈 습성)

참고:저는 40대의 아들이구요 환자분은 85세의 저의 어머님 이심니다

질문1 한달에 한번씩 3-5회정도 와서 치료를 받아야된다는데요

이치료를 하는 이유가 먼가요?

질문2  안압약 처방해주던데요(아침 저녁에 한번씩 하루 두번 투입입)

안합약 넣으면 아프다고 하시고, 더 안보인다고 하시는데 실제로 그럴수 있는지요.

질문3 다른 약도 여러개 주시던데요. 길게는 한달내내 먹는 약도 있드라구요(룩산,안압약)

이거 꼭 먹어야되나요? 왜냐면 어머님이 정신이 없어서  혼자있기에 제대로 못챙겨 드시거든요

그밖에 알려주실 말씀 있음 알려주세요. 감사합니다.",C4,C9;C6,tri_llm_consensus
T-0231,2014,안과,건성황반변성과 습성황반변성의 차이가 뭔가요?,"황반변성에도 건성과 습성이 있다던데 이 둘의 차이점은 뭔가요??

그리고

황반변성에 좋은 음식이나 생활습관 등 일상생활에서 주의할 점들도 알려주시면 좋겠습니다.

도움 부탁드립니다! ^^",C1,C5,tri_llm_consensus
T-0232,2014,생활,황반변성 치료 ~,"안녕하세요 저희 어머니가 나이가 많으신데요

요즘 초점이 잘 안맞으신다고 말씀을 많이 하시더라구요

그래서 이병원 저병원 모시고 다니는데 검사를 너무 많이 하고

결국 대학병원으로 가라는 말을 하더군요..

황반변성을 앓고 있다고 말씀들은 하시는데

대학병원 까지 또 왔다가 갔다가 하기 너무 힘들어 하시고

검사만 너무 많이 받으시는것 같아서

제가 미리좀 알아 보려고 합니다

황반변성 치료 잘하는 병원 어디잇나요 저같은 분 많이 계시텐데

어떻게 하셨는지 답변좀 부탁 드릴께요

황반변성 때문에 안그래도 눈이 뿌옇고 아주 불편하시다고 하시는데

대학병원으로 가면 될지요..

아니면 집에서 눈에 좋다는 음식이나 약같은걸로 가능할지...

너무 생소한 병이라 어떻게 해야 할지 ..걱정입니다

너무나 속상합니다 어떻게 해야 할까요??",C8,C5,tri_llm_consensus
T-0233,2014,"안과, #황반변성, #안과한의원, #지식인카드, #지식인카드답변, #플레이스URL, #황반변성치료, #황반변성, #동영상답변, #지식iN동영상답변, #지식인카드, #지식인카드답변, #플레이스URL, #황반변성, #황반변성증상, #황반변성, #눈질환, #지식인카드, #지식인카드답변, #플레이스URL",황반변성은주사는몇세부터의보받을수있나요,,C7,,tri_llm_consensus
T-0234,2014,안과,상해로 황반변성에 걸릴수 있나요?,"최근에 눈에 이상을 느껴서 병원가서 진단받으니 황반변성이라고 하더라구요.

혹시나 해서 묻는건데, 상해로 인해서 황반변성이 올 수 있나요?

궁금하네요!",C1,,tri_llm_consensus
T-0235,2014,안과,안과질환인 황반변성을 치료중 눈 영양제가 팰요한가요?,"안과질환인 황반변성을 치료중에 눈 영양제를 복용하는 것이 좋은지 알고 싶읍니다.

의사 선생님에 따라 다르게 말씀을 하셔서 질문들입니다.

효력이 확실치 않으면 약을 가급적 피하고 싶읍니다.",C5,,tri_llm_consensus
T-0236,2014,안과,황반변성에 좋은 아이룩스,"안녕하세요?

80세인 친정엄마가 현제 요양병원에 입원중이시고 당뇨와 고혈압, 심장기형등

병명이 많습니다.

작년 안경을 새로하고 한달도 되지 않아 갑자기 눈이 안보인다고 하셨는데 멀리 살아서

바로 병원에 가지 못하고 한달정도 지나 안과에서 노안이라고 하셨어요.

얼마전 의료원에서 진료를 받으니 황반변성이라고

소견서를 받아 종합병원에서 진료를 받았는데

오른쪽은 실명상태고 왼쪽은 그나마 덜한데

다른 처방은 없고 아이룩스를 먹으라고 하시네요.

8개월동안 병원에서 처방받은 한미제약의 안토시안을 드시고 계신데

아이룩스를 먹는게 더 나을까요?

안토시안이랑 성분이나 효능에서 차이가 많이 나나요?

아이룩스는 보험적용이 안되는 건강기능식품이라  비싸네요.",C5,,tri_llm_consensus
T-0237,2014,"안과, #황반변성, #황반변성치료, #황반변성치료, #안과한의원, #지식인카드, #지식인카드답변, #플레이스URL, #황반변성, #눈관리, #지식인카드, #지식인카드답변, #플레이스URL, #황반변성, #황반변성한의원, #동영상답변, #지식iN동영상답변, #지식인카드, #지식인카드답변, #플레이스URL",황반변성으로인한 눈주사맞고 렌즈착용은 언제 다시할수있을까요?,오늘맞았는데 일주일후쯤부터 렌즈착용가능한가요?,C9,C4,tri_llm_consensus
T-0238,2014,"교육, 학문",황반변성이라는 질병은 어떤 질병이죠??,,C1,,tri_llm_consensus
T-0239,2014,건강,블루베리 매일 먹으면 실명위험성 있나요?,"10개월하고 22일된 애기엄마예요

애기가 이유식 시작후 변비가 심해져서

냉동 블루베리를 구매해 매일 매일 15알 정도 먹이고 있는데요

블루베리의 효능에 대해 찾아보니

단순당때문에 많이 먹으면 실명의 위험도 있고

어떤 실험에선 꾸준히 섭취한 집단이

그렇지 않은 집단보다 황반변성이 40프로 가량 증가했다니

갑자기 걱정이 되네요 ㅠ ㅠ

답변주시면 감사하겠어요",C5,C1,tri_llm_consensus
T-0240,2014,안과,가로등 불빛안에 검은 점이 보여요.,"안녕하세요.

가로등 불빛을 보면, 불빛속에 검은 점이 보여요.

자동차 라이트도 그렇고, 멀리에 있는 가로등 불빛안에 검은 점이 보여요.

오른쪽눈은 원래 황반변성이 있어서 물체가 좀 흐리게 보이고요,

왼쪽눈은 황반변성은 없지만, 멀리에 있는 가루등불빛에 검은 점이 보여요.

그리고

양쪽눈 다 뜨고 보아도

엮시 라이트에 검은 점이 보여요.

그럼

제 왼쪽눈도 황반병성이 오고 있는 것일까요?

아니면

그냥 노환일까요,

오른쪽눈은 0.1, 왼쪽눈은 0.4 정도 입니다.

전문가 선생님의 학적인 고견을 들려주시면 감사하겠습니다.

감사 합니다.

좋은 하루 되세요.",C2,,tri_llm_consensus
T-0241,2014,안과,황반변성과흡연,황반변성에 흡연이 안좋다들었는데 자세히 왜안좋은지 알고싶어서요 자세히설명좀해주세요.,C1,,tri_llm_consensus
T-0242,2014,"의료, 상해 보험",부모님 노후 실손 보험 가입,"부모님이 두 분 다 실손보험에 가입되어 있지 않으세요.

이번에 새로 나왔다는 노후 실손보험에 가입할 수 있을까요?

아버지 : 만61세, 고혈압, 시각 장애2급(황반변성)

어머니 : 만57세, 유방암 병력 있음

이런 경우 가입 가능한 실손 보험이 있는지 회사와 비용 견적 좀 부탁드립니다.",C7,,tri_llm_consensus
T-0243,2014,안과,습성황반변성확진후주의할점,,C9,,tri_llm_consensus
T-0244,2014,안과,황반변성진단받았는데 타병원에가서 다시검사받아야될까요?,,C2,C8,tri_llm_consensus
T-0245,2014,안과,용접 불빛을 많이보면 황반변성이 생길수있나요?,,C1,,tri_llm_consensus
T-0246,2014,"안과, #황반변성, #황반변성증상, #지식인카드, #지식인카드답변, #플레이스URL, #황반변성증상, #황반변성원인, #동영상답변, #지식iN동영상답변, #지식인카드, #지식인카드답변, #플레이스URL, #황반변성, #눈관리법, #지식인카드, #지식인카드답변, #플레이스URL",한쪽눈으로 보면 검정원이보여요 그원에보이는것은굴곡이 있고요,"2주전 부터 눈이피로하고 시력이 약해진것같아 한쪽눈을 가려서봤더니 오른쪽눈으로보면 가운데 희미하게

검운 원이 보이고 원안쪽으로는 약간 굴곡이있어보여요. 황반변성인가요",C2,,review_pool_R1_v5b
T-0247,2014,안과,황반변성 유명한 병원,"황반변성 때문에 연차 내서 서울에 있는 안과에 가볼려고 하는데요

서울에서 황반변성으로 유명한 안과가 어디인가요?

성모 병원이랑 삼성 병원이 큰거 같은데

어디가 유명한가요?

감사합니다^^",C8,,tri_llm_consensus
T-0248,2014,"의료, 상해 보험",후유장해 관련,"저희 아버지께서 다리 6관절 장애로 지체장애 3급을 받으셔서 보험사에 후유장해 진단서를 내려고 하는데요.

추간판 탈추증 수술 했던거랑 희귀난치성질환인 노년황반변성도 포함이 되는지와 흥국생명 실버종신보험인데 만일 장해율이 80% 이상이 나오면 보험이 자동 해지되는지 알려 주세요.",C7,,tri_llm_consensus
T-0249,2014,"봉사, 기부, #안과질환, #한의원, #지식인카드, #지식인카드답변, #플레이스URL, #황반변성, #황반변성증상, #황반변성증상, #시력저하, #동영상답변, #지식iN동영상답변, #지식인카드, #지식인카드답변, #플레이스URL",황반변성어떡해요ㅜㅜ,저희할머니가한쪽눈은황반변성말기구한쪽은중긴데실명될수도있는병이다보니걱정이되네요ㅜㅜ어떡하죠??,C6,,tri_llm_consensus
T-0250,2014,건강상담,황반변성 치료 가능한 한의원 찾습니다!,"황반변성으로 안과가니까 무조건 수술 하자고 해서... 아빠가 황반변성이 오셔서...

치료 하려고 하거든요... 나이드신 분께 황반변성 무조건 수술하자는 아닌거 같아서...

일단 한의원 같은데는 황반변성 같은 질병도 근본적으로 치료 해줄것같아서요

저희 아빠가 한번씩 보약 지어드시러 제중원 한의원이라고 가는데... 여기 황반변성도

치료해줄까요???",C8,C3,tri_llm_consensus
T-0251,2014,안과,황반병성 루테인,"아버지가 황반변성을 진단받으셔서

여기저기 검색해보니 루테인이 눈영양제 라는데

이거 복용해도 되는건가요??",C5,,tri_llm_consensus
T-0252,2014,안과,망막변성하고 황반변성하고 관계가 잇나요?,"망막변성 때문에

레이저 치료 받앗는데요

티비에서 황반변성이란 병을 알게되엇는데

혹시 망막변성이 있으면 황반변성도 걸릴수잇는 확률이 높아지는건가요?

ㅠㅠ

컴퓨터 많이 안보고 스마트폰 안보고 생활하면 괜찮을까요?  ㅠㅠ",C1,C5,tri_llm_consensus
T-0253,2014,안과,황반변성에대하여,시력이감퇴됙 있습니다,C1,,tri_llm_consensus
T-0254,2014,안과,황반변성환자 자외선차단에대한질문,"건성황반변성입니다

자외선차단에대한질문입니다

1.야간에도 외출시 선그라스착용해야되는지

2.실내에서도 선그라스를착용해야되는지

3.방바닥에 반사된햇빛도 맨눈으로보면 안되는지요

4.주간에 그늘에서는 선그라스를 안쓰도되가요

그리고불빛에관한질문입니다

1.자동차전조등, 형광등, 백열등, 가로등 등 불빛도 맨눈으로보면 안되는지궁금합니다

눈이 부시는현상이있어서 질문드립니다",C5,,tri_llm_consensus
T-0255,2014,안과,황반변성있으면 갈색선그라스를 온종일 착용해야하나요,"실내에서도 착용해야되는지

야간외출시에도 착용해야되는지

비오는날 흐린날에도 착용해야되는지

그늘에서도 착용해야되는지

참 답답합니다",C5,,tri_llm_consensus
T-0256,2014,인체건강상식,황반변성이있으면 온종일 갈색선그라스를껴야되나요,"실내에서도 또는흐린날 비오는날에도 그리고그늘에서도

갈색선그라스를 착용해야되는가요",C5,,tri_llm_consensus
T-0257,2014,안과,황반변성 자외선차단안경에관한질문,"도수안경착용하고 있는황반변성환자인경우

도수안경의 굴절율이 1.6이상이면은 자외선차단이된다고 하는데

굴절율 1.6이상도수안경을 착용하면 갈색선그라스는안껴도되는지궁금합니다",C5,,tri_llm_consensus
T-0258,2014,안과,황반변성 건성인데 관리를잘하면 습성으로진행을 얼마나늦출수있나요.습성으로진행이안될수도있나요,"인터넷검색에서는 8년만에습성으로된사람도있고 3년만에간사람도있는거같읍니다

저는 아직 선이 찌그러지는것은아닙니다

안과에서 시력검사중 왼쪽눈 교정시력이 0.4밖에아나온다고 황반변성이라고합니다

건성인경우 관리를 잘하면 습성으로진행을 얼마나늦출수있는지궁금합니다

뜨 습성으로 진행이안되는경우도있는지  안되는경우는건성중에 몇%정도인지궁금합니다

습성치료법은많이검색되는데 건성을검색이잘안되내요

답답합니다 그리고 힘드내요",C6,C5,tri_llm_consensus
T-0259,2014,가족,황반변성 치료제 .........,"황반병성 치료제를 좀 알아보고 있는데요

아버지가 눈이 이상하다고 하셔서 병원에 모시고 갔더니

황반변성이라고 하더군요

눈이고 아무래도 연세가 있으시다보니 걱정도 되고 하다보니

좋은 치료제같은게 있을까 싶어 조언을 구해봅니다

노안도 오셨고 특히나 요즘 침침해지시고 초점이 안맞으신다고 하셔서

이렇게 황반변성쪽으로 좋은 치료제를 알보고 있는데요

혹시 좋은 정보 좀 있으시면 답변 좀 부탁드려봅니다

일단은 병원에서 치료를 받겠지만 따로 좋은 방법이 없을까요?

어떻게들 치료하셨는지 좋았던 치료제라던가

음식 관리 전반적으로 이런것들 도움될만한게 있으면 말씀해주시면

많이 참고가 될것 같습니다..

어떻게 눈을 잘 보호하고 관리를 하셔야할지요?

재발이나 악화도 잘 되서 꾸준히 신경을 써야한다고 하더군요

저희 아버지 황반변성 치료제으로 좋은것들은 어떤게 있는지

추천도 해주시고 좋은 말씀 부탁드려봅니다.",C3,C5,tri_llm_consensus
T-0260,2014,생활,황반변성 치료 하려면,"남편이 황반변성이라고 하네요...

저도 남편도 그냥 피곤한가보다 아니면 나이도 있고 그런가보다했는데

황반변성이라고 하니 많이 당황스럽네요

치료 조언 좀 들어보고싶어서요

병원에서는 황반변성도 치료받고 하면 좋아질거라고 하는데

눈도 계속 관리를 해줘야한다고 하더라구요

일단은 황반변성에 대해서 아는것도 없고 해서 치료하신분들 얘기들어보고

치료방법들 좀 알아보려고 해요

병원다니는것만으로는 걱정이 많이 되네요

황반변성에 대해 치료 조언 좀 부탁드려볼게요

눈관리 어떻게 하면 좋을까요?",C3,C5,tri_llm_consensus
T-0261,2014,한의학,가시는한의원마다체질이다르게나오는데,"어머니가습성황반변성이시라 혈관에안좋은육류를피하고 블루베리케일등푸른생선등의

주로야채류와 눈에좋은음식들을

해드리고있는데 체질을알고

음식이나섭생에신경써드리면 좋을거같아

처음진료받은한의원에서 소음인으로 진단받고

따뜻한성질과 소음인에맞는 음식워주로

해드렸습니다 문제는 처음진료받은 한의원에서소음체질로 말씀하셔서 그에맞춰서

해드렸는데 두번째진료받은 한의원에서는 소양체질을 좀더정확한진료를위해최근방문한 8체질로유명한 한의원에서는 목양체질 굳이사상체질로는 태음체질로진단받았습니다 제생각엔가장최근진단받은한의원에 신뢰가가는데

문제가있습니다 목양체질이 최대한채소류를 피하고

육류를 소고기를 많이드시게하시라는데 특히 특별히

챙겨드렸던 블루베리도드시지말게 하라는데 황반변성에 육류가좋지않은걸로도알고있습너다

체질을알고자 한이유가 정확한체질을 알아서 그에맞취눈에좋은음식을 해드리면좋을거 같아

체질을알고자 한것인뎌 체질에맞추자니 눈에안좋다고 생각한음식들이 주음식이라 혼란스럽습니다 소음체질의따뜻한음식은6개월정도

눈에좋은야채류와 베리류는1년넘게 드시게했는데

어떻게하는것이 좋을까요

목양체질음식을 일주일동안드시게하고 다시오라는데 기존드시던음식읆 끊을수없어서

바정도만드시게했습니다

꼭좋은 답변기다립니다",C5,C5,tri_llm_consensus
T-0262,2014,"음식, 식재료",황반변성증상 있는데 좋은음식 추천 바랍니다 .,"황반변성증상에 대해서 좀 알아보고 싶은데요

저희 엄마가 병원에 가셨는데 황반변성증상 초기라고 하거든요

그래서 치료 받고 그러시는데 좋은음식같은것도 있을까 해서요

사실 저도 눈에 관련된거라고만 알지 황반변성증상에 대해 잘 모르거든요

눈에 좋은음식 같은거라도 좀 드시면 낫지않을까 싶은데

추천해주실만한게 있으실까요?

황반변성도 알아보니까 눈도 나빠지고 무서운 병이더라구요

치료하면서 드실만한 증상에 좋은음식같은거나 관리법? 이런것 좀 아시면 답변 좀 주세요

그래도 초기라고 하셔서 그나마 다행이면서도

악화없이 잘 회복되셨으면 마음과 걱정이 드네요..

황반변성증상 치료하시면서 잘 나으실 수 있게 좋은음식도 좀 알려주시고

조언 좀 해주세요

부탁드려요",C5,,tri_llm_consensus
T-0263,2014,"음식, 식재료",노인황반변성 증상 치료하는데 좋은음식은 !?,"저희 할머니 눈에 좋은음식을 좀 알아보고 싶어요

노인황반변성 증상으로 치료를 받고 계시거든요

근데 걱정이 많이 되서 노인황반변성 증상에 좋은음식?

이런것 좀 드시면 치료하시는데 좀 더 낫지않을까해서

추천 조언들어보고 챙겨드리려고해요

노인황반변성이 시력도 많이 떨어질 수도 있고

증상이 치료가 되더라도 꾸준히 관리하고 그래야된다고 해서...

눈쪽에 좋은음식같은거나 영양제? 이런거 드시고 하면 좋지않을까요?

일단은 저도 노인황반변성 증상에 대해 병원에서 들은게 다라

자세히 알지도 못하고 해서 할머니 모시고 치료만 받고 있거든요

노인황반변성 증상에 대해 치료하신분들이나 좀 잘아시는분들

좋은음식이 여러가지 도움될만한것들 좀 알려주세요

부탁드려요",C5,,tri_llm_consensus
T-0264,2014,가족,황반변성의증상과 치료 ....,"남편이 눈이 자꾸 이상하다 해서 휴가 쓰고 안과를 갔는데

황반변성 증상이라고 하네요...

저도 황반변성에 대해 증상이라던가 치료 이런걸 잘 몰라서

조언을 좀 들어봐야할 것 같아서요..

보니까 황반변성이 보통 노화증상이라고 얘기하더라구요

치료도 완치보다는 더 악화안되게 관리 잘하고 이러라네요

혹시 황반변성 증상 치료하고계신분들 어떻게 하시는지

얘기 좀 들어보고 싶어요

아무래도 병원치료는 당분간은 받겠지만 눈관리를 해야할것같아서요

도움이 좀될만한게 있을까요???

남편 황반변성 증상 치료 조언 좀 부탁드릴게요",C3,C5,tri_llm_consensus
T-0265,2014,안과,황반변성  문의,할머니께서 황반변성 수술을 앞두고 많이 불안해 하십니다. 상담시 수술 부작용은 거의 없다고 들었는데 주위 에서 불안한 이야기를 들으셨나봐요. 수술 후 눈 통증도 상당하고 안압이 상승해 두통도 생긴다고요. 실제 황반변성 수술 후 눈 통증이 있는지 안압이 상승하는 경우도 있는지 궁금합니다. 감사합니다.,C3,C9,tri_llm_consensus
T-0266,2014,안과,황반병성 환자가 피해야할 직업은 무엇인가요?,"황반변성 환자가 피해야할 직업은 무엇인가요??

절대 피해야할 행동이 궁금합니다...!!",C5,,tri_llm_consensus
T-0267,2014,"안과, #황반변성, #황반변성치료, #지식인카드, #지식인카드답변, #플레이스URL, #황반변성, #눈질환, #지식인카드, #지식인카드답변, #플레이스URL, #황반변성, #백내장, #동영상답변, #지식iN동영상답변, #지식인카드, #지식인카드답변, #플레이스URL, #황반변성, #황반변성증상",백내장수술 한지6주되며황반변상초기라고 해요 눈이 수중기같은게지나갈때 흐렸다좀나아집니다 황반변성때문에 그런가요,,C2,C9,tri_llm_consensus
T-0268,2014,안과,황반변성인것같기도 하고 울퉁불퉁 보여서 너무나 신경쓰이고 답답하네요,"일주일 전쯤부터 보이는게 너무나 불편합니다.

처음 느꼈던 것은 일주일 전쯤 운전을 하려 차에 탔는데 유리에 비쳐진 앞의 사물이 울퉁불퉁하게 보이길래

원통형 엘레베이터 같은데 타면 통유리에 반사된 모습으로 느껴졌고

그런 느낌으로 어지러운 것 인줄 알았습니다.

그렇게 보이는게 지속되서 근처 병원에 갔더니 시력도 양쪽 1.0이상이라 하고 시신경 검사도 했는데

멀쩡하니 스스로 병을 키우지 말라 하시더라고요

지금 보이는 느낌은 매직아이를 통해 글자나 형상을 보면 입체적으로 보이는 것처럼 보이네요...

거리감이 점점 떨어지는 것 같고 볼때마다 세상이 너무 어색해서 신경이 엄청 쓰입니다.

더 나아지는것 같지가 않고 계속 심해지는 것 같아 걱정이네요...

손바닥 앞에있는 것 까지는 괜찮은데 그 이후부터는 다 그렇게 보여서 너무나 어지럽고

잘 보이던 것들이 이상하게 보이니 신경이 많이쓰여 스트레스 까지 받을 지경입니다.

아버지께서 황반변성이 있으신데 그게 가족력이 있어서 그런건지... 너무나 답답하네요...

자가 진단표로 해봤는데 안과에 있을때는 조금 이상한거 같애서 어디가 휘어져있다 말하려했더니

찾으려 하는 것 자체가 지금 병을 키우는 거라 하면서 더 심해지면 오라면서 보냈습니다.

지금 와서 자가진단을 해봤더니 왼쪽눈이 조금 그런것같기도 하고...ㅠㅠㅠ

황반변성이 오면 매직아이로 보는 것처럼 울퉁불퉁하게 보이기도 하나요...??

또 다른 분은 뇌에 이상이 있어서 시신경을 눌러서 그런거일수도 있다그러구ㅠㅠ

어떤 검사들을 받아봐야 할까요...??",C2,C1,review_pool_R1_v5b
T-0269,2014,안과,황반변성 급함,"황반변성환자구시각장애3급받앗고시신경이이년전에다죽엇다고판명받앗습니다.지금은 시력이 아직좀 남아있구여

오메가3 오큐바이트 루테인 이런약들이 효과가있을까여?",C5,C6,tri_llm_consensus
T-0270,2014,안과,망막질병 중 황반변성에 대해서,안과 질환 중에 망막(황반변성)에 권위있는 의사를 부탁드립니다.,C8,,tri_llm_consensus
T-0271,2014,"석사동, #황반변성증상, #황반변성한의원, #동영상답변, #지식iN동영상답변, #지식인카드, #지식인카드답변, #플레이스URL, #황반변성, #황반변성한의원, #지식인카드, #지식인카드답변, #플레이스URL, #안과한의원, #황반변성치료",황반변성 질문이요..,"제가 황반변성이 맞는지...증상이 나타나고 있어서요..

직장인이라 병원 갈 시간을 내기가 쉽지가 않네요.

현재 막 글자가 흔들려 보이고 직선이 굽어 보이며 책이나 신문에서 공백이 느껴져요..

그리고 최근에는 사물의 모양이 찌그러져 보이거나 색이 이상하게 보이고 시야가 흐릿해집니다 ㅠ

인터넷에 쳐보니 이런게 황반변성의 초기 증상이라고 하던데..정말인가요?

만약 제가 겪고있는 증상들이 황반변성이 맞다면, 어떻게 해야 하나요??",C2,,tri_llm_consensus
T-0272,2014,안과,루테인복용기간에 대해 문의합니다,"어머니께서 황반변성이라 루테인을 복용중인데요 질문있어요

루테인을 복용한지 3개월이되면 중단한뒤 좀 쉬다가 다시 복용해야한다고 그러는데 그래야 하나요?

어머니가 다니는 안과에서는 별말없이 꾸준히 먹으라고 했는데요

어떤 한의사의 블로그에서는 위에처럼 이야기하니 어떻게해야할지 모르겠습니다

어떤식으로 복용해야할지 궁금합니다

어머니는 현재 아침 저녁 합쳐서 12mg정도를 섭취합니다",C5,,tri_llm_consensus
T-0273,2014,"전기, 전자 공학",PDP TV도 청색광이 나오나요?,"요즘 LCD, LED 의 청색광이 눈에 안좋은 영향을 미치고

이로 인해 황반변성이란 병이 망막에 생길 수도 있다고 하는 얘기가 많습니다

그래서 이번에 TV 교체하게 되어 PDP TV를 사려고 하는데

PDP 도 청색광이 나오나요?

전기 전자분야 전문가 분들께 문의 드립니다.

만약 PDP도 청색광이 나온다면

LED, LCD, PDP 디스플레이중 청색광이 나오는 정도의 순위가 어떻게 되는 지도 알고 싶습니다.

걸 수 있는 내공 다 겁니다",C1,,tri_llm_consensus
T-0274,2014,의약품,루테인 성분 영양제 조제약으로 있나요?,"황반변성 진단으로 국제약품 오큐테인을 처방받아 복용중입니다.

오큐테인이 영양제다보니 보험적용 안되고 보험사의 실비보험 적용도 안됩니다.

의사에게 조제약 처방 해달라하니 루테인은 조제약이 없다고 어쩔 수 없이 영양제로 한다네요...

30일분이 4~5만원이라 부담이 적지 않은데 루테인 성분약을 조제해서 복용할 수 없는건가요?",C5,,tri_llm_consensus
T-0275,2014,생활,진전복환이나 석결명환 천기누설에나온 진짜 구할 수 있는곳 ?,"도움좀 주세요 저희아버지가 황반변성에 시력도 안좋구요

백내장까지 유전적으로 저희집안이 눈이 좀 안좋거든요 ㅜㅜ

그래서좋은거 알아보다가 진전복환 이랑 석결명환 천기누설에나오더라구요

당장 구매 하고 싶은데 ..

제가 조금지난프로그램을 봐서 찾기힘들어서요

유명하고 진짜좋은거라면 찾을수있을듯 합니다

비슷한유사품도 많다고 해서 직접 석결명환이나 진전복환 드셔보신분이 답변을 주셨음

하는데 천기누설에나온거 진짜 구할 수 있는곳 추천 좀 해주세요

어디서 사야할지? ...

광고글은신고할꺼니까 하지마시구요

좋은정보있음 공유해요 ~",C5,,tri_llm_consensus
T-0276,2014,안과,안구건조증 눈찜질,"제가 안구건조증이 있고

시력도 조금 안좋고 황반변성이있어요

눈찜질하면 좋다고해서 오늘 10분햇거든요

자기전에 눈찜질하면좋다고하는데

저는 눈찜찔 10분하고 샤워하고

스킨로션발랏는데 눈찜찔은 자기전에 하는게 좋나요?

눈찜질하고 샤워해도 괜찮죠?",C9,C5,tri_llm_consensus
T-0277,2014,가족,황반변성이란 ..증상,"저희 아버지 황반변성 증상이 걱정이 되서요

저도 얘기만 들었지 잘 아는 병이 아니라서 설명 좀 들어보려구요

요새 눈이 특히 침침해지시고 초점이 안맞으신다고 해서 병원을 모시고 가니

황반변성 증상이라고 그러는데 걱정이 많이 되네요

일단은 병원에서 치료를 받겠지만 따로 좋은 방법이 없을까해서

황반변성 증상에 대해 조언을 좀 구해보고싶습니다

앞으로 어떤식으로 치료랑 관리를 하셔야할지....

완치도 어렵고 악화도 잘 되서 꾸준히 신경을 써야한다고 하더군요

황반변성 증상에 좋은것들은 어떤게 있는지

눈관리에 도움될만한 좋은 정보있으면 꼭 좀 부탁드립니다

꼭 도와주십시오.",C5,,tri_llm_consensus
T-0278,2015,피부과,황반변성 검사,"눈이 매운안좋은 사람으로 눈에 대한 걱정이 많습니다 .

얼마전에 갑자기 컴퓨터를 하는데 직선이 물결치듯이 보이더라고요

그리고 눈에 안개낀듯하며 이증상은 한보름정도 되서 없어졌습니다 .

다음은 눈이 너무 아프고 밤에 잘때도 아픕니다 .

이런저런 증상으로 대학병원에 예약을 해놓던중 직장근처 눈이 너무아푸고

머리까지 아픈증상으로 직장근처에 안과에서

산동검사를 했습니다 .

산동검사후 원장님께서 안구건조증이라고 하시며 머리가 계속아푸면

신경외과를 가보라고 진료의뢰서를 써주셨습니다 .

제가 얼마뒤 대학병원에서 황반변성검사를 하기로 했다고

말씀드렸더니 산동한뒤 봤는데 황반변성이면 신경이죽거나 한다고

그런증상이 없으니 황반변성검사때문에 가면 안가도된다고 하시면서 원장님께서도

망막 전공하셨다고 하셨습니다 .

그래서 대학병원은 예약을 취소된상태입니다 .

근데 오늘 또 문서작업을 하는데 선이 물결치듯이 보이는거에요

덜컥 겁이나 괜히 취소했나 하는생각도 들고

아*** 8월달에 녹내장  정기검진이 있긴합니다 .

(아직 녹내장은 아니고 주기적으로 검사하는 단계입니다 )

다시 예약을 해서 검사를 받아봐야 할까요 ??",C2,,review_pool_R1_v5b
T-0279,2015,의약품,황반변성 약 약국에파나요?,저희 엄마가 황반변성에 걸리셨는데 약국에 약파나요? 엄마가바빠서 저가 사드릴려고하는데 동네 약국가면 파나요? 그리고 황반변성에 좋은 음식도 써주세요,C5,,tri_llm_consensus
T-0280,2015,"음식, 식재료",황반변성에좋은음식은 ….,"황반변성 치료하면서 좋은음식이 있을까해서 좀 알아보고 있는데요

아버지가 눈이 이상하다고 하셔서 병원에 모시고 갔더니

황반변성이라고 하더군요

초기고 치료랑 빨리 시작을 하면 괜찮을 거라고 하는데요

눈이고 아무래도 연세가 있으시다보니 걱정도 되고 하다보니

약은 드시니 황반변성에좋은음식같은게 있을까 싶어 조언을 구해봅니다

노안도 오셨고 특히나 요즘 침침해지시고 초점이 안맞으신다고 하셔서

이렇게 황반변성쪽으로 좋은음식같은것들을 찾아보븐 중입니다

혹시 좋은 정보 좀 있으시면 답변 좀 부탁드려봅니다

일단은 병원에서 치료를 받겠지만 관리측면에서 좋은 방법이 없을까요?

황반변성을 치료를 하시면서 좋은음식 관리법 등

전반적으로 이런것들 도움될만한게 있으면 말씀해주시면

많이 참고가 될것 같습니다..

어떻게 눈을 잘 보호하고 관리를 하셔야할지요?

재발이나 악화도 잘 되서 꾸준히 신경을 써야한다고 하더군요

저희 아버지 황반변성에좋은음식은 뭐가 있을까요?

추천도 해주시고 좋은 말씀 부탁드려봅니다.",C5,C3,tri_llm_consensus
T-0281,2015,"안과, #황반변성, #황반변성치료, #황반변성치료, #안과한의원, #지식인카드, #지식인카드답변, #플레이스URL, #황반변성에좋은음식, #황반변성, #지식인카드, #지식인카드답변, #플레이스URL, #황반변성치료, #황반변성증상, #동영상답변, #지식iN동영상답변, #지식인카드, #지식인카드답변, #플레이스URL",황반변성...아바스틴주사로 호전이 있을 가요??,"친할머니께서 올해 연세가 87세이시며, 눈이 좀 안좋으신 편입니다.

한쪽눈은 실명에 가까운 상태이며 최근 잘 보이던 눈이 흐릿하게 보이신다고 하여 병원에 찾아가니, 황반변성?이라고 하네요. 정기검사를 받고 의사가 하는 말이 수술은 어렵고, 점차 눈이 안보여 최후에는 실명을 할 수 있다고 하더군요(잘 보이는눈이..) 치료법은 없고 점차 실명을  늦출 수 있는 방법은 주사를 시술하는 수밖에 없다고 합니다. 정확히 기억이 나지는 않지만 루센티스, 아바스틴, 아이리어 이 3가지의 주사중 아바스틴을 추천하더군요. 보험이 되지 않아 가장 저렴하다고 적극 추천을 하는데 여기서 질문이 있습니다.

주사를 맞을 경우 효과가 있을 가요???조금이라도 효과가 있다면 바로 병원에 갈 생각인데, 할머니께서 가지 않겠다고 고집을 피우시네요. 지식인분들의 고견을 듣고자 하니, 답변 좀 부탁 드리겠습니다ㅠ

감사합니다~",C4,C6,tri_llm_consensus
T-0282,2015,생활,황반변성 유전인가요 치료 ..,"저희 아빠가 황반변성으로 치료를 받고 계신데요

할아버지도 있으셨고 이게 유전인가 해서요...

저도 걱정이 좀 되구요

황반변성의 경우 유전인지 치료랑 예방 이런거 좀 알고 싶어요

아버지도 앞으로 어떻게 치료하셔야할지 조언도 좀 구해보고싶어요

좀 아시는 분은 황반변성 유전 여부부터 증상 치료에 대해 좀 가르쳐주세요

요새 또 눈도 많이 침침해지셨고 종종 통증도 있으시다고 하는데

약만 드신다고 되는게 아닌것 같더라구요

황반변성 치료에 대해 좋은 정보 있으면 좀 알려주세요

유전인건지 궁금하기도 하구요

아무래도 눈이다보니 걱정이 안될 수가 없더라구요

저도 좀 잘 챙겨드리고 싶은 마음에 질문드리구요

이런 황반변성이 유전인건지 치료는 어떻게 해야 완전히 잘 회복가능한지

도움될만한것들 알려주시면 감사하겠습니다",C1,C3;C5,tri_llm_consensus
T-0283,2015,생활,황반변성 ! 치료 !!!ㅜ.ㅜ,"저희 어머니가 눈이 좀 불편하시다고 하셔서

노안인줄만 알고 있었는데 황반변성 진단을 받으셔서 치료를 들어가야하는데

어머니도 저도 어떻게 해야할지 걱정이 많이 됩니다

황반변성 치료 조언을 좀 들어보고싶구요

병원에서는 일단 약물로 치료하면서 경과를 보자고 하는데

황반변성 치료 어떤식으로 하면 효과적일지..

일단 눈에좋은 것 좀 아시면 알려주셨으면 합니다

지금 생각하면 좀 일찍 어머니가 눈이 불편하다고 하셨을때

안과를 갈껄 하는 생각이 드네요....

황반변성이 치료랑 관리를 계속 해야된다고 하더라구요

심하면 실명도 된다고 하는데 더 늦지 않은걸 다행이라고 생각하고

어머니를 좀 잘 챙겨드리려고 합니다.

황반변성 치료 회복하시면서 도움될만한 눈에 좋은 방법들 어떤게 있을런지

조언 좀 부탁드려봅니다",C3,C5,tri_llm_consensus
T-0284,2015,"음식, 식재료",황반변성에좋은음식 ..,"저희 친정엄마가 눈이 침침해져셔서 안과를 엊그제 찾았었는데...

황반변성이라고 하더라구요....

당분간은 병원을 꾸준히 다니시면서 치료를 받으셔야한다는데

눈에좋은음식이라던가 황반변성에 도움될만한것들이 있을까 해서요

알아보니까 완치가 어려운질환이라고 그래서 걱정이 많이 되네요

황반변성에좋은음식 이런거라도 챙겨드릴 수 있으면 좋겠는데...

혹시 좋은게 있을까요?

엄마도 이번에 많이 놀라신것같아요

아무래도 눈이다 보니 불안하기도 하고 병원에서는 더 안나빠지고

치료가 잘 될 수 있다고 하는데...

눈에 도움될만한? 황반변성에좋은음식 좀 알려주셨으면 해요

따로 관리르 어떻게 해야하는지 조언부탁드려요.

엄마도 그렇고 저도 그렇고 지금 좀 막막한 부분이 많거든요

잘 치료하신분들 황반변성에좋은음식이라던가

좋은 정보아시면 꼭 좀 알려주세요...

제발 좋아지셨으면 좋겠는데...",C5,,tri_llm_consensus
T-0285,2015,가족,황반변성 치료 ...,"저희 아버지가 황반변성 환자이신데요

치료 조언 좀 구해보려구요

아무래도 유전적인 영향도 있으신듯 하구요..

저희 할아버지도 황반변성으로 예전에 치료를 받으셨는데

아버지도 고생을 하시고 계셔서요

눈이다보니 걱정이 많이 됩니다..

황반변성에 좋은 치료방법 좀 아시면 알려주셨으면 합니다

앞으로 눈관리를 철저히 하셔야할 것같아서요

완치도 어려운 걸로 알고 있는데 병원다니시는 것만으로는

불안하기도 해서 황반변성 치료하신분들 얘기를 좀 들어보고 싶네요

음식 관리 전반적으로 이런것들 도움될만한게 있으면 말씀해주시면

많이 참고가 될것 같습니다..

어떻게 눈을 잘 보호하고 관리를 하셔야할지요?

황반변성이 치료 후에도 재발이나 악화도 잘 되서 꾸준히 신경을 써야한다고 하더군요

잘 아시는 분들 조언부탁드립니다",C3,C5;C1,tri_llm_consensus
T-0286,2015,음식,황반변성 치료 좋은음식 ..,"저희 아버지가 요즘 시력도 점점 떨어지고 있는지 보이는게

흐릿하면서 일그러져 보 인다고 하셔서 안과에 다녀오셨는데요

보니까 황반변성이라고 치료를 받으시라고 했다네요

눈에 좋은음식? 이런것도 드시면 좀 나을까요?

이거 얼마전에 티비보니까 황반변성은 치료가 힘들다고 하던데

완치하신분이나 눈관리? 이런거 잘 하시는분 계신가요?

황반변성 치료하시면서 드셨거나 효과 좀 보신 좋은음식있으시면

추천도 좀 해주시면 감사하겠습니다.

지금 50대초반이신데 앞으로 몇십년은 눈을 쓰셔야할텐데 걱정입니다

이번 황반변성 기회에 황반변성도 잘 치료하시고

앞으로도 눈에 좋은음식이라던가 이런것도 드시고 관리 잘 하셔서

질환없이 잘 지내셨으면 하는데요...

지금은 많이 불편하고 답답하시다고 하시구요

생활하시면서도 많이 힘들어하시네요

황반변성 치료에 좋은음식이라던가 도움될만한것들은 뭐가 있을까요?

답변 부탁드립니다",C5,C3,tri_llm_consensus
T-0287,2015,건강,광주에 망막잘보는 병원 추전해주세요,저희 아빠가 완도에 있는안과병원에 갔는데 황반변성이라고 망막주사를 맞아야한다고했다네요!!대학병원에 가기도 그렇고해서요 혹시 광주에 망막원장님계시고 주사도맞을수있는병원좀알려주세요!!,C8,C4,tri_llm_consensus
T-0288,2015,안과,황반변성 아바스틴주사 맞고 난 후 관리법!,"황반변성 아바스틴 주사 맞고 난 후에

안대는 언제 빼면 되는 건가요?

세수나 머리 감아도 되나요?

그리고 안약을 2개를 주셨는데

2개를 동시에 연속으로 넣어도 상관없나요?

질문이 넘 많죠;;

그래도 꼭 자세한 답변 부탁드립니다ㅠㅠ",C9,C4,tri_llm_consensus
T-0289,2015,안과,황반변성에 대해 알아보고싶습니다.,"왼쪽눈이 황반변성이라고 판정을 받았습니다.

황반변성인데 혈관에서 생긴것이 아니고 혈관밖에서 생겼다고합니다.

현재 시련은 윈쪽눈은 0.2

오른쪽 눈은 0.7입니다병원에서는 항성제도 쓸수없다고합니다. 항성제는 맞아서 혈관에들어가 치료가되는데 혈관밖에 생긴병이라 항성제도 쓸수없다고하는데 어떻게 하면좋을지 걱정이됩니다

좋은 답변을 해주시면 감사합니다.",C3,,tri_llm_consensus
T-0290,2015,안과,황반변성 주사 맞으면 시력이 좋아지는 건가요?,"황반변성 진단을 받은 후 병원에서는 주사치료를 시작해보자고 하셨는데요.

주사를 맞으면 시력이 좋아지는 건가요?

아니면 현상유지만 되는 건가요?

시력이 더 떨어지지만 않게 해주시는 건지 .. 너무 걱정되고 .. 불안하네요 ㅠㅠ

그리고 주사 맞을때 눈에 놓는다고 하셨는데 .. 마취는 어떻게 하는건가요? 설마 .. 마취 안 해주시나요?

대학병원이라 그런가 시간에 밀려 제대로 물어보지도 못했네요ㅠㅠ

전문가 분들의 도움 부탁드려요!!",C4,C6,tri_llm_consensus
T-0291,2015,안과,안녕하세요,황반변성 어떤증상이신지 물어봐도될까요 ㅠㅠㅠ,C2,,tri_llm_consensus
T-0292,2015,안과,황반변성 약 괜찮나요?,"안녕하세요

위 정보사항은 남편 정보인데요.

병원(대학병원)은 1년(4개월남음)있다가 예약.

오쿠바이트 프리저비전정 다 먹어서

약국에 없다고 하더라고요.

그냥 불안해서 약국에서 권해주는 유한 아이파워 사왔는데 괜찮으련지, 다시 사와야 겠어요.

초산토코페롤이 루테인이죠?

오큐는 500mg

아이파워는 20mg(1알)

프리미엄은 20mg(2알)

이구 지금 보니 괜히 산듯.

집에 그냥 프리미엄 루테인 약도 있는데 두개씩 먹어도 될까요?",C5,,tri_llm_consensus
T-0293,2015,안과,안과 황반변성,"안과에서 65세 어머니께 아일리안?주사를 세번 맞으라는데요

힌번에 15만원이구요.

황반변성도 여러가지이라고 하는데 이주사를

맞는 황반변성이름은 뭔가요?

그리고 이주사를 세번 맞으라는데 부작용은 없을까요?

효과도 천차만별이라는데 효과는 보통 어느정도 보나요?

의사선생님이 맞아보라는데 맞는게 맞겠죠?",C4,C9,tri_llm_consensus
T-0294,2015,안과,황반변성 치료관련,"어머니의 경우입니다.

8년전쯤부터 시력에 이상을 호소하셨고,

작년에 백내장수술을 하셨습니다.

그리고 최근 황반변성진단을 받으시고 어제 처음 눈주사를 맞으셨다고합니다.

황반변성의 치료방법도 수술, 주사 등으로 여러가지가 있다고 알고있는데요.

장기치료가 요구되는 것으로 예상되어 다른 병원의 진단 및 치료방법도 알고싶습니다.

(현재 병원에서는 주사요법으로 10회이상 진행된다 하셨다고합니다.

그러나 시어머니의 경우 이 증상으로 삼성서울병원에서 2년전 수술을 받으셨습니다.

증상에 따라 치료방법이 다를수도 있지만 치료법이 개발되어

예전엔 수술하던 것을 지금은 주사만으로 충분히 가능한 것인지도 궁금합니다. )

가천대길병원, 부천성모병원, 삼성서울병원 같은 종합병원과 김안과(안과전문병원).

종합병원, 안과전문병원 중 어디를 찾아가야 더 정확하고 확실한 치료법을 알아볼 수 있을까요?",C8,C8;C4,tri_llm_consensus
T-0295,2015,안과,황반변성 치료방법없나요?(제발부탁드려요),"저희아버지가 황반변성 진단을받게된지 10년정도가지났어요 올해50살이신데 40살 때부터요.. 제가 너무어려서 전아무것도 느끼지못했고 가족사정상 떨어져지내다보니 더몰랐어요 지금은가까이있는 음식이 뭔지도잘구분못하시고 제얼굴이어떻게생겼는지도 가까이에서 봐야지 좀아시는것같아요 지나가는사람형태같은건 아시지만 아는사람이지나가도 알아볼수없고 버스번호도 크게적혀있어도 볼수없어요 ..자식으로서 가슴이찢어질거같고 잠도 편히못자고 아빠볼때마다 눈물날것같은거 꾹꾹참고 혼자있을때울고 매일그렇게지내요.. 정확한 병명도사실어릴때라잘몰랐고 그때병원을가셨는데 괜찮아지실거라고 했었나봐요 .한쪽이 안좋으시더니 나중엔 두쪽다이상이왔고 여러병원도다니셨던것같은데 방법이없으니 지금은 포기하고 사시는데 일상생활도 좀 힘든편이에요

제발 수술이나 무슨방법이있다면 아니면 좀더나아질수있는 방법이있다면 뭐든알려주세요 부탁드려요..",C3,C5,tri_llm_consensus
T-0296,2015,안과,안과질문이요,안과에가면 간단하게 턱받치고 눈을 검사하잖아요 이 검사로도 녹내장 백내장 황반변성같은 질환을 알아낼수 있나요??,C2,,tri_llm_consensus
T-0297,2015,안과,대구에서 망막 전막 건성 황반변성 진료 잘하시는 선생님이나 병원 좀 알려주세요,"엄마가 망막전막 건성 황반변성 진단받고 수술을 하셔야 합니다 나이는 60초반이시구요

약간 침침하다 하셔서 동네병원 가셨는데 수술 받아야 할 수도 있다고 합니다

대구 사시는데 막막전막이나 황반변성 쪽으로 잘하거나 유명한 병원이나 선생님 좀 알려주세요",C8,C3,tri_llm_consensus
T-0298,2015,안과,황반변성 술먹어도 되나요,,C5,,tri_llm_consensus
T-0299,2015,생활,황반변성증상 치료에 도움될만한건?,"저희집안이 눈 시력이 모두 안좋아요

아빠 할아버지 할것없이 실명하신분도 있고 ㅜ

지금 저희아빠는 황반변성증상 보이시거든요

제 눈까지 걱정된다고 하셔서 같이 안과다녀왓는데 달리방법이 없다는식으로 선생님을 말씀을 하세요

집에서 눈에 좋은음식 먹으면서 최대한 시력 떨어지는걸 늦추는게 중요하다고

관리해야된다고 하던데요

전 예방이 필요하구요

저희아빠는 황반변성증상 치료에 도움될만한걸 찾구 있네요

너무 걱정되요

이 황반변성증상이 심해지면 나중엔 아에 한쪽 시력을 잃을수도 잇다고 하더라구요

저희아빠 운전직업종사하시는데 너무 걱정되요

전 그래도 아직 30대중반이라 괜찮은거 같은데 그래도 예방을 해야될것같아요

시력안좋아서 안경 착용은 하고 있습니다

제발 저희가족 눈 관리 하는데 도움되는거 ..

황반변성증상 치료에 좋은것 좀 가르켜주세요 효과 본 정보같은거요 ..",C5,C1,tri_llm_consensus
T-0300,2015,안과,황반변성 이래요~ 아 불안해요 답해주세요,"안녕하세요 전 50세 여자인데요  약 1개월전부터 왼쪽눈이 물체가 둥그렇게 보이면서 둥근부분 안은 짙은 갈색으로 글씨는 오른쪽눈보다 작고 멀리 보여요.

안과에 갔더니 큰병원으로 가보라고 하더라고요 큰병원에 갔는데 황반변성이래요~

노인성일수도 있구 일시적일수도 있는데 한달 후에 다시 와서 검사를 해보자고하시더라고요~

한 2주 지났는데 처음에 넓게 짙은 갈색으로 보였는데 지금은 둥근부위가 좀 작아지기는 했어요  물체가 오른쪽눈보다 짙으면서 멀리보이고, 글씨가 정확하게 보이지 않아요~

오른쪽 눈하고 왼쪽눈하고 시력이 촛점이 안맞아서 일하는데 몹시 어지럽고 정신이 집중이 안되요~ ㅠㅠ

제가 알고 싶은건 황반변성이 어려운 병인거 같은데 이대로 정상으로 가지는 못하는건지 알고 싶어요

지금 이상태로 촛점이 안맞는다면 이렇게 평생을 살아야 하는건지  알고 싶어요

지금  약간의 돗보기를쓰고 있는데 안경을 써도 글씨가 혼란스러워 보여요",C6,C2,tri_llm_consensus
T-0301,2015,안과,황반변성 안저검사시 산동제 넣어야하나요?,"아이들 눈 황반부에 드루젠이 발견되어 혹시 유전일지 모른다고 부모도 검사해보라는데요 황반변성 검사하려면 안저촬영시 산동제 꼭 넣어야 하나요? 저희딸은 넣고 했거든요

동네 개인병원 안과는 안넣고 하는 병원도 있던데 산동 안해도 황반 자세히 볼수 있나요?

큰병원에가서 검사해야하는지..동네안과 가도 되는지 모르겠어요",C2,,tri_llm_consensus
T-0302,2015,신서동,대구 신서동 안과,아버지 황반변성의심되는데 대구 신서동쪽에 검사가능한 안과 있을까요??,C8,,tri_llm_consensus
T-0303,2015,"약 효능, 성분",제가 먹는 약이 손발이 저릴수있다고하는데..,"바리다제정, 아세타졸정 250ml (매식후 30분)

아세타졸정 250ml (자기전 복용)

브로낙점안액 (아침저녁 한방울씩 눈에 사용)

제가 황반변성 결과를 받았습니다.

망막에 핏줄? 그것이 2주전에 찍은 사진보다 붓기가 줄어들어서

주사 처방전에 약부터 먹어 보자고 하셔서 약을 받아왓는데요

이 약을 먹으면 손발이 저릴 수 있다고 말씀을 미리하셨는데

왜 손발이 저린지 안물어봤네요. ( 병원가면 긴장하는체질임)

어제 점심 부터 해서 저녁, 오늘 아침까지 먹었는데..

의사 선생님이 말씀하신것 처럼 진짜 손끝이랑 발이 저려요..

1. 이 약들이 몸에서 무슨 역할을 하기에 왜 손발이 저린건가요?

2. 미리 언질을 주시긴했지만.. 손발이 저리면 제몸에 안맞는거 아닌가요?

급작스럽게 손발이 저리니까 왜 그런지 궁금해서 여쭤봅니다..

답변부탁드려요.",C9,,tri_llm_consensus
T-0304,2015,장애인복지,장애등급 이의신청에 대해서 질문드립니다.,"저희 어머니께서 2012년도에 좌안 0.15 우안 0.1로 시각 5급을 판정 받았습니다.

그런데 백내장이 심해지고 황반변성도 생기면서 시력이 급격히 안좋아져서 2014년에 시력이 양안 모두 안전수동이 되셨습니다.

그래서 안저사진과 OCT등의 구비서류를 모두 제출하였으나 시력의 악화소견이 없다고 등급조정이 되지 않았습니다. 게다가 이의신청도 했으나 받아들여지지 않았습니다.

그런데 의사선생님께 물어보니 백내장이 너무 심해서 도저히 망막을 볼 수 없다고 하시더라고요. 그래서 백내장 수술을 하면 어떻냐고 물어보니 카메라에 필름 상태가 안좋은데 렌즈를 갈아끼면 어떻겠냐고 하시면서 조금 좋아질 수도 있고 많이 나빠질 수도 있다고 하셨습니다.

그래서 백내장 수술을 포기한 상태인데 올해 또 등급조정이 되지 않아서 이의신청을 하려고 합니다.

이 상황에서 어떻게 해야 할까요?",C7,,tri_llm_consensus
T-0305,2015,안과,황반변성입니다 하루 식단좀 짜주세요~!,"눈 건강이 많이 좋지 않은데.. 거기에 걸맞은 식단을 써주셨으면 좋겠습니다.

그런데 제가 살을 3~5kg 정도 빼고싶은데.. 눈에 무리가 가지않는 선에서 좀 부탁드립니다.

하루에 반드시 먹어야될 야채 채소좀 부탁드립니다.그런데

제가 혼자살아서 요리가 쉽자 않습니다 ㅠㅠ",C5,,tri_llm_consensus
T-0306,2015,여주시,황반변성에 여주 먹어도좋은지,,C5,,tri_llm_consensus
T-0307,2015,안과,황반변성치료,김해에 안과중에 황반변성치료를 잘하는곳 좀 알려주세요~,C8,,tri_llm_consensus
T-0308,2015,"안과, #황반변성, #황반변성증상, #황반변성주사, #한방안과, #지식인카드, #지식인카드답변, #플레이스URL, #황반변성치료, #황반변성, #지식인카드, #지식인카드답변, #플레이스URL",황반변성 주사후,황반변성으로 주사치료를 하게 되었는데요. 4일전에 맞았는데 갑자기 눈물이 막나오고 눈이 많이쓰라리네요 왜그런거죠?,C9,C4,tri_llm_consensus
T-0309,2015,운전면허시험,1종보통운전면허 갱신,"안녕하세요.

면허갱신을 해야 하는데 걱정되는 부분이 있네요.

시력중 우안이 황반변성으로 시력측정이 불가한 상태입니다.

좌안은 1.0 정도 되구요.

이런경우 1종보통운전면허 갱신이 불가한가요?",C7,,tri_llm_consensus
T-0310,2015,안과,황반에 맺히는 상 부위 질문드립니다,"안녕하세요.

한쪽 눈은 괜찮은데 다른 한쪽 눈에 황반 후극부 변성이 있다고 병원에서 그러더군요.

그쪽 전문 병원인데, 3~4년 전부터 1년에 한번씩 검사하고 있는데 상태는 똑같이 그대로라고 합니다.

황반 변성이라고 하기에도 뭐할 정도로 좀 미미한 변성끼가 있다고 하시던데

그래도 불안하네요. 별다른 처방 없이 1년에 한번씩 정기검사를 하고 있습니다.

궁금한 게 있는데

황반 후극부라는 게 그냥 황반을 일컫는 것인지 궁금하네요.

혹시 황반의 뒷부분을 일컫는 건가 싶기도 한데, 간호사님은 그냥 황반 후극부라고 같이

표기한다고 하시더라구요.

그리고 황반에 상이 맺히는 부위는 황반 전체에 사물의 상이 맺히는 건가요?

아니면 황반의 중심부나 딱 정 중앙에 상이 맺히는 건가요?

황반에 있는 약간의 변성 부분이 황반의

어디쯤에 있는지(그래도 좀 상대적으로 좀 괜찮은 데 있었으면 하는 생각에)가 궁금한데

이걸 병원에 물어보려니 이 부분에 대해 상식이 좀 있어야 할 것 같아서요.

혹시 사물의 상 같은 게 황반 전체에 맺히기 때문에

변성이 있는 부분이 황반의 중심부쪽이든 황반 중심부쪽이 아니든 별 상관이 없고

그런 구분을 지을 필요는 없는 건지 궁금하네요.",C1,,tri_llm_consensus
T-0311,2015,안과,황반변성에 대해 질문 드립니다.,"요즘 눈이 좀 건조하고 컴퓨터 모니터를 보닌게 좀 힘들어서

어제 안과를 다녀 왔습니다.

안과에서 현재 증상은 안구건조증이라고 하셨는대

눈 사진을 보시구선 황반변성 같다고 CT를 찍어 보자고 하셔서

CT를 찍어 봤는대 의사 말로는 아직 CT상 문제는 없지만 계속 지켜 봐야 한다고 합니다.

3개월에 한번 정도 검사해 보자고 하는대.

제가 궁금한 점은 Ct상 문제가 없는대 황변변성이라고 진단 할고 있는 건가요?

제가 인터넷에서 찾아 보고 암슬러격자 테스트도 해봤는대

구루러져 보인다 거나 4각의 모퉁이 다 보이지 않는다 거나 중간에 점이 뿌옇게

보인다 거나 그러지는 않았습니다.

시력 검사 결과도 1.0이상 나왔구요

처방은 오쿠테인3만 한달치 받아 왔는대 제가 황반변성이맞는 건가요?

실명까지도 될수 있다고 하고 근본적인 치료방법이 없는 질병이다 보니

무섭고 답답 하고 그러내요

제가 CT이상없고 암슬러격자 제대로 보여도 사진 안구사진만으로 황반병성 확진이 가능 한건가요?",C2,C6,tri_llm_consensus
T-0312,2015,안과,황반 상이 맺히는 부위 질문,"안녕하세요.

어제 황반의 상이 맺히는 부위에 대해 비슷한 질문을 드렸었는데, 궁금증한 게 있어 질문드립니다.

저는 한쪽눈에 황반 변성이라고 하기는 뭐한 아주 약간의 황반 변성끼 같은 게 있다는 진단을 받고

4년째 정기검사를 그쪽 전문병원에서 1년에 한번씩 받고 있습니다.

그런데 담당 원장샘은 너무 바쁘시고 늘 손님도 많아서 질문을 제대로 할 수가 없어서 담당간호사님께

궁금한 걸 질문하는 편인데요. 제가 궁금한 것은 한쪽 눈에 있는 황반 변성끼의 위치인데요.

간호사님께 전화로 질문해보니, 상이 맺히는 중심 초점 부위에 약간의 변성끼가 인접해 있다고

하시고선, 하지만

중심 초점 부위로는 변성끼가 잘 침범하지 않는 편이고, 저는 특히나 그 중심 초점부위에서 약간

비껴나 있어서 그나마 다행이라고 하시더군요.

간호사님은 사물의 상이 맺히는 중심 초점은 점을 찍은 것처럼 아주 작다고 하셨던 거 같은데

그렇게 작은 점이라면, 약간만 변성끼 같은 게 침범해도 시력에 이상이 오는 게 아닌가 싶어

불안하네요. 간호사님 설명으로는, 만약 중심부위에 손상이 갔다면 지금처럼 시력이 잘 나올 수

없다고 그러시거든요. 며칠 전에 측정하니 0.9가 나왔거든요. 매년 잴 때마다 0.9~1.0 사이로 나오네요.

황반을 아래의 동그라미라고 가정한다면, 사물의 상이 맺히는 중심 초점 부위는 A와 B중 어디에

가까울까요? 만약

사물의 상이 맺히는 중심 초점 부위가 B처럼 정말 점 찍은 것처럼 그렇다면

약간만 그쪽에 손상이 가도 시력에 문제가 생길 수도 있는게 아닌가 싶어 불안하네요.

제 생각엔 황반을 아래 동그라미로 가정하면 A 그림처럼 중심 초점 부위도 상대적으로 어느 정도 면적이 되지 않을까 싶은데, 중심 초점 부위가 A 같은지 B 같은지

답변 좀 부탁드립니다.

감사합니다.",C1,C6,tri_llm_consensus
T-0313,2015,안과,황반변성일 가능성이 있나요?,"오늘 갑자기 왼쪽눈 정면에 직사각형 형태로 블러마냥 뿌옇게 보이는 부분이 있습니다.

글을 보면 그 직사각형 부분만큼만 뿌옇게 보입니다.

황반변성의 가능성이 있나요?",C2,,review_pool_R1_v5b
T-0314,2015,"연애, 결혼","""황반변성""인데 영양제를 몇년 먹다가","약이란 무슨 약이든지 후유증이 있을 것이라는 생각에 약을 끊고 눈 운동을 하루에 7분 넘게 하는데

영양제 안 먹어도 운동을 하니 ""황반변성""이 더 진행되지는 않겠지요?

약 끊은지는 1년 2개월 됬구요.",C5,,tri_llm_consensus
T-0315,2015,안과,황반변성 질문,"황반변성이 중증질환인가요?

답변부탁드립니다.",C1,,tri_llm_consensus
T-0316,2015,의약품,오큐바이트 프리져비 구매하는 법,"저희 신장 황반변성때문에 서울아산병원에서 약 복용중

더 나빠지지는 않았다며

2년 후에 오라고 했읍니다.

처방전은 안 써주시고 처방약 쪽지만 주셨어요.

아무 약국이나 있을 줄 알고

병원주위로 안 가고 집에 왔는데 이런..

어느 약국에도 없는거 예요.

이상한것만 권해주고요,,

종로에도 없다고 불친절 전화.ㅋ

구매대행은 어떻게 하는 겁니까?",C5,,tri_llm_consensus
T-0317,2015,안과,황반변성 증상이 의심,"위의 검은색 점을 중심으로 보면

윗그림과 같이 표시된 부분의 직선이 휘어져 보입니다.

혹시 황반변성 증상인가요?

현재 1년째 금연 중입니다. (실제 흡연기간은 3년이하)",C2,,review_pool_R1_v5b
T-0318,2015,안과,황반변성 주사후 출근,"황반변성으로 루센티스 주사 맞을 예정인데 직장때문에 걱정입니다

루센티스 주사맞고 다음날 출근해도 되나요??

제 아는지인은 주사맞기전부터 3일전부터  안약처방받고 주사후 다음날 염증검사 했던것 같던데 며칠쉬던데

저는 출근을 해야해서 ㅜㅜ 고수님들 답장 부탁드립니다",C9,C4,tri_llm_consensus
T-0319,2015,안과,황반변성 출근가능,"양안에 황반변성 검사중인 사람입니다 일요일 하루 쉬는날이라서 ㅡ.ㅡ

질문이 있습니다

1루센티스 주사 맞기전에 안과에서 안약을 처방받나요??

2루센티스 주사후에 다음날 출근 가능할까요??다음날  염증검사를 한다던데

일요일왜에 저녁늦게까지 일을해서 병원갈시간이 일요일밖에 없네요

한달에 한번 주사맞아야 할텐데   쉴수도 없고 ㅜㅜ

3 염증검사 며칠후에 받으면 안되나요?? 회사를 그만둬야하나  다른사람들은 이상황에서 어떻게 진료받으시나요??",C9,C4,tri_llm_consensus
T-0320,2015,안과,황반변성 출근 가능??,"양안에 황반변성 검사중인 사람입니다 일요일 하루 쉬는날이라서 ㅡ.ㅡ

질문이 있습니다

1루센티스 주사 맞기전에 안과에서 안약을 처방받나요??

2루센티스 주사후에 다음날 출근 가능할까요??다음날  염증검사를 한다던데

일요일왜에 저녁늦게까지 일을해서 병원갈시간이 일요일밖에 없네요

한달에 한번 주사맞아야 할텐데   쉴수도 없고 ㅜㅜ

3 염증검사 며칠후에 받으면 안되나요?? 회사를 그만둬야하나  다른사람들은 이상황에서 어떻게 진료받으시나요??고수님들 답변 부탁드림니다",C9,C4,tri_llm_consensus
T-0321,2015,안과,황반변성 잘보는 의사,"작은 동네의원에서 진료받으니 황반변성이라고 대학병원을 가라해서 3-4개월 간격으로 서너번 진료를 받았으나 기다려 보자는 답 뿐인대.(병을 아는게 약 2년여 정도).

선이 세로로 휘어 보이는것이 왼쪽 만이고 갈수록 시력이 떨어 집니다..

병원을 옴겨 황반변성에 권위 있는 의사분께 재검진을 받아보고 싶은대 추천해 주셨으면합니다.  70이 넘엇고 고혈압약을 먹습니다.",C8,,tri_llm_consensus
T-0322,2015,안과,할머니께서 황반변성이신데 증상이 좀 이상...,"할머니께서 황반변성이신데 증상이 좀 이상해서 질문드립니다.

저희 할머니께서 병원에서 검사 다 받으시고 황반변성이라고 진찰받으셨는데요,

눈이 시리고 아프고 머덜머덜거리세요.

이 증상이 황반변성이랑 관련이 있는건지,

아니라면 다른 원인이 있는건지 궁금합니다 ㅠ

그쪽병원에선 시리고 아프고 머덜거리는 증상에 대해선 일언반구도 없었거든요 ㅠㅜ",C2,,tri_llm_consensus
T-0323,2015,안과,"황반원공,황반천공(Macular hole)에 대해서 문의합니다.","황반원공,황반천공(Macular hole) 이 황반변성하고는 틀린건가요?

황반변성은 실명이 있어 매우 위험하고 예후가 않좋은 질환이라는것은 알겠는데

황반원공,황반천공 은 수술도 회복이 잘되고 황반변성하고는

틀리다고 하는것 같아 문의합니다.",C1,C3,tri_llm_consensus
T-0324,2015,"안과, #황반변성",황반변성은 완치가 되는지요?,"황반변성은 치료가 가능합니까?

경험자의 말을 들으니,완치는 되지않고 진행만 늦춘다는데...

그리고 약(영양제-오큐투엠)은 아무 효과가 없다고 합니다.저는

3년전에 백내장 수술을 받았는데 눈이 침침하고 시력이 많이

떨어져 오늘 수술 받은 병원에 갔더니 황반변성이 왔으니 전문병원으로

가라고 소개서를 써 주던데, 마침 옆에 있던분이 자기도 황반변성으로

소개서를 가지고 대학병원에 몇년 치료를 받았다며,여러가지 이야기를

들었습니다. 원장님도 황반변성 환자 선배이니 잘들어 보라고 하였습니다.

조언을 부탁드립니다.",C3,C5;C6,tri_llm_consensus
T-0325,2015,안과,황반변성에 대하여??,"일주일전에 오른쪽눈에 이상이 생겨서 동네 안과의원 추천으로 서울의 안과전문병원에

가서 정밀검사를 한 결과 삼출성황반변성(습성) 진단을 받았습니다.

발병원인은 노안에 따른 급성이라고 합니다.

첫째날에는 출혈부위 제거를 위한 가스(?)주입 주사를 맞았으며 경과가 좋아 다음날 항체주사를

(아일리아)시술받았습니다.

앞으로도 매달 한번씩 항체주사를 맞아야 한답니다.

평소 눈에 대해서만큼은 누구보다도 자신이 있었으나 당뇨가 있어서 동네 안과의원에서

주기적으로 검진을 받았는데도 병에 걸리니 너무 황당하고 우울한 심정입니다.

질문요지는 가)항체주사는 왜 한달간격으로 맞아야 하는가요? ( 빠른 회복을 위하여 보름간격은?)

나)루센티스와 아일리아는 어떤 차이가 있으며 약효가 어느 것이 나은가요?

다)습성의 경우 시력이 정상으로 회복하기는 어렵고 안될수도 있다고 하는데 꾸준히

치료하면  예전보다 어느정도 회복이 가능할까요?

라)치료를 하면서 시력측정을 하고 있는데  좌측 0.6 / 우측 0.3 이라고 합니다.

오른쪽눈은 소형노트북화면을 볼수 없는데도 시력이 0.3 이 맞나요?

마)소잃고 외양간고치기이지만 눈에 좋다는 루테인성분을 꾸준히 복용하면 시력회복에

도움이 될 수 있나요?

바) 동네 안과에서 6개월단위로 정기검진을 받았었는데 조기발견이 안된 이유가 어떤

경우인가요?

사)  평소 술을 즐겨마시는데 치료기간중에 금주령에 엄청 괴롭네요.

맥주한잔 정도는 괜찮을까요?

아) 안경을 지금 상태에서 맞춰야 하는지 아니면 치료를 끝내고 맞춰야 합니까?

선생님의 고견을 부탁드립니다.",C4,C5;C6,tri_llm_consensus
T-0326,2015,안과,녹내장ᆞ황반변성문의,복합적진료가 필요한데 어느정도급 병원을가야 하나요ᆞ안과전문병원과대학병원 추천이 반반이라 고민되네요ᆞ장단점이나차이점이 있나요? 무조건 집젤가까운데갈까요?,C8,,tri_llm_consensus
T-0327,2015,"안과, #황반변성, #백내장, #동영상답변, #지식iN동영상답변, #지식인카드, #지식인카드답변, #플레이스URL, #황반변성, #황반변성치료, #지식인카드, #지식인카드답변, #플레이스URL, #황반변성, #황반변성치료",황반변성 치료수술,"의료상담 추가정보는 저희 어머니 스펙이고요

황반변성에 걸리신지 오래되셨어요 상이 흐릿하고 글자가 잘안보이고

멀리있는게 잘보이는 안경하고, 돋보기 이렇게 안경 두개 맞춰야 하는정도? 입니다.

약물치료도 꾸준히 못받고 있는 상황이에요 가난해서

돈을 꾸준히 모아서 수술 시켜 드리고 싶은데

아직 황반변성을 100퍼센트 완치시킬수 있는 수술이 없다 하더라고요

언제쯤 황반변성을 완치할 수 있는 치료법이 나오는지 가르쳐주세요

그 치료법 대략 비용도 얼마정도 들지도 가르쳐주세요 부탁드립니다",C3,C7,tri_llm_consensus
T-0328,2015,건강에좋은음식,만성 비형 간염 보균자이고...,"만성 비형 간염 보균자이고

황반변성질환을 가지고 있습니다

수술과 약이 없다하여 집에서 차로 끊여먹을려고 합니다

민들래.구기자.느릎나무.개똥쑥.감초 넣으서 먹으면 안되나요?",C9,C5,tri_llm_consensus
T-0329,2015,"사상의학과, #핵산, #핵산이풍부한음식, #핵산영양제, #핵산이많은음식, #연어이리, #디엔에이조이셀, #핵산, #핵산영양제, #연어이리, #로케트핵산, #핵산120",어머님이토양체질이신데  핵산이많은 연어이리나 핵산영양제가..,"어머님이 황반변성이신데 주원인이 활성산소이기도해서

핵산이 많은음식이 도움이 된다합니다

토양체질(태음인 ) 이신데 드시게해도될까요

또 연어이리를 요리하는방법은 검색해도 거의없던데

요리방법을 알수없을까요

시력이 너무떨어지셔서 너무걱정이 되서 간절히

도움청합니다

알려주세요",C5,C9,tri_llm_consensus
T-0330,2015,건강,황반변성 유전인가요 치료할려면 ..좋은음식 ..,"황반변성 유전인가요???

엊그제 건강검진 소견서에 황반변성 증세가 있다고 나왔습니다

현재는 고인이 되셨지만 저희 아버지두 황반변성이 있으셨거든요

황반변성.......... 이게 유전인가요?

물체가 휘어보이고 시력도 안좋아져서 눈때문에 고생하셨던 기억이 나서 저도 걱정입니다

현재는 일상생활 하는데 큰 지장이 있을정도는 아니지만

시력이 점점 떨어지는 느낌은 있구요

치료할려면 어떻게 해야 하는지 궁금합니다

현재상태에서 더이상 나빠지지만 않아도 좋겠는데

병원 다니면서 어떻게든 해볼 생각이거든요

황반변성 치료할려면 뭘 해야 하는건가요???

악화되지 않고 관리할수 있는 방법이나 챙겨먹으면 좋은음식같은것도 좋구요

황반변성에 대해서 좀 아시는분 계시면 답변좀 해주세요

치료할려면.. 제가 할수 있는게 뭐가 있는지...

챙겨먹으면 좋은음식이나 관리 방법 같은거 알려주세요",C1,C5;C3,tri_llm_consensus
T-0331,2015,건강,황반변성 증상과!! 예방방법!!,"눈이 예전같지 않게 많이 불편하고 시력도 떨어지는듯 해서

검진이나 받아볼까 하고 안과에 갔더니

생각지도 않았던 황반변성 증상이 있다고 합니다

정말 놀랬습니다

아직 확실하게 말할 단계는 아니지만

황반변성 증상이 보인다고 하면서 조심할 필요성이 있다고 하네요

나이 50줄에 벌써 이런게 왔나 싶어서

정신적으로도 위축이 됩니다

그리고 눈을 많이 사용하는 직종을 가지고 있다보니

더욱 신경써서 관리를 해야할 필요성이 있는데

어떻게 관리하는게 좋을지 예방방법 같은것 좀 알고 싶고

황반변성에 대해 잘 아시는분들의 조언 듣고 싶습니다

황반변성 증상을 없애기 위해서는 어떻게 해야 하고

예방방법과 관리에 대해서 뭐가 있는지 알고 싶습니다",C5,C2,tri_llm_consensus
T-0332,2015,사상의학과,토양체질(태음인)인데  핵산영양제(연어이리분말함유량이높은) 를 섭취해도괜잖을까요,"어머니께서 심한황반변성이시라 시력이 많이떨어지셨습니다

황반변성의 원인이 활성산소때문이기도해 핵산이 많은 음식이 도움이되고 다량섭취에는 핵산영양제가 좋다하여 드시게하려는데 어머니께서토양체질(태음)이신데 드시게해도 될까요

그동안 토양체질이신어머니께 정*장 홍삼정을 오랜기간 드시게해 체질진단받으러간 한의원에서 홍삼이 어머니께

너무안좋다는얘기를 듣고 안드시게하고있어 아무리좋은것도 확인을하여 드시게하는게 좋을듯해서요

어머니시력이 너무떨어지셔서 간절한마음에 질문드립니다

부디 .. 정확한답변 부탁드립니다",C5,C9,tri_llm_consensus
T-0333,2015,건강,황반변성원인과 치료방법!!!,"황반변성원인과 치료방법에 대해서 알고싶어서 질문드려요

저희 남편 최근에 눈이 굉장히 피로하고 안좋다고해 병원에 갔더니 황반변성이 진행되고 있다고해서요

병명을 듣자마자 실명이라는 걱정이 앞서고 두려운 마음이들더라구요

황반변성 치료방법 좀 알려주세요 눈이 얼마나 중요한지....

황반변성원인과 치료방법..도움되고 좋은것들 정보들좀 알려주세요 꼭좀 부탁드립니다

남편 저희집의 가장인데 중요한 눈이 황반변성이라고 하니 걱정만되요 ㅜ",C1,C3,tri_llm_consensus
T-0334,2015,안과,망막출혈과황반변성과는어떻게다른가요?...,"망막출혈과황반변성과는어떻게다른가요?

제가증상이작된거는3~4년쯤된거같습니다

병원은1년에한번꼴로간거같습니다

대학병원에서는CT찍고검사한후에 망막안에출혈이라고

특별한치료는하지않고자연히스며들기를기다려야한다고해서

그렇게시간이어느정도지나면자연히치료가된거같습니다

지금또눈이불편합니다 증상은예전이랑같은거같구요

근데황반변성증상이랑도비슷한거같거든요

시야가 가운데부분이어둡고 상이흐려보이면서이그러져보입니다

가로줄이약간왜곡져서보이기도하고요

왜자꾸반복적으로이런증상이생기는지?

어짜피특별한치료도안하는데병원엘또가야하는지?

이러다실명이라도되는게아닌지?

참으로걱정됩니다

제정학한병명은뭘까요?

그냥이대로있어도될까요

부탁드립니다",C2,C6,review_pool_R1_v5b
T-0335,2015,안과,황반변성에 종은,황반변성에,C5,,tri_llm_consensus
T-0336,2015,안과,황반변성에좋은음식,"황반변성에는. 어떤 민간요법이있나요

답변주심 감사하겠슴니다",C5,,tri_llm_consensus
T-0337,2015,"안과, #황반변성, #안저출혈, #안과, #시력, #고혈압, #뒷통수, #피쏠림, #두통, #어지럼, #혈관, #황반변성",황반변성 질문 드립니다.,"올해 3월에 황반변성 판정을 받았습니다

이 병에 대해서 여쭤볼게 있는데요

병원에서 사진촬영 결과 중심부에서 살짝 비켜서 아랫부분이 부어 올라 있엇는데..

제가 궁금한것은.

황반변성이란게 저절로 좋아졌다가 다시 또 울퉁불퉁하게 보였다가 또 좋아졌다가

원래 이런건가요?

3월에 글자가 굽어지고 건물이 파도치고 했었는데

4월쯤 언제 그랬냐는듯이 세심하게 스스로 측정해보지 않으면 모를만큼 멀쩡하게 보이구요

그렇게 두어달 잘 보이다가

7월 쯤에 또 굽어지고 직선이 파도치는 증상이 시작돼서 지금 9월까지 계속되고 있습니다.

지금 또 조금씩 좋아지고 있는 느낌인데요..

왼쪽눈 상태가 좋아질땐 오른쪽 보다 더 잘보이기도 합니다.

주사를 맞은 적은 없구요. 안압조절하는약을 처방 받은 적은 있습니다.

질문을 요약할게요.

1. 황반변성이 원래 저절로 좋아졌다가 나빠졌다가 하는건가요

2. 계속 이렇게 놔둬도 되나요?

3. 안저출혈과. 황반변성은 같은 것인가요? 식습관이 좋은 편이 아니기 때문에

고혈압이면 안저출혈을 의심해볼만 하다고 해서요.(고혈압은 없습니다만. 예전엔 없던

두통과, 어지럼증, 뒷통수 피쏠린 느낌 등등이 있습니다.)

쾌속 답변 부탁드립니다.",C6,C1;C2,tri_llm_consensus
T-0338,2015,"안과, #시력, #망막",시력검사용 현미경으로 어디까지 진단가능한가요?,"동네 안과에서 검사할때보는 현미경으로

어느질병까지 알수가 있나요?

백내장 녹내장 황반변성 망막질환등

모든 안과적 질환의 초기를 잡아낼수 있는건가요?

그 현미경으로 봤을때 이상없다고하면

다른것은 걱정하지 않아도 되는건지 궁금해요

눈이 급격히 나빠지고 뿌옇게 보이는데

괜찮다고만 하니 걱정되서요

대학병원을 가야하나 고민입니다",C2,,tri_llm_consensus
T-0339,2015,안과,황반변성 치료후 바로 컴퓨터해도 대나요,"황반변성이 치료방법이 3가지로 알고있는대요

1. 약물치료

2. 레이저치료

3. 주사치료?

로 알고있습니다. 여쭤보고 싶은게 여러가지가있는대요.. 일단

1. 치료후에 컴퓨터를 바로 할수있나요?? 아니면 치료후에 몇일간 경과를 지켜봐야하나요?

(직업이 컴퓨터를 계속 봐야하는직업인지라.. 가장 궁금합니다.)

2. 완치가 불가능한 병으로 알고있는대 정말인가요?

3. 증상이 나타날때마다 치료를 주기적으로 받아야하나요? 그렇다면 보통 얼마나 주기적으로 받게되나요?",C9,C3;C6,tri_llm_consensus
T-0340,2015,안과,저희 엄마가 황반변성이신데요..,"저희 엄마께서 며칠전 황반변성 판정을 받으셨습니다 조금 진행 되어 있는 상태고 습성이라 하셨습니다..

일단 루테인 섭취 하면서 3개월뒤 다시 검사 받아보라 하셔서

루테인 20mg짜리 2알씩 하루 2번 드시고 계십니다 총 80mg 섭취하시는거죠..

이게 복용량이 맞는지 궁금해 지식인에 도움 요청합니다

20mg짜리를 1알씩 2번 드시는게 적당한지 20mg짜리를 2알씩 2번 드시는게 적당한지 궁금합니다",C5,,tri_llm_consensus
T-0341,2015,"안과, #황반변성",황반변성에 대한질문이요~~~,"친정엄마께서 울산대학병원에서 한2년전부터 황반변성치료를 두세달에 한번씩 다니셨다고해요 왼쪽이 많이 안좋았던터라 주사치료를 간간히 받으셨고 치료되진않았지만 흉터가 남고 더 진전되지않게 약을받아드셨다고하시더라구요~그런데 세달전 약드시는게 귀찮기도하고 약때문인지 간수치도좋지않은것같다 말씀드리니 몸에좋지도않은약 안드셔도 안되겠습니까~하시며 약처방을 안해주셔서 그래도될까요하고 안드셨다는데 이틀전갑자기 괜찮던 오른쪽눈이 잘안보여 급하게 병원갔더니 혈관이증식했다며 담주는 추석이니안되고 수술은 수욜만하니 상태가안좋긴하나 그다음주 수욜에하자하신다니 ㅜㅜ

답답하고 속상해 문의드립니다.

황반변성은 나빠지지않기위해 꾸준한 약물치료가 들어가줘야하는거아닌가요? 환자가불편하다고해서 그렇게 약을 끈는경우도있는지 혹 그것때문에 더나빠진건 아닌지 알고싶고 새롭게 나빠진 눈을 어찌하면좋을지 저희엄마눈이 너무 걱정입니다.",C6,C6;C5,tri_llm_consensus
T-0342,2015,생활,황반변성치료방법,저희 할아버지께서 작년까지 쭉 안보이셨던걸 그냥 넘기시다가 작년에 백내장수술을 하러 안과에 가셨다가 황반변성이라는 병에 걸리셨습니다 . 너무 늦게 오셔서 이미 한쪽눈은 실명에 다른한쪽눈은 시력이 매우 떨어져서 지금은 저희를 못알아보실 지경입니다.. 손녀인 저로서는 그런할아버지를 보실때마다 마음이 찢어집니다.. 그나마 작년부터는 황반변성에 맞는 비타민주사를 9번 정도맞았지만 그주사는 그냥 지금시력저하를 막는용도라는데 이미 남은눈의 한쪽시력도 떨어질때로떨어져있어 아무 도움이 안됩니다... 국가에서 게다가 11번까지만 100만원하는 주사를 25만원에 맞게 해준다는데 그마저도 3번 남았고 그뒤부터는 100만원주고 맞아야한다는겁니다.. 저는 이런 상황이 너무 답답해서 이글을 쓰게됬습니다.. 어떻게 다른방법 없을까요?? 다른분들은 황반변성예방법을 주로 묻던데 저는 치료방법을 알고싶습니다. 진전없는 비타민주사말고요.. 혹시 각막이식수술이 있다는데 저희할아버지가 해당될까요.? 말고도 다른방법이 있다면 알려주시기바랍니다.. 부탁드립니다..,C3,C4;C7,tri_llm_consensus
T-0343,2015,"안과, #황반변성",저희 아버지가 황반변성을 앓고 있습니다.,저희 아버지가 한달 전부터 황반변성을 앓고 계십니다. 일주일마다 병원에 가셔서 치료를 받으시는데 저희 가족들이 낮에는 아무도 없어서 혼자 계시는데 하루종일 집에만 있는 모습을 보니 맘이 아파서 그러는데 아버지가 밖으로 나가서 놀만한것들이 있을까요? 시력을 잃게되면 어떤 일을 해야될까요? 아버지가 일을 안하셨으면 마음이 편하겠지만 나중에 시력을 잃게되면 직장 걱정을 하시네요.. 지식인분들 좋은 답변 부탁드립니다:-),C9,C6,tri_llm_consensus
T-0344,2015,안과,황반 변성의 주사 시술 과정과 전문 병원은,"왼쪽 눈 시력이 급격하게  안좋아져서

2015년 09월 25일 안과를 방문헸는데 검사결과 황반변성이라고 합니다.

주사시술을 하여야하고 효과가 있을지의 여부는 불투명하다고 합니다.

효과가 없으면 다른 방법을 찾아야 한다고 하네요

눈에다 어떻게 주사를 할수 있는지 마취를 하고 하는지  어떤 순서에 의해하게 되는것인지?

황반변성에 대한 우리나라의 전문병원또는 전문 교수도 궁금합니다.

현재까지 완치가 없다고 이야기하는 사람도 있고

황반변성의 치료는 어떻게하는것이 좋을지 궁금합니다.",C4,C8,tri_llm_consensus
T-0345,2015,건강,황반변성 증상 도움되는건??,"아버지 황반변성 치료에 도움이 될만한 정보 좀 얻고싶어 질문드립니다

자꾸 시력도 떨어지고 사물이 변형되어 보인다하시는데요

더 악화가 되기전에 관리에 신경을 써드려야 할것 같아서요

병원치료도 받고 계시지만 병원만 믿고 손놓고 있을수만은 없잖아요

황반변성 증상 치료에 대해 좋은 정보 있으면 공유 좀 부탁드려요

그리고 할아버지, 아버지 모두 황반변성을 가지고 계시는데 이것도 유전인가요?

요즘엔 제 자신도 좀 걱정이 됩니다

황반변성 치료와 예방에 도움이 되는 사항 조언 부탁드립니다",C5,C1,tri_llm_consensus
T-0346,2015,건강,황반변성 치료 조언...,"저기요 황반변성 치료에 도움되는 정보 좀 주세요

열심히 알아보고 있는데요

생활하는데 너무 불편하고 힘들어서 질문드려요 황반변성 치료 어떻게 하면 고통없이 쉽게 할수 있을련지?

황반변성 완치는 힘들거라는 이야기는 들었지만 현 상태에서 더이상 나빠지지 않았음 하는

마음에 질문 드려요

저희 친정아빠가 황반변성인데 병원에 가보면 그냥 안약이나 그런것만 주세요

눈에 좋은 영양제나 음식들 챙겨드리고 싶은데 어떤게 좋은건지 잘 모르겠네요

황반변성 치료를 받고 계시거나 관리하고 계신분들의 조언 부탁드립니다

이런것도 유전이라고 해서 저나 저희아들도 미리 예방해야될것 같은데요

황반변성 치료에 도움되고 예방할수있는 좋은게 있다면 알려주세요

그럼 부탁드립니다",C5,C3,tri_llm_consensus
T-0347,2015,피부과,황반변성 치료방법 이런거요~,"황반변성 피료방법 알 수 있을까요?

제가 안과에서 검사를 받았는데, 황반변성이라고 하네요.

시력저하는 조금 되었는데 관리를 하는 것이

좋을 것 같다고 해서요.

황반변성 치료방법 아시면 알려주세요!",C3,C5,tri_llm_consensus
T-0348,2015,한의학,"녹용,홍삼,아사이 베리.대추.생강으로 약달여먹어도 괜찮을까요?","녹용,홍삼,아사히베리,대추, 생강을 넣어서 한약을 달여먹으려는데

황반변성,고지혈증 예방에 도움이 되나요?",C5,C9,tri_llm_consensus
T-0349,2015,안과,황반변성을 치료받는 사람으로서 눈이 피로할정도로 모니터등을 많이 사용해도 황반변성에는 별 지장이 없는지 알고싶읍니다.,"78세의 나이로 컴퓨터를 많이 할수록 좋은데

황반변성을 치료받는 중입니다.돋보기를 쓰고

모니터를 장시간 봐도 황반변성에는 큰 지장이

없는지 궁금합니다. 약간의 지장은 감수 하고

싶읍니다.

답변 부탁드립니다.",C5,,tri_llm_consensus
T-0350,2015,건강,황반변성..,아ㅏ 저희 아버지께서 황단변성 그. 뭐냐 그런게 잇는데ㅠㅠ 곧 수술을 하신데요.. 근데 이게 완벽한 치료방법은 없나용?? 제가 뭐라도해드리고 싶어서.. 눈에 좋은것과 치료방법 좀 알려주세요!!,C3,C5,tri_llm_consensus
T-0351,2015,건강,황반변성 치료 눈에 좋은건..??,"저희아빠가 황반변성 때문에 치료를 정기적으로 하고 있는데도 불구하고 점점 시력이 약해지고있어요

이거 황반변성 유전 이라고 하더라구요

안과에 가면 시력저하를 막는데 도움이 된다고 주사 맞는걸 권해주셔서 몇번 맞으시긴했는데요

가격이 만만치가 않아 계속 주사를 맞게 해드리는건 현실적으로 좀 힘들거 같아요

그리구 그런것도 오래맞는게 좋은건 아닌거 같구요

시력이 점점 떨어지다보니 불안하신가봐요 너무 걱정되는데요

이게 유전이라면.....저도 황반변성 올 수도 있어서 예방 해야될것같아요

눈에 좋은것들 음식이나 식품 같은거 챙겨 드시게 하면 괜찮으실까요 ?

저나 아버지나 황반변성치료가 필요합니다 전 예방 해야되구요

이러다 시력을 완전히 잃게되지않을까 너무 걱정되고 조바심이 나네요

황반변성 치료에 도움이 되는 눈에 좋은것들에 대한 정보부탁드립니다 제발요

플리즈 ~ㅠㅠ",C5,C4,tri_llm_consensus
T-0352,2015,"안과, #안과한의원, #지식인카드, #지식인카드답변, #플레이스URL, #황반변성치료, #황반변성, #황반",황반변성 관리방법 알려주세요.,"황반변성은 완치가 불가능하기 때문에 평소 관리가 중요하다고 알고 있습니다

.

주사치료 말고 평소에 어떻게 관리하면 되는지 자세히 알려주세요

.

그리고 황반변성에 좋은 영양제도 추천해주세요

.",C5,C6,tri_llm_consensus
T-0353,2015,안과,암슬러격자가 약간 휘어보입니다. 황반변성 인가요,"암슬러격자가 약간 휘어보입니다

.

암슬러격자 외에도 그냥 글씨가 흔들려 보일때가 있습니다

.

황반변성 검사를 받아보려고 하는데 어떤 검사를 받으면 되나요

?",C2,,review_pool_R1_v5b
T-0354,2015,"안과, #황반, #황반변성, #황반변성, #눈관리법, #지식인카드, #지식인카드답변, #플레이스URL, #황반변성주사, #안과한의원, #지식인카드, #지식인카드답변, #플레이스URL",황반변성 주사치료말고 다른 치료법은 없나요?,"주사치료를 꾸준히 받았지만 호전이 되지 않아 걱정입니다

.

주사치료 말고 다른 치료법은 없나요

?",C3,C4,tri_llm_consensus
T-0355,2015,생활,황반변성 치료방법 추천바랍니다..어머니 힘들어하십니다.,"황반변성 치료방법 좀 알려주세요 저희어머니께서 눈 때문에 많이 힘들어 하세요

안과 검사를 받으셨는데 노인성 황반변성 이라고 합니다

얼마전부터 계속 눈이 침침하고 물건들도 잘 안보인다고 하셨는데 일반적인 노안으로 시력이 떨어졌거니

생각하고 크게 생각조차하지 않았는데 그것이 병을 키웠던것 같아요

황반변성 치료방법 알고싶은데요 효과를 볼 수있는 도움되는 정보 좀 주세요

황반변성 심한경우 실명할수 있다는 말에 갑자기 심하게 걱정이 되는데요

어떻게 하면 이거 시력 떨어지는걸 막을수있어요 ???

예방에 좋은거요 황반변성 치료방법 좀 알려주세요

주기적으로 황반변성 치료도 받고 계시지만 눈에 좋은것들 이라도 따로 챙겨서 드시면 도움이 되지않을까싶어 황반변성 치료방법 알아보고 있습니다 어떤게 도움되는건지 ....

효과를 볼 수있는게 있다면 정보 좀 주세요 부탁드립니다",C3,C5;C6,tri_llm_consensus
T-0356,2015,건강,황반변성 치료에 도움되는건? 어머니께서..,"어머니께서 3년전 백내장 수술을 받으셨는데 ....

최근몇달전에 황반변성 진단을 받으시고 지금은 치료중에 있다고합니다

몇일전에는 주사도 맞으셨다고하구요 알아보니 치료가 이것으로 끝나는것이 아니라 앞으로 장기적으로

꾸준히 황반변성 치료가 필요하다고 하는데 딸이되가지고 마냥 손놓고 있을수만 없겠다 싶어질문드려요

황반변성 치료에 도움되는것들이 있으면 정보 좀 부탁드릴께요

눈이라는게 일상생활 하는데 정말 중요한역활을 하는지라 더 악화가 되기전에 관리 잘해서 완치하게

해드리고 싶어요 정말이지 저희 어머니는 눈만 아니라면 건강상 걱정이 없는데 황반변성 때문에

걱정이네요 황반변성 치료에 좋은 음식이나 도움되는운동법등 머든 효과를 볼 수만 있다면 알려주세요

부탁드립니다 시력이 점점 떨어지고 있어서 어머니가 스트레스를 많이 받고 계세요 ㅜㅜ",C5,C3,tri_llm_consensus
T-0357,2015,안과,"황반변성을 줄기세로 수술 할수있다고 들었는데 가능한지요, 가능하다면 어느병원에 할수있는지?",,C3,C8,tri_llm_consensus
T-0358,2015,안과,황변변성 질문.,황반변성이 치료나 수술이 어느정도까지 되나요?,C3,,tri_llm_consensus
T-0359,2015,장애인복지,장애등급 변경가능한지...,"현재부모님이 한쪽눈 실명으로 장애등급 6급인데,얼마전 다른한쪽눈도 황반변성이와서 병원치료중이신데,이럴경우 등급이 바뀌는지요?",C7,,tri_llm_consensus
T-0360,2015,"안과, #황반변성, #황반변성치료, #눈질환, #황반변성, #지식인카드, #지식인카드답변, #플레이스URL, #황반변성, #한방안과, #지식인카드, #지식인카드답변, #플레이스URL",황반변성의 치료방법 및 수술 한다면 그 과정은?,"황반변성의 치료 방법 및 수술시 그 과정은 ? 수술에 걸리는 시간 및 수술 후 일상생활은 언제 가능한지?

입원은 필요한지?",C3,,tri_llm_consensus
T-0361,2015,안과,습성 황반변성에 비쥬다인광역학치료 효과가 궁금합니다.,"습성 황반변성으로 진단받고 현재 주사치료

3

번 받았습니다

.

호전된거 같지 않고 계속 불안한 마음에 다른 치료 방법을 찾아보니 비쥬다인 광역학치료가 있던데요

.

비쥬다인광역학치료효과는 어느정도인지 궁금합니다

.

비쥬다인 보다 주사가 더 좋은건가요

?

알려주세요

.",C3,C4,tri_llm_consensus
T-0362,2016,안과,망막에 피가 차있다고 하네요. 망막출혈,"몇일전부터 한쪽눈 이 뿌옇기도 하고, 색감도 이상해서

오늘 병원에 다녀왔는데

황반변성인듯한데 피가 조금 차있는게 이상하다고 말씀하시네요.

치료해도 효과가 어느정도나 될지 모른다고도 하시고.

너무 걱정이 되서 내일 큰병원 다시 가보려고 하는데요.

황반병성에도 피가 차는 경우가 있나요?

아니면 다른 질환일까요.?

관련된 지식있다면 부탁좀 드리겠습니다..",C2,C6,tri_llm_consensus
T-0363,2016,"음식, 식재료",황반변성에 아스파라거스가 왜 좋아요?,"요즘 환반변성때문에 고생중인데

아스파라거스가 어떤 효능때문에

황반변성에 좋은지 알려주세요~~",C5,,tri_llm_consensus
T-0364,2016,"안과, #황반변성, #한의원, #한방",황반변성 치료법,"어머니가 황반변성 인데

치료방법 이나 괜찮아 지는법은 없을까요 ?",C3,,tri_llm_consensus
T-0365,2016,인체건강상식,급함!!!!내공100 어디서파는약,황반변성에좋은 약인데 어디서파는지 몰라서ㅠㅠㅠㅠㅠ 급해요,C5,,tri_llm_consensus
T-0366,2016,인체건강상식,급함!!!!내공100 어디서파는약,황반변성에좋은 약인데 어디서파는지 몰라서ㅠㅠㅠㅠㅠ 급해요,C5,,tri_llm_consensus
T-0367,2016,안과,황반변성이란 아사이베리가 황반변성 치료에 도움이 되는가?,"황반변성이란?

황반변성의 치료법은?

수술을 한다면 어떤 수술인가?

아사이베리가 황반변성 치료에 도움이 되는가?",C1,C1;C5,tri_llm_consensus
T-0368,2016,"영양제, 건강보조식품, #황반변성",황반변성인데 루테인을 먹어도 되나?,친정아버지가 황반변성을 앓고 있어요.. 정기적으로 눈에 직접 주사를 맞고 있는걸로 알고 있어요.. 루테인을 먹어도 되는지? 궁금해서요!!,C5,C9,tri_llm_consensus
T-0369,2016,안과,황반변성인가요...???,"제가 눈이 굉장히 좋지 않아요 그래서 눈에 대한 걱정이 큽니당...

그러다 황반변성 관련 글을 읽다 자가진단이라 하며 네모들 사이 점을 보고 있으라기에 보고 있었습니다 그런데 뭐랄까... 그 네모들이 모양을 이루늣것 처럼 보였습니다 매직아이...처럼...??? 옆에 환자들이 보았을 때 예시를 들어 사진도 붙어있었습니다 그것처럼 완전 왜곡된 것은 아닌데... 미묘 하게 이상하게 보여서요ㅠㅠ 폰 밝기를 줄이니 꽤 덜하기는 한데요... 그냥 폰 밝기 때문인건가요???",C2,,review_pool_R1_v5b
T-0370,2016,"선글라스, 안경",노인을 위한 선물로 컬러안경을 드리면 어떨까요,"노인이 되어가노라면 눈부터 나빠지는걸 알게 됩니다.

황반변성이나 백내장 녹내장 시력저하등을 조금이나마 늦출 수 있는 컬러안경을 추천받고 싶습니다.",C5,,tri_llm_consensus
T-0371,2016,"안과, #황반변성, #백내장수술, #탁혈, #한의원",황반변성 치료가능한지요? 기간과 비용?,"황반변성 진단을 받았습니다. 왼쪽은 많이 진행됬고 오른쪽은 조금 진행중입니다. 물체가 물결므늬로 보이고 희미하게 보입니다.

치료가 가능한지요? 치료비는 얼마나 들며 치료기간은 어느정도인지요?

과거 병력은 백내장 수술 받았습니다,",C3,C7,tri_llm_consensus
T-0372,2016,"안과, #안과, #눈이, #안보임",밝은 불빛에 있다가 불을 끄면 눈이 갑자기 안보일때,"밝은 불빛에 있다가 불을 끄면 눈이 갑자기 안보일때

무슨 병인가요?

혹시 황반변성 이라는 안과 질환인가요?",C2,,review_pool_R1_v5b
T-0373,2016,"안과, #황반변성, #황반변성에좋은음식, #황반변성예방",황반변성 걸렸을때 좋은약 또는 음식 알려주세요,안녕하세요 황반변성 걸렸을때 좋은 의학제품 또는 식품을 자세하게 알려주세요 ㅠㅠㅠ정말 너무 급합니다,C5,,tri_llm_consensus
T-0374,2016,안과,눈에 안보이는 부분이 생겼습니다.,"오늘 갑자기 오른쪽 눈 정중앙에서 약간 아랫쪽 부분에

동전만한 부분이 가려져서 보이지 않습니다.

특이한 점은 이 부분만 마치 텔레비전 채널이 안맞았을 때 처럼 지지직 거리는 증상이 있으며

눈을 감으면 그 부분만 마치 강한 빛을 본 듯이 밝게 보입니다.

오늘 눈에 밝은 LED 등을 본 일이 있었는데,

이와 관련이 있는 증상인지, 아니면 시신경을 다치거나 황반변성 처럼

문제가 생기는 증상인지 고견 부탁드립니다.",C2,,review_pool_R1_v5b
T-0375,2016,건강,황반변성 증상 원인 및 치료관리는?,"1. 황반변성 증상이 나타나는 원인

2. 황반변성 치료관리는 어떻게..??

남편이 황반변성 증상으로 지금 병원 다니고 있습니다

사물이 찌그러져 보여서 생활하는게 불편하다고 그러는데....

이것 외에도 시력저하에 대해서도 걱정되는 상황입니다

병원을 다니고 있지만 제대로 치료관리를 하고 있는건지 걱정이고

증상이 더 나빠지는게 아닐가 걱정되는 상황인데요

황반변성의 원인이 뭔가요???

무엇때문에 사물이 찌그러져보이고 시력이 떨어지는지 원인이 궁금합니다

그리고 치료관리는 어떻게 해야 하는지도 알고 싶어요

치료 경험 있으신분 계시다면 답변 좀 해주세요",C1,C3,tri_llm_consensus
T-0376,2016,안과,녹내장과 황반변성,"대구에 있는 안과 전문병원에서 녹내장과 황반변성이 의심되어 두달뒤 재검사를 권하심.﻿

그사이

대구에 있는 종합병원이 안과를 잘본다고 해서 걱정되는 마음에 다시 진료받음

=녹내장과 황반변성이라고 하심/녹내장에 관련된 약을 먹었지만 부작용이 심해(일상생활이 안될정도의 어지러움과 충혈.등)

﻿다시

대구에 있는대학병원에서 진료를 받음.

결과 녹내장은 아니고 황반변성초기라고 함.

여기서 궁금한게요

1.아니라고 하니 정말 다행이긴 하지만 두군데서 녹내장이라고 했는데 막상 아니라고 하니 괜시리 검사가 잘못된것인가 싶어 걱정스럽고 어디가 정확한 검사인가요? 아님 다른 병원을 또 가봐야 할까요?

2.그리고 초기 황반변성이 보인다고 하시면서

형광안저촬영 (35만원상당)을 권하시며 이 검사를 무료료 하는 대신 일년에 한번씩 검사자료를 연구자료로 쓸수있도록 동의를 해달라고 하심.

이 검사를 하는게 좋은지...그리고 검사자료를 동의해도 될런지요...??

너무 아는게 없어서 답답한 마음에 여기에 올려봅니다.

답변부탁드려요.",C2,C8,tri_llm_consensus
T-0377,2016,안과,황반변성과 망막변성 차이,"망막변성과 황반변성의 차이가 뭔가요?

휘워보인것과 가운데 시커먼 점이 보인것 같은건가요? 다른건가요?

의사선생님은 영양제를 먹으라고만 처방해주시는데 루테인만 먹으면 되는건가요?

다른 처방을 안해주더군요.",C1,C5,tri_llm_consensus
T-0378,2016,"의료기관, 의료인",영국에서 황반변성 치료하셨거나 치료예정이신분,있으신가요? 아직 개발되었다는 기사 외에는 치료를 받아보신 한국 분들도 없으신 것 같고 정보가 많이 없어서요ㅠㅠ 지인 분을 모시고 곧 갈 것 같은데 메일 답도 없고 외국에서 알아보는데 한계가있네요 ㅠㅠ,C3,,tri_llm_consensus
T-0379,2016,안과,황반변성이요 주사치료요 경기도 성남 안과에서 가능한곳좀 알려주세요,,C8,C4,tri_llm_consensus
T-0380,2016,안과,노인성황반변성질환치료비용에 국가지원은?,"어머니가 작년부터 황반변성진단을 받으시고 항체주사를 맞고계십니다.

어려운환경인지라 하루하루 먹고살기힘든상황이라 자식된 도리도 못하고 있습니다.

한번 맞는데 100만원이상가는 금액이라 걱정을 많이했는데 나라에서 지원을 해주어 그나마 큰위안을 삼고 있었습니다. 문제는 나라에서 지원이 11번까지라는 어머님 말씀을듣고 이제 몇번 안남았다고 하시어

염치스럽지만 이렇게 글을 올려봅니다.

항체주사를 맞고 그주사는 그냥 지금시력저하를 막는용도라는데 국가에서 게다가 11번까지만 100만원이상하는 주사를 25만원에 맞게 그뒤부터는 100만원이상주고 맞아야한다는겁니다.. 저는 이런 상황이 너무 답답해서 이글을 쓰게됬습니다..

병은 완치가 안되고 지속적으로 항체주사를 맞아야하는데 더이상 지원은 없을까요?

도움부탁드립니다.",C7,C4,tri_llm_consensus
T-0381,2016,안과,황반변성 꼭두눈다 전이되나요,,C6,,tri_llm_consensus
T-0382,2016,"안과, #황반변성, #안과",황반변성 눈안마기사용해도 될까요?,"아버지가 황반변성 진단을 받으셨는데요

루테인 영양제하고 눈 안마기를 사드리려고하는데

혹시 눈 안마기를 사용했을때 눈에 압력과 열이 가해져

더 안좋은 영향이 생길까 걱정되어 질문드립니다.

현재 치료받고 계시고요 치료외적으로 제가 뭐라도

해드리고싶어서 질문드린겁니다^^;;",C9,C5,tri_llm_consensus
T-0383,2016,"건강에좋은음식, #눈에좋은영양제, #황반변성, #유사나비전엑스",눈에 좋은 영양제 진짜 좋은제품 추천해주세요!,"부모님께서

황반변성이 있어서 루테인 섭취를 해야한다고 하는데

눈에 좋은 영양제 어떤게 좋을까요?",C5,,tri_llm_consensus
T-0384,2016,건강,황반변성 원인 및 치료..,"황반변성 원인에 대해 알고 싶습니다

그리고 치료는 어떻게 받아야 하는지도 궁금합니다

저희 남편이 병원을 다니고 있습니다

물건이 찌그러지는것도 그렇고

생활 자체가 많이 힘들어진다고 그러는데요

어떻게 해야 좋을지.... 고민을 하다가 이렇게 질문 올립니다

아무래도 원인이 뭐가 있는지를 알아야지 치료도 그렇고

관리에 대해서도 알아볼수 있을것 같거든요

그래서 황반변성 원인에 대해 알아보고 있구요

그리고 어떻게 치료를 받아야 하는지에 대해서도 찾고 있습니다

약물 치료를 하고 있는중인데 좋아질수 있을까요??

아직 증상이 호전되는게 없다고 남편이 이야기를 해서

다른 치료 방법이 없는지 궁금하고

치료 받는중에 관리에 대해서도 알고 싶거든요

어떻게든 좋아졌으면 하는 마음에 알아보는중인데

황반변성에 대해서 아시는분 계시면

원인과 치료에 대해 답변 좀 해주세요",C1,C3,tri_llm_consensus
T-0385,2016,건강,황반변성 증상 어머니 관리 도움되는건??,"황반변성 증상 때문에 어머니께서 힘들어하십니다

병원 다니시며 약물치료를 하고 계시는데요

완치가 없다는 이야기에 걱정되어서 이렇게 질문 올립니다

1년정도 되셨는데요 좋아지는게 없으시다고 하시거든요

여전히 황반변성 증상이 있다고 하시는데요

따로 관리를 해야 하는건가요???

치료에 도움되는건 뭐든 해드려서 황반변성 증상이 조금이라도 완화되었음하는데

치료를 받으며 어떻게 관리를 해야 하는것인지...

그리고 황반변성 관리에 도움되는건 뭐가 있는지 궁금합니다

황반변성에 대해 아시는분 계시면 관리에 도움되는건 뭐가 있는지 답변 좀 해주세요",C5,C3,tri_llm_consensus
T-0386,2016,"영양제, 건강보조식품",노인성황반변성 영양제,노인성 황반변성 진단을 받은환자입니다.눈영양제 비타럭스(케나더산) 구입처 알려주시면 감사햐겠슴니다.,C5,,tri_llm_consensus
T-0387,2016,안과,황반변성 두 눈 다 실명할확률은 얼마나되나요,,C6,,tri_llm_consensus
T-0388,2016,안과,황반 변성 두눈다 실명될까요,,C6,,tri_llm_consensus
T-0389,2016,"가족, 이혼",황반변성 치료,저희 엄마가 황반변성에 걸렸는데 병원에서는 약이랑 안약만주고 사물이 꺽이게보이면 그때 오라고 하는데 이게 맞는건가요..?그리고 황반변성 치료 잘하는곳 추천이랑 치료방법좀 알려주세요,C3,C8,tri_llm_consensus
T-0390,2016,"안과, #황반변성, #황반변성증상, #황반변성, #오큐실, #아미넥스코리아, #대릭김, #알파실, #녹내장, #안과, #눈수술, #시신경, #눈영양제, #황반변성한의원, #황반변성원인, #동영상답변, #지식iN동영상답변, #지식인카드, #지식인카드답변, #플레이스URL",황반변성 어느병원이 좋을지 추천해주세요?,아들이 황반변성 이라는데 어떻게해야하는지 수술하면 괸찮은지 수술비는 어느정도인지 궁금합니다,C8,C3;C7,tri_llm_consensus
T-0391,2016,"안과, #황반변성, #황반변성",황반변성에 대해ㅜㅜ,"1. 황반변성의 대표적인 증상

2. 황반변성의 치료법

3. 황반변성은 완치가 가능한가요?

질문에 정확하게 대답해주세요ㅠㅠ",C1,C3,tri_llm_consensus
T-0392,2016,"안과, #황반변성치료, #안과질환, #지식인카드, #지식인카드답변, #플레이스URL, #황반변성, #황반변성치료, #지식인카드, #지식인카드답변, #플레이스URL, #황반변성증상, #안통, #동영상답변, #지식iN동영상답변, #지식인카드, #지식인카드답변, #플레이스URL",황반변성 증상이 뭔가요 ?,"오늘 저희 어머니께서 동네 병원을 갔는데

황반변성인것 같다고 서울대 병원을 예약해 주시더라고요 ..

2주뒤에나 검사를 받을 수 있는데 그전에 앞서 너무 걱정이 되네요 .

그런데 황반변성 증상을 인터넷에서 찾아보니  어머니께서 앓고 계신느 증상과는 조금 다른 듯해서

어머니의 증상 또한 황반변성의 일종인지 궁금합니다.

평소에 눈이 자주 아프다고 했고  ,  거의 1년째세요 .

그동안 병원도 많이 갔었는데 노안이라고 안경을 맞추라는 진단만 받았었고

안경을 써도 눈이 아픈건 안없어진다고 하더라고요

눈이 계속 아프니까 머리도 엄청 아프다고 하는데

보통의 황반변성처럼  사물이 찌그러져 보이는 현상은 없다고 합니다.

단지 눈이 너무 아파서  생활하기 불편할정도라고 하네요 .

황반변성은 2년내로 실명이 된다는데  벌써 저희 어머니는 1년정도  앓고 계셔서  이미 진행이 다 끝난건지 너무 무섭습니다 ㅠㅠ",C2,,tri_llm_consensus
T-0393,2016,안과,황반변성인가요?,"안녕하세요.

저는 시력이 좋은 편은 아닌데,

중요한일이 아니면 안경 착용을 안합니다.

강의 시간때 될수있으면 안좋은 습관인건 알지만,

안경을 안 끼려고 앞쪽에 앉습니다.

그런데

얼마전부터 수업시간에 칠판을 쳐다보면,

칠판을 자세히 쳐다보지 않으면 볼수없는

모눈종이 모양의 형태가 보이면서,

그것들이 사진에 올려놓은것처럼 둥글게 보입니다.

처음엔 잘못봤을꺼야 했지만, 한 두번이 아니여서

이렇게 글을 올립니다.

황반변성 인가요?",C2,,review_pool_R1_v5b
T-0394,2016,생활,황반변성 증상 치료 도움되는건???,"황반변성 증상 때문에 힘드네요

직장다니구 있는데

갑자기 글자가 흔들리고 잘안보이면서 많이 불편해서 안과다녀왔는데요

딱히 황반변성 치료 할수 있는 방법이 없다고해서 참고있습니다

어떻게 하면 이 불편함에서 벗어날 수있을까요 ?

황반변성 증상 치료에 도움되는 정보좀얻고 싶습니다",C3,,tri_llm_consensus
T-0395,2016,"영양제, 건강보조식품, #황반변성치료, #황반변성에좋은음식, #황반변성예방",황반변성에 좋은 음식 추천! 시력회복..,"저희 어머니께서 황반변성 진단을 받았습니다

주사치료를 반복한다고 그러는데

시력회복이 될수 있을지 걱정되어서 질문 올립니다

병원 다니시면서 집에서 할수 있는것들 알고 싶거든요

챙겨주면 좋은 음식이라든지...

아니면 영양제나 도움 될만한것들이 뭔지 알고 싶어서요

심해지면 실명할수 있다고 어머니께서 그러셔서

뭐든 해드리려고 알아보고 있거든요

황반변성으로 치료 받아보신분 계시면 추천 좀 해주세요",C5,C6,tri_llm_consensus
T-0396,2016,"안과, #황반변성, #황반변성치료",황반변성 치료병원,"방금 TV에서 국내어느 업체에서 황반변성 치료 레이져 기계를 만들어 세계에 수출 한다고 하네요 국내 병원중에도 그 레이져기계를 보유해 치료를 하는 병원이 있을듯 싶은데요.

그 레이저기계를 보유한 병원을 알수있을까요..

지역은 서울쪽으로 가까우면 좋겠어요

부탁드립니다

아빠눈이 안좋으셔서요",C8,,tri_llm_consensus
T-0397,2016,안과,망막안압은,"전 62세의 할머니인데요 어제병원에서 황반변성인것같다구 대학병원가보라고해 주말이라 마음이 급하고해

그래도 조금큰소문난 개인병원로갔어요 진단명은 망막안압이라고하시는데 뭔지 ?위험한병인지? 걱정되요",C2,C1,tri_llm_consensus
T-0398,2016,"안과, #황반변성, #눈질환, #황반변성, #오큐실, #ocuxyl, #아미넥스코리아, #오큐실닷컴, #녹내장, #안과, #황반변성수술, #아바스틴, #눈영양제, #황반변성치료, #황반변성증상, #동영상답변, #지식iN동영상답변, #지식인카드, #지식인카드답변, #플레이스URL","""#""황반변성 치료병원이 있나요?","""#""황반변성 치료병원있나요?",C8,,tri_llm_consensus
T-0399,2016,"안과, #황반변성, #황반변성치료, #황반변성, #황반변성치료, #황반변성치료법, #황반변성치료, #안과치료, #지식인카드, #지식인카드답변, #플레이스URL, #황반변성, #황반변성치료",황반변성 치료가능 한지요?,황반변성을 레이져치료 방법이나 그외 치료방법은 있는지요?,C3,,tri_llm_consensus
T-0400,2016,안과,황반변성이진행중에도아이클리어가효과있나요,,C5,,tri_llm_consensus
T-0401,2016,안과,황반변성 질문ㅠㅠㅠ,할머니가 오늘 황반변성 악화로 갑자기 한쪽눈이 아예안보인다는데 설마 실명인가요..?,C6,,tri_llm_consensus
T-0402,2016,"선글라스, 안경",자쇠선차단안경도 교체시기가 있나요,"어머님이 황반변성이시라 병원에서 자외선차단안경을 권해서 쓰시는데요 오래되면 자외선차단기능이 떨어질수있다하는데 그런가요. 렌즈교체는 얼마만에 하는것이 좋은가요

꼭.. 정확한 답변 부탁드립니다..",C5,C9,tri_llm_consensus
T-0403,2016,"안과, #황반변성, #황반변성치료, #황반변성, #황반변성원인, #동영상답변, #지식iN동영상답변, #지식인카드, #지식인카드답변, #플레이스URL, #안구질환, #황반변성, #지식인카드, #지식인카드답변, #플레이스URL",혹시 이거 황반변성인가요?,"오른쪽눈이 예전에 레이져 수술 받아서 그후로 좀 약해졌는데 (한 6년전에 수술)

요즘에 오른눈이 아픈 후에 눈에 비문증 증상이 엄청 심해졌습니다.

그리고 오른눈으로 볼때 사물의 밝기가 왼쪽눈보다 더 어두워 졌습니다.

오른눈의 통증은 많이 호전됬는데 이상한게 눈을 깜박일때나 눈알을 움직일때에

시야의 초점 중간에 뭔가 동그란 게 잠깐 잡혔다가 사라집니다.

비문증 알갱이들중 하나인줄 알았는데 이상하게 잠깐 눈깜박일때 보이고 그 뒤 즉시로 사라집니다.

황반변성이 있으면 중앙암점이 생긴다고 들었는데 혹시 이게 전초증상은 아닌가 궁금합니다.

안과는 한 4달전에 가봤는데 별거 없고 그냥 눈 뒤에 상처가 좀 있다고 했습니다.

그런데 눈이 아픈지는 5달이 넘고있어서 (병원 갔다오고도 계속 아프더군요)

이게 더 발전한건가 무섭습니다.",C2,,review_pool_R1_v5b
T-0404,2016,"안과, #황반변성, #황반변성치료, #황반변성예방, #황반변성, #동영상답변, #지식iN동영상답변, #지식인카드, #지식인카드답변, #플레이스URL, #황반변성, #안구질환, #지식인카드, #지식인카드답변, #플레이스URL, #황반변성, #눈건강, #지식인카드, #지식인카드답변, #플레이스URL","황반변성으로 인한 실명에 가까운 시력 손상, 시각장애 등급 받을 수 있나요?","저희 어머니가 2년 전 황반변성 진단을 받으셨구요,

70대이시고, 이미 너무 많이 진행이 되어서,

임상실험 신청했지만, 대상자로 선정되지 못했고

더이상의 차료방법은 없다고 합니다.

현재 시력은 거의 실명에 가까우신 상태입니다.

혼자 외출은 절대 불가능하고,

사시던 집에서 혼자 화장실이나 부엌에 왔다갔다 하시는 정도.

냉장고 안의 물건도 구분하지 못하십니다.

이 경우 시각장애 등급을 받을 수 있나요..?",C7,,tri_llm_consensus
T-0405,2016,"영양제, 건강보조식품","눈영양제추천 루테인, 황반변성의 관계알고싶어요.","안녕하세요. 눈영양제추천 해주셨으면 좋겠어요.

회사에서 모니터만 바라보니까 아주 죽을 것 같네요^^;;

아, 그리고 루테인하고 황반변성이 관계 있나요??

눈영양제추천 답변 남겨주시면 감사드릴게요!!",C5,,tri_llm_consensus
T-0406,2016,안과,"눈충혈, 나이관련건선황반변성","65세 여성입니다 젊을때 렌즈를 오래 착용 ..더이상 낄수 없게되자 선생님께서 안경으로 교체 해주셨어요 안경 착용 한것도 오랜세월입니다 지금은 나이관련건선황반변성이라서 6개월 마다 병원가서 상태를 보고있어요..하이레인 ,디쿠아스 ,파타놀 점안액과  한국디아이제품 아이룩스Q ,종합비타민,VC,오메가3,빌베리를 먹고있어요..안과 처방약은 아이룩스Q,하이레인,디쿠아스,파타놀 입니다 파타놀은 가렵고 눈가장자리에 아주작은 물집이 생기기 때문입니다  근데 어느날 부터 아이라인을 그리면 눈이 충혈 되어요 제품도 최고품을 써도 안되어요 눈에전혀 닿지않게 눈가장자리만 아이라인을 그리는데.. 눈가 화장을 지우면 충혈이 사라집니다 ..눈에 힘이 없다는 소리는 들어 보았어요..황반변성도 큰고민이지만 눈화장을 할수 없으니... 무슨 방법이 없는지 ..",C9,,tri_llm_consensus
T-0407,2016,"건강, #솔가비타민, #솔가, #루테인, #눈에좋음음식, #솔가루테인, #루테인의효능",루테인 음식 영양제 추천은?,"루테인 음식 어떤게 있어요 ?

눈에 루테인이 좋다고하길래요

그래서 먹어볼려고하는데 루테인 영양제 시중에파는게 종류가 엄청 많더라구요

도움될만한 루테인 음식 이랑 영양제 추천 좀 해주세요

제가 안구건조가 너무심해서요 ㅜ

가족력으로 시력이 다들 안좋고

할아버지는 황반변성으로 한쪽시력을 잃으셨어요

저도 불안합니다

눈은 가족력무시못한다고 그러길래 지금부터라도 열심히 관리할려는데  눈건조증 심해요

저 성분 좋은 루테인 영양제나 음식 추천 좀 부탁드려욥!",C5,,tri_llm_consensus
T-0408,2016,"건강상담, #안과, #황반변성, #황반변성, #황반변성증상, #지식인카드, #지식인카드답변, #플레이스URL, #황반변성, #황반변성치료, #황반변성증상, #황반변성병원, #동영상답변, #지식iN동영상답변, #지식인카드, #지식인카드답변, #플레이스URL",황반변성 진단 치료 방법 및 병원 추천 부탁드려요,"건성 황빈변성 진단 받았습니다 건대병원에서 진단 받았습니다

해줄것은 없고 몇 개월 후 다시 검사 하려고 했습니다

아직 보이는데요 근시만 보입니다

루테인 계속 먹고 있습니다

차병원 안과도 갔는데 몇 개월 후 다시 검사 하자고 했습니다

앞으로 황반변성 멈추게 하거나 시력 안 잃는 방법 조언 해주세요

황반변성 수술 하면 시력을 잃으 수도 있다고 하던데요

아바스틴 등 주사 요법 및 치료 방법 부탁드려요

보전 하면서 조언 부탁드립니다

병원

추천 해주세요 감사합니다",C8,C8;C5,tri_llm_consensus
T-0409,2016,"건강상담, #황반변성, #황반변성치료, #황반변성, #황반변성증상, #지식인카드, #지식인카드답변, #플레이스URL, #황반변성, #황반변성한의원, #동영상답변, #지식iN동영상답변, #지식인카드, #지식인카드답변, #플레이스URL",백내장과 황반변성,"어머니께서 초기백내장이라고 루테인 함유 눈영양제를 병원에서 추천받았습니다. 찾아보니 백내장은 수정체 혼탁이 원인이고, 루테인은 황반변성에 효과가 있다는데, 언뜻 보기에 두 가지가 직접적 영향이 없어 보이네요. 어떤 이유로 초기 백내장에 루테인 눈영양제를 먹는지 알고 싶습니다.

전문가님 답변 원합니다.",C5,C1,tri_llm_consensus
T-0410,2016,안과,황반변성에 대해 알려주세요,황반변성은 어떤 질환인가요?,C1,,tri_llm_consensus
T-0411,2016,"안과, #안과의사, #황반변성",황반변성에좋은것,저희선생님께서곧생신이신데'황반변성'에좋은음식이나약을선물해드리고싶은데추천이나좀가르쳐주세요!,C5,,tri_llm_consensus
T-0412,2016,"안과, #황반변성, #신생혈관, #황반변성에좋은음식, #눈질환, #지식인카드, #지식인카드답변, #플레이스URL, #황반변성치료, #한방안과, #지식인카드, #지식인카드답변, #플레이스URL, #황반변성치료법, #황반변성, #동영상답변, #지식iN동영상답변, #지식인카드, #지식인카드답변, #플레이스URL",황반변성 치료,"황반변성 치료에 대한 좋은 의약품 없을가요?

좋은 의약품없을가요?

나빠졌을때도 고칠수있는방법없을가요?",C3,,tri_llm_consensus
T-0413,2016,"안과, #황반변성, #눈, #온찜질, #황반변성, #황반변성치료, #황반변성증상, #황반변성한의원, #동영상답변, #지식iN동영상답변, #지식인카드, #지식인카드답변, #플레이스URL",황반변성 증상이 있는데 눈 온찜질해도 괜찮을까요?,"안녕하세요.

저희 부모님께서 황반변성 증상이 있으셔서 병원에서 진료 예약해 놓은 상태입니다.

부모님께서는 눈의 피로를 풀어 주려고 눈 온찜질을 하시는데,

혹시나 이 온찜질이 황반변성을 악화시키는 영향은 하지 않을까 걱정이 되네요.

(혹은 눈의 피로를 풀어주고 혈액순환을 도와주니 혹시나 황반변성 증상에 도움이 될 수 있을지도 모른다는 생각도 가지고 있습니다)

이 부분 관련하여 전문가 분들의 의견 들어보고 싶습니다.

답변 부탁 드립니다.",C9,C5,tri_llm_consensus
T-0414,2016,안과,황반변성 질문,"제가 시력이 갈 수록 안좋아지는 게 느껴져서 눈 관련 질병들에 관심이 생기더라구요. 그래서 질문합니다.

1) 황반변성에 걸리면 찌그러지듯이 보이고 검은 점들이 앞을 가린다는데 이게 일시적으로 왔다 갔다 하는 건가요? 아니면 쭉 그상태인가요?

2) 삼출성은 적극적인 치료가 필요하다고 네이버에 뜨던데 그럼 매일매일 병원을 가야하는 건가요?",C1,C3,tri_llm_consensus
T-0415,2016,안과,황반변성 좋은음식없을가요?,"황반변성에 좋은음식없을가요?

치료법이라던지요 황반변성 좋은한약이나 있으면 추천부탁합니다",C5,C3,tri_llm_consensus
T-0416,2016,안과,황반변성 질문 드립니다.,"작년 건강검진에서 특발성 환반변성(왼쪽눈)을 판정 받았습니다.

당시에만 해도 1년 뒤 추적 검진 받으라는 코멘트에 별 의심없이 지내고 있었는데요. (무증상)

최근 왼쪽눈에 중심암점이 살짝 있는것을 느겼습니다. (오른쪽은 없음)

아직 사물이 찌그러 보이거나 하진 않고 중심암점도 아주 거슬릴 정도가 아닌데요.

병원가서 진단을 받고 치료를 시작해야 하는지,

치료를 하게 되면 어떻게 되는지.. 기간은 어느정도 인지

치료 비용은 대략 어느정도 되는지 등 궁금합니다.",C3,C7,tri_llm_consensus
T-0417,2016,IT/테크,황반변성증상 치료방법 추천바랍니다,저희 아빠가 황반변성증상 이라고 합니다 치료방법 알려주세요 병원다녀오셔서 계속 괜찮다라고만 하시는데 그냥 이렇게 안과만 다니면 되는건지.. 황반변성증상 치료 어떻게 해야나요? 따로 수술같은게 있는지? 이거 좋아지신분 계신가요? 나이들어 노안으로 오신거라고 하는데 아직 저희아빠 젊은데ㅜㅜ 어떻게 하면 될런지 빠른 답변 주세요,C3,C8,tri_llm_consensus
T-0418,2016,"한방내과, #황반변성, #시력, #눈, #치료",아버지께서 황반변성 치료중이신데 습성이시고 주사 3회 맞으셨구요 앞으로 관리 방법 조언부탁드려요,"아버지께서 황반변성 치료중이신데 습성이시고 주사 3회 맞으셨구요 앞으로 관리 방법 조언부탁드려요

한의학쪽에서도 치료법이 있는지요",C5,C3,tri_llm_consensus
T-0419,2016,안과,습성 황반변성,"저희 어머니께서 습성 황반변성에 걸리셨다고 합니다.. 지금은 보이지만 실명을 유발할 수 있어 심각한 병이라고 하는데 질문 드립니다.

1.병원가서 약도 타고 주사도 맞고 왔는데 계속 치료하면 실명까지 이르진 않겠죠? 나이도 있으셔서 노안이 진행되실텐데 많이 불안하네요.

2.물론 평생 관리에 조심하고 약을 먹어야겠지만 언제쯤 안정될 수 있을까요?

3.영화나 티비를 보는것 등 일상생활에 안경을 쓰고 보시면 조금이나도 괜찮나요? 아예 보지 않는 것이 좋을까요?

4.황반변성에 좋은 음식같은 것들 좀 알려주세요.",C6,C5,tri_llm_consensus
T-0420,2016,"안과, #황반변성, #황반변성증상, #황반변성, #황반변성치료, #지식인카드, #지식인카드답변, #플레이스URL, #오큐실, #아미넥스코리아, #스마트스토어, #11번가, #알파실, #아미넥스, #안과, #황반변성, #녹내장, #ocuxyl닷com",황반변성 진료 관련 문의합니다 빠른 답변부탁드립니다,"안녕하세요 6월 20일 경부터 오른쪽 눈이 침침하여 집 가까운 안과의원 방문하여 맥락중심성망락병증 같다고 약물 치료 권해서 복용하다가 마음이 불안하여 안과병원 내원하여 정밀검사결과 황반변성 의심된다하여 아바스틴 주사 처방을 권하였는데 제가 서울 큰 대학병원에 1차 검사 진료 결과 2차 정밀 검사를 금주 금요일에 형광안저.맥락막혈관촬영 후 주사 투여 결정하신다 합니나. 서울 진료 예야가기도 어렵고 진료비 부담에 대전 모 지역대학병원 안과 찾아갔더니 황반변성 습성이 확실하다며 마찬가지로 금주 목요일 정밀 검사 후 주사 치료 하자는데 서울과 지방 하루밖에 차이가 안나는데 주사비는 지방 17만원 서울 30만원 차이가 납니다 개인실비보험에서 25만원까지 돌려받아 비용부담이 크지는 않는데 아바스틴 주사 지방과 서울이 주사투약 방법 차이가 있을까요. 몇개월 지속적으로 맞아야한다는데 예약맞추기도 쉽지 않구요 대전 지방 대학병원 안과도 안과쪽은 서울못지않은 안과진료한다는데. 당장 병원 치료 정하는게 걱정입니다 왼쪽눈은 정상입니다

서울은 가톨릭대학교 서울성모병원 안센터

대전은 건양대학교 대전대학병원 안과

상기 사진은 3주전 처음 안과의원에서 촬영한 사진입니다 지금는 황반에 혈관핏물 고인게 사진상 확인됩니다",C4,C8;C7,tri_llm_consensus
T-0421,2016,안과,황반변성 어떻게 치료 받나요?,"엄마께서 안과진료 가셨다가 이제 60을 바라보는 나이고해서 검진을 받았는데요 남들보다 눈표면이 울퉁불퉁하고 녹내장이 의심되어 사진을 찍어보니 황반변성이 있다고 하시더라구여..ㅠㅠ 눈안혈관에 출혈이 좀 보인다고 하셨는데 찾아보니 습성이 보통 그렇다고 하던데.. 그런데 의사선생님이 처방이나 다른것 없이 3개월 뒤에 다시 찍어보자 하셨는데 묻질 못했는데 왜 그러신걸까요?

일단 큰병원을 다시가서 검진 받는게 빠르겠지요?",C8,C8,tri_llm_consensus
T-0422,2016,"의료, 상해 보험",실비보험 문의입니다,"며칠후 황반변성 주사를맞습니다.

25만원정도나올거같은데요.

입원치료해야전액혜택을볼수있나요?

Kb의료실비보험이구요.

2015년4월에 가입했습니다.

90%보장이였던거같습니다.

통원치료하고.

입원치료하고.

보상되는금액이한계가있다고들었던거같아서요.

기억이잘.나지않아서문의드려요.

Mri같은경우는금액이크기때문에.

입원으로해서찍어야한다고들었어요.

그럼.망막주사도.

입원을하고.맞아야하는지.궁금해서요.",C7,C4,tri_llm_consensus
T-0423,2016,안과,저희 어머니가 황반변성 진단을받았습니다. 도와주세요ㅠㅠ,"안녕하세요.

저희어머니가 황반변성 추측진단을받았습니다.

그병원에서 서울 한림대병원으로 가보라하셔서 다음주월요일날가보게되는데요..

저희어머니 한쪽눈실명되면어떡하죠?ㅠㅠ인터넷에서보니까 완전한치료방법은없다고하는데

비용도만만치않다고들었어요.... 황반변성에 좋은 음식이나 치료요법좀알려주세요 제발요ㅠㅠ

치료비용도 알려주시면 정말감사하겠습니다.. 요즘 황반변성이란놈때문에

저희어머니 눈이 실명될까봐 매일 눈물흘리구 일도잘안잡히구...ㅠㅠ...

1.황반변성에 좋은음식,등등 모든치료법좀알려주세요 ㅠㅠ

2.치료비용 대략적으로좀 알려주십쇼!!!!!

광고글 사절이고요 부탁드립니다...!",C5,C7;C6,tri_llm_consensus
T-0424,2016,생활,황반변성 증상 치료 답변바랍니다.,"저희 아버지께서 안돠에서 왼쪽 눈 황반변성 진단을 받으셨습니다..

그 이후 6개월 마다 검진을 받으시는데 최근 오른쪽 눈까지 황반변성이라는 판정을 받았습니다.

계속 검진은 받으러 다니시는데 특별한 치료를 못 받으셨다고 하네요..

검진은 계속 받았는데 다른쪽 눈까지 황반변성으로 번져 이제는

실명 위험이 있다고 하니까 정말 화가 답답합니다.

현재 초기에 있던 검은 점은 왼쪽은 황반변성은 더 커져 있는 상태고

사물을 정확히 보기에 무리가 있으시다고 하십니다..

오른쪽 눈은 아직까지는 검은 점은 없구요

그래서 어떻게 하면 좋을지 실제로 황반변성 증상 치­료 받아보신 분들의 의견을 구해보려 합니다.

정말 치­료하신 분들만 답변 부탁 드리겠습니다",C3,C6,tri_llm_consensus
T-0425,2016,안과,삼출성 황반 변성에 대해 ..,"저희 시아버지께서 까맣게 보이는 증상은 1년정도 됬는데 병원가는걸 워낙 싫어하셔서 몇일전 검진을 처음받으셨어요 .

결과는 삼출성 황반 변성이라고 해서 주사치료 한번 받으셨데요

시력은 0.1 , 0.5 이구요.

주사치료를 주기적으로 하면 실명은 안되나요?",C6,C4,tri_llm_consensus
T-0426,2016,"안과, #황반변성",황반변성 원인과 진단 받으면 관리는 ..,"며칠전부터 시야가 찌그러져 보이길 시작하네요

알아보니깐 황반변성이라고 그러는데 원인이 뭘까요??

아직 병원을 가보진 않았지만 치료 받으면 좋아질수 있을까요???

정확한 검사를 받고 치료를 해봐야 알겠지만

진단 받으면 관리는 어떻게 해야 하는지 알고 싶어서 글 남깁니다

제일 궁금한건 황반변성 원인인데요 뭣때문에 이러는건지 알고 싶습니다

실명할수 있다는 이야기를 들었는데 관리에 대해서 아시는분 계시면 조언 좀 해주세요",C1,C6,tri_llm_consensus
T-0427,2016,"영양제, 건강보조식품, #황반변성, #루테인",황반변성 / 루테인 복용법 관련 질문,"안녕하세요.

아버지께서 황반변성 초기이신데 담당진료의께서 루테인을 추천해 주셔서

아래와 같은 두가지 영양제를 동시에 드시도록 준비할 예정인데요,

루테인 하루 권장량이 10~20mg이라고 하던데 이 이상 섭취하게 되도 큰 문제 없을까요?

두 영양제를 동시 복용하게 되면 루테인이 하루 30mg 섭취하게 되는건데

혹시 과잉섭취 시 문제가 될까봐 걱정되서요..

질문1) 아래 1번,2번 영양제를 동시에 복용 시, 문제가 없을까요?

질문2) 만약 두가지 약을 동시 복용하는데 문제가 있다면 또는 둘중에 하나만 복용한다면

둘 중 어느 영양제가 더 황반변성 증세를 완화시키는데 도움이 될까요?

질문3) 1번,2번 영양제를 장기 복용하게 될 경우 문제 생길 가능성이 있나요?

감사합니다.

1번 영양제 :

* 하루 1알 복용

2번 영양제 :

* 하루 2알 복용

Amount Per Serving

% Daily Value

Vitamin A (as palmitate 1000 IU, 80% [4,000 IU] as natural beta-carotene)

5000 IU

100%

Vitamin C (as calcium ascorbate)

300 mg

500%

Vitamin E (as d-alpha-tocopheryl succinate)

100 IU

333%

Calcium (as calcium ascorbate)

36 mg

4%

Zinc (as zinc glycinate)

10 mg

67%

Selenium (L-selenomethionine)

25 mcg

36%

Lutein (from marigold flower)

10 mg

**

Eyebright Extract [whole-plant] (4:1)

25 mg

**

Bilberry Extract [berry](anthocyanosides 5 mg [25%])

20 mg

**

Ginkgo Biloba Extract [leaf](ginkgoflavoglycosides 2.4 mg [24%])

10 mg

**

NAC (as N-acetyl-L-cysteine)

100 mg

**

Taurine

100 mg

**

Carotenoid Mix (alpha-carotene, lutein, zeaxanthin, cryptoxanthin)

46 mcg

**

serving for container :30

Serving Size : 2 Vegetable Capsules",C5,,tri_llm_consensus
T-0428,2016,"약 효능, 성분, #황반변성, #루테인",황반변성 / 루테인 복용법 관련 질문,"안녕하세요.

아버지께서 황반변성 초기이신데 담당진료의께서 루테인을 추천해 주셔서

아래와 같은 두가지 영양제를 동시에 드시도록 준비할 예정인데요,

루테인 하루 권장량이 10~20mg이라고 하던데 이 이상 섭취하게 되도 큰 문제 없을까요?

두 영양제를 동시 복용하게 되면 루테인이 하루 30mg 섭취하게 되는건데

혹시 과잉섭취 시 문제가 될까봐 걱정되서요..

질문1) 아래 1번,2번 영양제를 동시에 복용 시, 문제가 없을까요?

질문2) 만약 두가지 약을 동시 복용하는데 문제가 있다면 또는 둘중에 하나만 복용한다면

둘 중 어느 영양제가 더 황반변성 증세를 완화시키는데 도움이 될까요?

질문3) 1번,2번 영양제를 장기 복용하게 될 경우 문제 생길 가능성이 있나요?

감사합니다.

1번 영양제 :

* 하루 1알 복용

2번 영양제 :

* 하루 2알 복용

Amount Per Serving

% Daily Value

Vitamin A (as palmitate 1000 IU, 80% [4,000 IU] as natural beta-carotene)

5000 IU

100%

Vitamin C (as calcium ascorbate)

300 mg

500%

Vitamin E (as d-alpha-tocopheryl succinate)

100 IU

333%

Calcium (as calcium ascorbate)

36 mg

4%

Zinc (as zinc glycinate)

10 mg

67%

Selenium (L-selenomethionine)

25 mcg

36%

Lutein (from marigold flower)

10 mg

**

Eyebright Extract [whole-plant] (4:1)

25 mg

**

Bilberry Extract [berry](anthocyanosides 5 mg [25%])

20 mg

**

Ginkgo Biloba Extract [leaf](ginkgoflavoglycosides 2.4 mg [24%])

10 mg

**

NAC (as N-acetyl-L-cysteine)

100 mg

**

Taurine

100 mg

**

Carotenoid Mix (alpha-carotene, lutein, zeaxanthin, cryptoxanthin)

46 mcg

**

serving for container :30

Serving Size : 2 Vegetable Capsules",C5,,tri_llm_consensus
T-0429,2016,"안과, #황반변성, #갑작스런, #급격한, #시력저하, #빛번짐, #황반변성, #황반변성치료",황반변성을 앓았던 흔적이 있다고 하네요.,"안녕하세요.

안과 관련하여 질문 드립니다.

오늘 시력이 급격하게 떨어진것처럼 이전에 보였던 글씨가 흐릿하게 보이고, 촛점이 맞는것 같지 않아서 안과에서 진료를 받았습니다.

빛 번짐 현상도 있구요...눈도 뻑뻑하고...얼룩져 보이고...등등의 이유로,

안압/안저검사했구요. 시신경에 문제가 있으면 또 그렇게 보인다고 하여

시신경사진(?)도 찍었습니다.

검사 결과는 이상없음으로 하여 안구건조증으로 시력이 급하강하게 보일수 있다고 인공눈물 처방을 받았는데요.

결과 이야기를 듣는 도중 과거에 황반변성을 앓았던 흔적이 보인다며, 현재 시력에는 영향을 미치지 않으나, 건강검진이나 여타 검사에서 정밀검사 받으라는 권유를 받을수 있다며 알고 있으라고 하더군요..

여기서, 궁금한 점은....

1) 지금의 이러한 현상이 황반변성으로 인하여 생긴게 아닌지....

2) 과거 황반변성을 앓았던 흔적이 있다면, 앞으로 재발은 없는지...

3) 향후 별도의 관리가 필요한지...

궁금합니다.

지식인들의 친절한 답변 부탁드립니다.",C2,C6,tri_llm_consensus
T-0430,2016,안과,황반변성 건성인데도 증상이 있나요?,"안녕하세요. 지난 4월부터 글을 보면 선이 미세하게 떨리고 글자가 약간 지저분하게 보여 6월말에 안과에 가서 안저사진(산동하지 않고요. 형광아니고)을 찍었습니다. 점처럼 뭐가 딱 하나 나 있어서 oct를 찍었는데 일종의 황반변성이고 건성이라는 식으로 말하고 그냥 가라고 하더군요. 제가 녹내장이 의심되어서 1년전에 대학병원에서 정밀검사를 받았을 때는 이상이 없었습니다. 그리고 그냥 저냥 지내는데 요즘 좀 더 심해지는 것 같은 느낌이 드네요. 암슬러 격자를 보먄 막 휘어지거나 휘몰아치거나 그렇지는 않은데 선이 고르지는 않고 약간 삐뚤삐뚤하고 네모가 약간 찌그러진 듯 합니다. 암점은 없구요. 이리저리 검색하니 건성은 증상이 없더고도 하고 습성인지 건성인지 알려먄 oct로는 안되고 형광안저를 해야 한다는데요...

질문은

1) 건성도 이렇게 선이 삐뚤어지고 글자가 약간 찌부러지는 이런 증상이 있습니까?

2) 형광안저를 안 했는데 의사가 건성이라고 했는데 oct만으로도 건성인지 아닌지 알 수 있나요?

3) 건성은 속도가 느리다고 하던데 1년전에 정밀검사에서 아무 이상이 없었는데 이렇게 나타날 수 있나요? 그리고 진행이 되는 것 같은 게 느낌인지 아니면 다시 병원을 가서 정밀 검사를 받아봐야하는지요.

감사합니다.",C2,C6,tri_llm_consensus
T-0431,2016,안과,건성 황반변성 수술,"청주에사는 고3학생입니다.

다름이 아니고 저희 할머니께서 건성 황반변성을 앓고 계세요.

그래서 청주에 있는 모 병원을 엄마가 이모랑 할머니와 찾아가 봤더니 습성은 치료법이 있지만 건성은 치료법이 아예없다고 의사선생님이 말씀하셨고 자신의 진단이 맞지 않은 것 같다면 대전에 있는 교수를 추천해 주더군요.

그래서 엄마와 이모, 할머니께서 대전에 있는 모 병원에 갔더니 수술을 하자고 하더군요.

양쪽 병원에서 하는 말이 달라서 대전에서 하자는 수술도 겁나서 엄마께서 고민을 하고 계십니다.

건성 황반변성 수술법이 있는건가요?

아니면 약물복용 치료법 이라던지

아니 정확히 수술법이 있습니까? 완치는 아니더라도 억제정도 할 수 있는 수술이라던지...

최대한 빨리 답변 부탁드릴께요 당장 내일이 수술날짜로 잡혀있다고 엄마가 그러더군요.

그리고 병원 추천해주셔도 괜찮습니다.",C3,C8,tri_llm_consensus
T-0432,2016,안과,눈에 걸린 병,할머니가 황반변성이라는데 자시히 알려주세요,C1,,tri_llm_consensus
T-0433,2016,안과,황반변성 증상 어떡할까요?,"저희 어머니가 황반변성 진단을 받으셨습니다.

그 이후 반년마다 검진을 받고있는데, 나머지 오른쪽 눈마저

황반변성 확진이 이어졌습니다..

정기적으로 검진은 받으나 특별한 치료는 받지 못 하셨고..

이제는 양쪽 눈 모두 황반변성 진단을 받아 너무 답답한 마음만

커져갑니다. 더 악화되면 실명의 위험까지 있다고 하고..

어떻게 해야할지 모르겠습니다. 황반변성 때문에 걱정되어

잠도 오질 않습니다.

혹시 황반변성 치료 받아보신 분이나 이에대해 잘 아시는 분 계실까요?

황반변성에 대한 답변좀 부탁드리겠습니다.",C3,C6,tri_llm_consensus
T-0434,2016,안과,황반변성(습성)질병에 대한 대학병원 명의를 찾습니다,"국내에 권위 있는 황반변성(습성) 교수님을 찾습니다

실명위험이 있다고 하니 걱정이 크게 앞섭니다

지방 병원(의원)에서 진단을 받고 안구주사요법으로 치료를 하였습니다

국내 대학병원 위주로 정보를 주시면 감사하겠습니다

꼭 부탁드립니다",C8,C4,tri_llm_consensus
T-0435,2016,안과,황반변성 문의합니다....,"황반변성 문의합니다.

황반변성 판정받았는데 치료를 당장내일들어가야하는지. 4일정도후에 들어가도되는지

그사이에더나빠져버리는건 아닌지 궁금합니다

호전은 안되도 진전은 막을수있다는데. .

4일사이에 더 나빠져버릴수도있나요. 1분이급하게 치료가필요한 병인가요??

정확하구빠른답기다릴게요 감사합니다ㅜㅜ",C6,C3,tri_llm_consensus
T-0436,2016,안과,저희엄마 황반변성인가요?,"엄마가 한달?전부터 한쪽눈 안에 날파리가 있는것같다고 검은점 같은게 시야를 가린다고 하셨거든요.

그리고 지금은 거의 한쪽 눈의 아래쪽 반이 흐릿하게 안보인다고 하세요. 근데 통증은 없다고 하세요.

사물이 아예 깨져보이고 직선이 굽어보이고 이런건아닌ㄷ걍 시야를 반을 가린다고 하시네요.

혹시나 몰라서 저희엄마 그쪽 눈 사진 첨부할게요.

혹시 사진에보이는 갈색반점?때문은 아닌가요?

지금 여행중이라 안과를 갈수가 없어서 급한대로 지식인에 올려요ㅠㅠㅠㅠ",C2,,tri_llm_consensus
T-0437,2016,안과,황반변성 건성 진단을받았습니다,"황반변성 건성 진단을 받았습니다

근데 황반변성 건성이초기에 속하나요?

왕반변성 건성이 초기에 속하나요?

건성이랑 습성이랑 습성은 말기인가요?

빠른답변부탁합니다",C1,C6,tri_llm_consensus
T-0438,2016,안과,백내장 & 황반변성 초기이면 치료가 필요치 않나요..?,양쪽 시력중에서 오른쪽 눈이 왼쪽 눈 보다 조금 덜 보이는 시력 차이가 나길래 얼마전에  안과 병원에 갔더니 처음엔 눈에 안약을 넣어 동공을 키워서 불빛 비추는 안구 검진을 하시더니 특별한 이상이 없다구 그러구 정밀검사 함 해 보자구 그래서 단층찰영 인가 안구 찰영(2종비용은비급여로11만원정도) 하구 난뒤에 결과는 백내장 및 황반변성 초기라구 그러면서 1년뒤에 검사 다시 오라구  예약을 해 주시 더라구요..백내장 및 황반변성 초기이면 따로 치료가 필요치 않은 병인가요..? 일반적인 제 생각은 초기에 치료해서 더 심하지 않케 치료를 해야 하는게 맞을거 같은데 치료는 필요치 않구 1년뒤에 다시 검사해 보자구 해서 질문 올리는 거여요..잘 아시는 분 게심 답변해 주심 감사해요..,C6,C3,tri_llm_consensus
T-0439,2016,안과,황반변성 암슬러자가진단시,"황반변성 암슬러격자자가진단시

이상이 없다면,

황반변성과 약간 비슷한 증상이 있다 할지라도,  황반변성이 아니라고 간주해도 되나요.",C2,,tri_llm_consensus
T-0440,2016,안과,황반변성 초기증상 아버지.....,"저희가족들대대로 유전으로 시력이 안좋아서 관리할려고요 황반변성 초기증상에대해 알고싶습니다

시력이 점점 떨어져서 눈앞에있는것도 흐릿하게 보인다는 아버지 걱정됩니다

할아버지가 황반변성으로 돌아가시기전에 한쪽시력을 아에 잃으셨거든요

그땐옛날이고 요즘은 의학이 좋아졌자나여 아버지 만약 황반변성 이라면 치료꼭해드리고 싶습니다

그래서 황반변성 초기증상이 절실히 필요합니다 어떤것들이 있는지?",C2,C3,tri_llm_consensus
T-0441,2016,안과,황반변성 증상 아버지께서..,"저희아버지가 황반변성 증상이 맞는건지 봐주세요

계속그런건 아니구 최근데 직선이 굽어보이고 흔들려서 잘 안보이신데요

신문이랑 책읽고 그럴때 많이 불편하시데요

이게 황반변성 초기 증상일까요 지금 연세는 60대중반이십니다 !",C2,,tri_llm_consensus
T-0442,2016,"안과, #황반변성, #대구한의원, #지식인카드, #지식인카드답변, #플레이스URL",황반변성 치료 방법 어떻게 되나요???,"이휘재씨아버지가 걸린게 황반변성 맞죠 ?

저히할아버지도 이것때문에 시력 엄청빨리 안좋아지고있다는데..

황반변성 치료 방법 좀 알려주세요

도움되는걸로 ..",C3,,tri_llm_consensus
T-0443,2016,안과,삼출성 황반변성 질문,위의 병의 말기증상이 실명이라고 하는데 말기상태에서 치료를 할수없나요?,C3,C6,tri_llm_consensus
T-0444,2016,"안과, #황반변성에좋은음식",황반변성 판정을 받으셨는데요,"올해 환갑이신 어머니께서

10년전 지병이 있으셨지만

완쾌하셨는데요.

요즘엔 자꾸 눈물이 나시고 눈도 아프시고

이제는 거므스런 점도 보이고하셔서

인공눈물넣고 하시다가 얼마전

왼쪽 눈의 반점이 너무 심하게 보여

동네 자주다니시는 병원가니 황반변성이라고

의사분이 그러셨다네요 ㅠㅠ

약처방과 주사치료 해야한다고 하시는데

황반변성이 한눈에만 그럴수도 있는지.

다른눈에도 전이가되는지.

수술은 할수가 없다는데 원래그런가요?

제가 황반변성에 좋다는 비트나 생선 포도등

사다드리는데 식이요법과 치료로 호전이 되는지

너무 걱정되네요.

아직 청춘이신 환갑이시고

퀼트. 규방공예가 취미신데 황반변성이 왠 청천벽력인지..

답답하고 속상하네요. 운전도 자주하시고.

지금도 눈 찌푸리시고 바느질하실텐데 에효.

황반변성이신 어머니를 위해

제가해드릴수 있는 좋은 식이요법이나

치료에 대한 진심어리 조언부탁드립니다.

수도권용인쪽에 거주하셔서

명의분이라도 정말 찾고싶은데

어머니 고집도 있으시네요 ㅠㅠ (동네 병원..)",C5,C6;C8,tri_llm_consensus
T-0445,2016,안과,황반변성 질문입니다,"황반변성은 수술이 안되는건가요

황반변성은 수술이 안되는것일가요

가능하다면 수술하는곳 어디어디있을가요

황반변성 수술하는곳쫌 가르쳐주세요

수술 되나요 황반변성요 초기에 잡으면 완치가 가능하나요

그리고 황반변성이면 시력도많이 나빠지나요 시력검사할때요,,",C3,C8;C6,tri_llm_consensus
T-0446,2016,"안과, #황반변성, #황반변성치료",황반변성 치료 잘하는데 있나요,"황반변성 치료 잘하는데 있나요

황반변성 치료 잘하는곳 있나요

유명한곳있을까요",C8,,tri_llm_consensus
T-0447,2016,안과,거실 led 등의 블루라이트,"집안의 전등을 삼파장에서

LED등으로 전부 바꾸었습니다.

흔히 블루라아트라 불리우는 청색광이

시력에 엄청 안좋고 황반변성까지 유발한다는데요.

설치된 LED등이 커버가 있지만 거기에다

한지나 트레이싱페이퍼 같은 반투명 종류로 덧씌우면

청색광이 필터링 될까요?

해보니 조명 빛이 은은해서 눈은 편안합니다만

여전히 청색광이 염려스럽네요..",C1,C5,tri_llm_consensus
T-0448,2016,내분비대사내과,황반변성치료방법 좋은음식 있는지..?,"아버지께서 노안이 오시면서 황반변성 위험이 있다고 합니다

알아보니 루테인이 부족해서 걸리는 질환이라고 하는데요

황반변성치료방법 알려주세요 좋은음식 뭐가 있는지??

시력도 많이 떨어지셨구요 가끔 통증도 있으시다고 하는데요

황반변성치료방법 도 알려주시고

아직 수술단계는 아니라고 했거든요

좋은음식 있으면 알려주세요",C5,C3,tri_llm_consensus
T-0449,2016,"안과, #망막하액, #황반변성, #황반변성",황반변성과 망막하액이란 진단을 받았습니다,"제가 황반변성과 망막하액이란 진단을 받았습니다

특별히 치료방법이 없다고 몇년동안 지켜보다 더나빠져서

주사 치료를 1회 받았습니다

다름이 아니라 안과에 가면 빨간불(원적외선조사기) 같은 걸로 눈에 잠깐

찜질? 쐬고 나오자나요..

가정용원적외선조사기로 눈을 찜질 하면 어떤가 해서요

안과에서 쓰는 원적외선조사기와 가정에서 사용하는 원적외선조사기 차이가 있나요??

전문선생님의 의견 듣고싶습니다

소중한 의견 부탁드립

나다",C9,C3,tri_llm_consensus
T-0450,2016,"캐나다, #황반변성",캐나다에서 황반변성,"캐나다 토론토에서 황반변성 증상이 나타났습니다 ..

스페셜리스트를 만나게되면 한국서하는 안구내 아일리아 또는 루센티스 주사치료가 가능한지요..ㅠㅠ",C4,C4,tri_llm_consensus
T-0451,2016,"장애인복지, #황반변성",황반변성증상 으로 인한 시신경장애 걱정..,"황반변성증상으로 인한 시신경장애 걱정됩니다 치료 할 수있을련지?

티비보니까 연예인분들도 황반변성증상 때문에 점점 시력을 잃어간다고 하던데

저희아버지 걱정되요 시력이 점점 떨어지고 있어서 ㅠ

황반변성증상 빨리치료하고 싶은데 어떻게하면 좋아질지 ?? 시신경장애 걱정되요 !",C3,C6,tri_llm_consensus
T-0452,2016,안과,시력검사요~,"대학병원 몇년째 다니는 중인데요~

어머님 눈 황반 변성 때문에요!

의사가 시력이 많이 안좋다고 0.1도 안된다고 하시던데요

제가 궁금한건 이시력 검사라는게 시력검사표보고 한쪽눈 가려가면서 하는거잖아요!

이거 말고 다른 시력검사 하는 방법이 있나요?

왜냐면 시력검사표로 검사를 집에서 해보면 매번 다르드라구요!",C2,,tri_llm_consensus
T-0453,2016,"안과, #황반변성",황반변성 건성에 대해 질문입니다,"가족중에 황반변성 건성을 진단받았는데요

그게 초기에 진단된거는 아닐가요

황반변성은 초기에 진단되면 완치가 가능할가요

황반변성 초기에 진단된것같은데 가능할가요

완치가능하다면 어떻게 해야할가요",C3,C6,tri_llm_consensus
T-0454,2016,"안과, #황반변성",황반변성 건성치료가능할가요,황방변성 건성은 치료가능할가요,C3,,tri_llm_consensus
T-0455,2016,"안과, #류마티스",황반변성 영양제,"아버님이 70이신데 황반변성이 시작된다 하시네요.

약국에서 추천해주길

바이오크로마플러스 300정짜리를 해주더라구여.

근데 구입후 집에와서 인터넷 찾아보니

이게 탈모영양제로 유명하던데

황반변성 개선 영양제로 이거 드셔도 괜찮은가요?",C5,,tri_llm_consensus
T-0456,2016,안과,황반변성 알려주세요,"황반변성 초기증상이 어떤건지 알고싶습니다

유전에 의해서도 황반변성이 발생하는지 궁금하구요

황반변성 치료는 어떻게 하는지 완치는 되는지 궁금합니다.",C1,C2;C3,tri_llm_consensus
T-0457,2016,"약 효능, 성분",루테인 황반변성에 효과가있나요,"제가 아버지에게 유전적인게 있어서요 황반변성 걱정입니다

시력도 안좋고 해서 루테인을 미리 복용을 하면 황반변성 예방에 도움이 되나요?

루테인 시력영양제로만 사용되는건가요?",C5,,tri_llm_consensus
T-0458,2016,안과,안과검사에 관하여,"지인이 질문해서 대신질문하는데요

건성황반변성이 있는경우도  정기적으로 검사를 해보는게 좋다고 들었다고 하는데

안과에 가서 어떤검사를 요청해야하는지요?",C2,,tri_llm_consensus
T-0459,2017,버라이어티프로그램,황반변성후 유리체절제술,"안녕하세요 저희할머니가 작년 12월 초 황반 변성으로 수술을받으시고 눈이 많이호전되시더니 이틀 전 부터 눈에 빨간점이 보이신다고 하더니 오늘 안과를 가 진단결과 유리체 절제술을 받으셔야 된다고 하네요.

1. 유리체절제술이 크고 어려운 수술이라는데 성공확률이 낮나요?

2. 집이 지방인데 서울권지역에서 수술하는게 나을까요?

3. 병원에서 준 종이에 수술후 합병증이 유발될수있다는데 어떤합병증이 올수있는지좀 알려주세요",C9,C9;C8,tri_llm_consensus
T-0460,2017,"장애인복지, #장애등급, #수술, #후, #6개월, #시각장애인, #양성뇌종양, #뇌수막종","안녕하세요 저희 아버지가 뇌수막종으로 인한 시신경 손상, 녹내장, 황반변성 등으로 인해 현재 실명이 되셔서","안녕하세요 저희 아버지가 뇌수막종으로 인한 시신경 손상, 녹내장, 황반변성 등으로 인해 현재 실명이 되셔서 장애등급을 신청하려고 합니다 장애 등급을 신청하려고 할 경우 수술 후 6개월 지나야 신청이 가능하다고 하는데 저희 아버지가 이번에 뇌수막종 수술을 하려고 합니다 이 때 만약 수술 전에 장애 등급을 신청하고 수숳을 받을결우 장애 등급을 받을 때 아무런 문제가 되지 않나요?? 또 아버지가 수술을 받으셔도 신경이 되살아날 확률이 거의 0에 가까운데 이럴 경우에도 반드시 6개월이 지나야 신청할 수 있나요?? 성인인 보호자는 저 혼자인데 제가 곧 입대를 해야되서 급하게 신청해야 되서 그럽니다 자세한 답변을 달아주시면 감사하겠습니다.",C7,,tri_llm_consensus
T-0461,2017,건강상담,황반변성치료 눈관리 어떻게 하면 좋을까요?,"황반변성치료 때문에 병원다니시고 계시는데요

의사선생님께서도 눈관리 잘하라고 말씀하셨다는데

어떻게 하는게 좋을지?

시야가 갑자기 흐려지고 뿌얘져서 찾아가보니 황반변성치료 받아야 된다고

하더라구요 나중에는 시력이 많이 떨어질거라고 하던데

걱정입니다

치료 말고 또 달리 집에서는 어떻게 관리 하고계시는지 알려주세요",C5,,tri_llm_consensus
T-0462,2017,안과,망막질환 치료 수술 눈관리...시력감소되서.,"남편 눈 때문에 글 남기게 되었습니다

오래전부터 안구건조증이 있어서 인공눈물을 넣어왔었는데

작년보다 시력이 많이 감소된것과 함께 시야가 일그러져보인다는 이야기에

병원을 검사를 받아보니 황반변성 진단을 받게 되었습니다

그래서 치료를 받는중에 수술 이야기가 나왔는데요

망막질환은 수술 이후 눈관리를 어떻게 해야 하는지 궁금해서 글 남기게 되었습니다

치료를 받아도 호전되는게 없어서 수술을 하기로 결정을 했거든요

문제는 이후 눈관리를 어떻게 하냐인것 같은데

시력이 더 떨어질까봐 걱정되어서 망막질환 수술 이후 눈관리에 대해 알아보는중인데요

망막질환으로 치료 경험 있으시거나 수술 받아보신분 계시면

어떻게 눈관리를 해야 시력감소되는것 없이 회복할수 있는지....

조언 좀 부탁드립니다",C9,C3;C6,tri_llm_consensus
T-0463,2017,안과,황반변성이무었인가요,"치료방법은 무었이고  좋은 음식은 무었이 있는가요?

주의할 사항은 무었인가요?",C1,C3;C5,tri_llm_consensus
T-0464,2017,"안과, #황반변성, #황반변성, #황반변성치료, #황반변성, #눈건강관리, #지식인카드, #지식인카드답변, #플레이스URL, #건성황반변성, #습성황반변성치료, #지식인카드, #지식인카드답변, #플레이스URL",황반변성 건성과 습성차이첨,"건성은 초기아닌가요

습성은무엇인가요 황반변성 치료법은 관리만

잘하면 실명안되는건가요 건성이 초기증상인거아니에요?

황반변성 치료하는곳유명한곳좀 알려주세여 부탁합니다",C1,C3;C8,tri_llm_consensus
T-0465,2017,"안과, #황반변성, #황반변성, #황반변성치료, #안과한의원, #황반변성, #지식인카드, #지식인카드답변, #플레이스URL, #황반변성, #눈질환, #지식인카드, #지식인카드답변, #플레이스URL",황반변성 건성에 대하여,"황반변성 건성에 대하여 질문합니다

황반변성 건성은 조기에 발견한거 맞을가요?

그리고 황반변성에 좋은 약들 없을가요 금액하고 가르쳐주시면

감사하겠습니다 황반변성 건성은 조기에 발견된건지

가르쳐주세요 약이있으면 그에약들가르쳐주세요

금액하고요 그리고 건성은 조기에 발견된거맞으신가요",C5,,tri_llm_consensus
T-0466,2017,안과,황반변성 삼출성에 대해 알고 싶습니다,"저희 어머니께서 오늘 황반변성 삼출성으로 진단 받으시고

약물치료 처음 하셨습니다

별거 아닌줄 알았는대 알고 보니 심하면 실명까지도 된다는 말에 너무 놀라 질문 드려봅니다

황반변성 삼출성이면 치료를 지속적으로 하시면 현상태 유지가 가능한가요?아니면 시간이 지날수록 시력이 무조건 저하되는 건가요?

수술로도 해결할수 없는건지 알고 싶습니다..",C6,C3,tri_llm_consensus
T-0467,2017,안과,황반변성 라섹이나 라식수술이 23년전엔 없었는데 지금은 상용화되었듯이 황반변성치료도 시간이흐르면 시력회복수술이연구 가능해질까요?,"23년전엔 시력교정술이 없었는데 지금은 보편화 되어 누구나 라섹 라식수술을 하듯이 황반변성의 치료도 발전되면 시력 교정과 완치가 가능해질지 궁금합니다

현제의 연구 수준으론 불가능할까요 아니면 과학수준의 발달과함께 의학이 발달되면 완치와 시력교정술도 개발될 수있을까요 앞으로 어느정도 가능해 질까요?",C3,C6,tri_llm_consensus
T-0468,2017,"안과, #안과, #황반변성, #이상해요ㅠㅠㅠㅠ, #눈이, #망막, #황반변성증상",이상하게 보여요 특히 휴대폰 화면 속이 이거 황반변성인가요,"뭔가 세상이 휘어져보이는것보다 휴대폰 화면 속에 써져있는 글씨들이 막 가지런히 보이지 않고

비뚤빼뚤하게 보여요 망막검사 한 지 두 달 정도 됐는데

다시 사진을 찍어봐야하나요 ?? 이건 무슨 병이죠 ? ㅠㅠ",C2,,review_pool_R1_v5b
T-0469,2017,"음식, #황반변성, #황반변성음식, #황반변성에좋은음식, #황반변성예방, #안통, #동영상답변, #지식iN동영상답변, #지식인카드, #지식인카드답변, #플레이스URL",황반변성증상 음식같은게 도움되나요??,"혹시 황반변성증상 음식같은게 도움되나요??

눈시력도 점점 안좋아지고 있고

가족력도 있고 그래서요

저 황반변성증상 초기정도로 보인다고합니다

관리해야될것같은데..

효과보신게있다면 공유 좀 해주세요

황반변성증상 치료에 좋은 음식 어떤건지 알수있을까요 ?

찾아보는중인데 쉽지않네요",C5,C2,tri_llm_consensus
T-0470,2017,건강상담,전주에 망막 수술 잘하는 안과 질문합니다.,"전주에 망막 수술 잘하는 안과 질문드려요.

얼마 전에 저희 삼촌께서 눈이 잘 안보이셔서 안경을 맞추셨는데요.

지금 안경 맞춘지 몇달 되지 않았는데 삼촌이 안경을 써도 잘 안보이시고

하루가 다르게 시력이 떨어지는 거 같다고 하셔서 급하게 엊그제 동네 가까운 안과를 모시고 갔었습니다.

그런데 황반변성이신 것 같다는 진단을 내려주시더군요.

혹시 수술이 가능하냐고 물어봤더니

여기는 시골이라 치료가 어렵고 전주 쪽 안과를 알아봐야한다고 그러는데

전주에 망막을 어디가 치료잘하냐고 물어봤더니 특정 병원을 지정해서 알려주기는 어렵다며

전주 쪽을 가서 직접 알아봐야한다고만 해서 답답한 마음에 여기에 질문올려봅니다.

벌써 그 진단 받은것도 하루가 지났는데 삼촌이 혼자사셔서 가까이에서 돌봐줄 사람도 없고,

전주에 황반변성으로 망막 치료 받으려면 어느 안과로 가야하나요?

대학병원으로 가야하나요? 답변좀 부탁드리겠습니다.",C8,C3,tri_llm_consensus
T-0471,2017,대체의학,아이러브 눈마사지기,아버지께서 황반변성을 앓고계시는데요 조금만 무리하시면 눈이 너무 아프다하셔서요.. 인터넷을보다가 눈마사지기를 보게 되었습니다.. 사용가능하면 하나 사드리고 싶은데 .. 사용해도 괜찮을까요??,C9,,tri_llm_consensus
T-0472,2017,안과,시력 검사에 대한 질문,"황반변성 처럼 중심시야에 암점이 생겨서

시력검사 시 검사판의 글자를 전혀 읽지 못하는 경우

사진 처럼 주변시력은 선명하게 보여도 시력이 0.1 이하가 되나요?

시력검사는 중심시야의 시력만을 측정 하는 건가요?",C2,,tri_llm_consensus
T-0473,2017,"영양제, 건강보조식품, #유사나비전엑스, #눈건강영양제",눈 영양제 추천부탁드립니다.,"30세 남성입니다.

아버지가 황반변성을 가지고 있으시고,

시력이 매년 떨어져서 걱정입니다.

황반변성과 시력유지에 좋은 영양제 추천부탁드립니다.",C5,,tri_llm_consensus
T-0474,2017,소화기내과,황반변성에대해...,"제 오른쪽 눈에 황반변성이라는 증상이 나타났습니다.

치료가 힘들다는데 메디힐님의 글을보고 한의원에 산번 가보려합니다.

어디로가아하는지 도움주시면 감사드리겠습니다.",C8,C3,tri_llm_consensus
T-0475,2017,안과,황반변성 건성 에 대해.....,"황반변성 건성에 대해 질문입니다.

황반변성 건성이 심각한 상태인가요?

아니면 어떤상태인가요?그리고 황반변성 실명 몇년정도 걸리나요?

건성 심각한상태인가요?황반변성에 좋은 약들없을가요

건성 관리만 잘하면 실명안될수도있을가요?",C6,C5,tri_llm_consensus
T-0476,2017,보장성보험,#삼성생명,여성시대보험을 들었는데 황반변성 진단금 받을수있나요?,C7,,tri_llm_consensus
T-0477,2017,안과,황반변성과 특발성 신생혈관은 다른병인가요?,"안녕하세요.

갑자기 직선이 곡선으로 보이게되어 병이 있는걸 알게되었습니다. 이삼주정도 지나면서 상이맺히는 곳만 안보이고 주변은 보이는데 혈관이 생겨서 안보이는거라고

제목처럼 특발성 신생혈관이라고 진단내려주셨습니다.

안구에 주사맞았고 한 달 뒤에 경과보자고 하셨거든요.

인터넷으로 병명을 검색하니 황반변성이라고 뜨는데

같은 병인데 구분지어서 진단을 내려주신건가요?

다른병인건가요?

아니면 아직 몇 달 안되서 황반변성이라는 근거가 부족해서 확진을 안내리신건가요?

대학병원 처음이라 어버버하면서 끝났는데...

주의사항이나 이런거 알고싶어서요..

같은 병인건지 알려주시면 감사하겠습니다.",C1,C2,tri_llm_consensus
T-0478,2017,안과,"동네 안과에서 실명, 황반변성 검사","눈에 안질환때문에 동네안과병원을 찾으려고하는데 갑자기 황반변성 이랑 눈실명에 한번받아봐야하는

마음이 생겨서요, 동네안과에서 황반변성 눈실명 검사할수 있나요?",C2,,tri_llm_consensus
T-0479,2017,안과,황반변성 명의 좋은음식있나요???,"시야가 일그러지게 보여서 병원을 가봤더니 황반변성이라고 그러네요

집근처 작은 병원이라서 그런지 지켜보자는 식으로 이야기를 하길래

치료 잘하는곳으로 옮겨보려고 명의를 찾고 있는중입니다

그리고 치료를 받으면서 좋은음식도 챙겨먹으려고 생각중이구요

제가 살고 있는곳은 대전 은행동인데요

여기 근처에 황

반변성 명의 어디에 계시는지 답변 좀 부탁드려요",C8,C5,tri_llm_consensus
T-0480,2017,"안과, #황반변성, #황반변성치료, #황반변성치료법",황반변성에 대해서,"저희 엄마가 일을 하시는 도중에 눈 옆에서 물결(?) 비슷 한게 보였다고 하시네여

이 반응이 혹, 황반변성일가요?

내공은 드릴께요",C2,,tri_llm_consensus
T-0481,2017,안과,황반변성치료#,,C3,,tri_llm_consensus
T-0482,2017,"한방 안과, 이비인후과, #황반변성, #황반변성증상",황반변성이란,황반변성 이란 어떤질환인가요?,C1,,tri_llm_consensus
T-0483,2017,안과,황반변성 건성이면 심각한거는 아닌가요?,"황반변성 건성이면 심각한거는 아닌가요?

황반변성 건성이요 심각한거는아닌가요?",C6,,tri_llm_consensus
T-0484,2017,안과,황반변성 치료안되나요,"황반변성이라는 판정을 약 5년전에 강동경희대벙원에 받아 약 1년간 치료아인 치로를 받았습니다. 지금 나이는 57세이구요. 담당전문의는 치료할게 없고 그저 영양제를 섭취하여 조금이라도 진행을 막는 것이 최선이라는데. 그 영양제는 오큐바이트 프리지비전이라는 겁니다.  원인은 모르겠고 아마도 부친이 시력이 매우 나빴으니 유전일 수 있다는 말뿐.  약 1년간 계속 추적 검사만 받았는데 검사시 힘들기만해서 그만다녔습니다만,  현재 점점 시력이 약해져 양쪽시력이 각각 0.1도 채 안됩니다.   치료 방법이 없나요?  개발중인 약도 없나요? 자세히 알려주시면 갑사하겠습니다.",C3,C6,tri_llm_consensus
T-0485,2017,"안과, #황반변성, #황반변성증상, #황반변성통증",황반변성 문의좀여..,제가 왼쪽눈에 황반변성 진단 받고 주기적으로 커지고 시력잃는지 ct찍고 하는데요.. 가끔 왼쪽눈이 시리거나 바늘로 쿡쿡 쑤시는 그런 통증이 있는데 괜찮은건가요..? 안경을 쓰고 있는데 왼쪽은 시력이 안잡히고 난시인가? 오른쪽은 근시인가?각각 다르더라구요..,C2,C6,tri_llm_consensus
T-0486,2017,"안과, #황반변성, #황반변성치료, #해독치료, #암슬러격자, #황반변성, #황반변성진단, #황반변성자가진단",황반변성 암슬러격자,"황반변성 자가 진단에서

암슬러격자가 휘어져 보이면서 주위가 검게 얼룩? 칠해져 보이는거는

초기인가요 아니면 많이 진행된 상태 인가요?

또 습성인가요 아닌가요?

또 습성인지 아닌지는 병원에서 밖에 모르나요?",C2,C6,tri_llm_consensus
T-0487,2017,음식,황반변성에좋은음식 찾습니다.,"황반변성에좋은음식 찾습니다.

남편이 황반변성 초기라네요

언젠가부터 눈이 침침하다고 했는데

50대 넘어서 노안올 때도 됐으니까 그러려니 했어요

평소에 담배도 많이 태웁니다.. 고헐압이랑 댱뇨도 약간 있는데

아마 다 겹쳐서 그런게 아닌가 싶네요

평소에 혈액순환 잘되는 음식으로 해준다고 해줬는데

눈에 좋은 영양제같은거라도 따로 사다 먹일껄 후회됩니다

지금이라도 황반변성에좋은음식 챙겨주면 괜찮아질까요?

워낙 벙원약을 싫어해서 황반변성에좋은음식 괜찮은게 있으면

더 안나빠지게 해주고 싶습니다.",C5,,tri_llm_consensus
T-0488,2017,"안과, #황반변성, #백내장",저희 어머니가 황반변성에 백내장입니다.,"49년생으로 약 예순 후반의 나이이십니다.

자꾸 눈이 안보인다 하여 병원을 갔는데, 백내장과 황반변성이라고 합니다. 백내장 또한 쉽게 발견되지 않는 백내장이라 하고 시신경을 압박하고 있다고 합니다.

황반변성도 약 3,4년 정도 된 걸로 알고 있습니다만...

완치가 불가능 하겠죠... 실명 할 가능성은 얼마나 될까요..?",C6,C3,tri_llm_consensus
T-0489,2017,건강상담,황반변성 치료 문의해요.,"황반변성 치료 관련해서 문의 좀 할게요.

눈이 급격하게 안좋아져 병원가보니 황반변성이라는 결과가 나왔습니다..

검사 받고 꾸준히 황반변성 치료를 받았지만 얼마전 검진에서는

오른쪽마저 황반변성 진단이 나와서 정말 당황스럽네요...

여태 꾸준히 황반변성 치료 받은게 다 무의미한거 같고....

이대로 계속 황반변성 치료 받아야 할지 고민이 되는 상황입니다..

혹시 병원에서 황반변성 치료에 무슨 문제가 있던것일까요?

지금이라도 다른곳으로 옮겨 황반변성 치료 받아보는것이 좋을까요?

황반변성 치료 가능한것이 맞는지 답변 부탁드립니다.",C3,C8,tri_llm_consensus
T-0490,2017,안과,황반변성과 녹내장,"황반변성과 녹내장은 어떻게 다르고 초기증상을 알아내는 방법은

어떻게 알 수 있나요?",C1,C2,tri_llm_consensus
T-0491,2017,안과,황반변성 건성 치료방법,"없을가요 황반변성 건성 치료방법없을가요....

ㅠㅠ황반변성 건성 치료방법없나요",C3,,tri_llm_consensus
T-0492,2017,안과,황방변성 약개발되나요,황반변성 약개발되나요,C3,,tri_llm_consensus
T-0493,2017,"안과, #황반",눈에 좋은 음식.,"#황반

아버지가 안과 갔다가 황반변성 좀 있다는데...

제가 해 줄수 있는게 얼마없네요.

어머니랑 떨어져 지내서 식사같은걸 제가 하는데.

눈에 좋은 음식에 뭐가 있나요?

조금이라도 아버지를 도와주고 싶어요...",C5,,tri_llm_consensus
T-0494,2017,안과,황반변성 원인 치료 방법 뭔가요? 수술....,"사물이 일그러지고 시력이 좀 떨어진게 있어서 병원을 가봤더니 황반변성이라고 그러는데 원인이 뭔가요??

갑자기 이런 증상이 나타나는 이유가 뭔지 좀 알고 싶어서 그러거든요

약물 치료를 받아도 좋아지는게 없어서 수술이나 다른 방법은 없는지도 알아보는중인데

황반변성에 대해 아시는분 계시면 원인이 무엇이고 치료 방법은 뭐가 있는지.... 답변 좀 해주세요",C1,C3,tri_llm_consensus
T-0495,2017,"안과, #황반변성, #건성황반변성, #해독요법, #해독, #황반변성치료",황반변성 건성,"약 어떤것들이있을가요

더이상습성으로안넘어가게할수는없나요",C3,C5,tri_llm_consensus
T-0496,2017,안과,황반변성 건성 어디가 병원잘하나요,황반변성 건성 어디가병원잘하나요,C8,,tri_llm_consensus
T-0497,2017,"신경외과, #눈통증, #두통, #황반변성, #눈, #머리아픔, #눈아픔",두통과 눈알아픔 문의요..,"어제 새벽에 두통이 와서 약을 먹었습니다

그러고 자고 일어나는데 눈알이 아프더라구요

왼쪽눈이 그래요 왼쪽눈이 부었는지 감았다 뜨면 느낌이 이상하구요.. 왼쪽눈에 황반변성이 있어요 ..ㅠㅠ

두통때문에 눈알까지 같이 아픈건가요..",C2,,tri_llm_consensus
T-0498,2017,안과,황반변성....눈에 치료 할때 일반약국에가도,"황반변성에 관한 눈약 갖은것도 나오나요??

황반변성 관한 눈약갖은것도 일반약국에 가도 나오나요??",C3,C7,tri_llm_consensus
T-0499,2017,"안과, #황반변성약",황반변성에 약처방....,"황반변성 약처방있잖아요...

황반변성 약처방하는거요....

그거 의사선생님 처방없이는 못사나요?

황반변성약 아니면 일반약국에가서도 살수있을가요?",C5,C3,tri_llm_consensus
T-0500,2017,안과,황반변성 약.... 의사선생님 처방없이는 구매,안되나요 황반변성 약 의사선생님 처방없이는 구매 안되나요,C5,C3,tri_llm_consensus
T-0501,2017,"안과, #황반변성, #건성황반변성예후, #습성황반변성",황반변성 건성에서 습성으로 가는 기간이 보통,몇달정도 되나요 황반변성에서 건성에서 습성으로 가는기간이 보통 몇달정도되나요,C6,,tri_llm_consensus
T-0502,2017,"안과, #황반변성, #시각장애, #시각장애판정, #황반변성의, #한의치료, #해독요법",황반변성으로 치료를 계속해왔는데 지금은 쉬고있습니다.그래서인지 완쪽눈이 근래들어 더 나빠지는것같아요.,"황반변성으로 치료를 계속해왔는데 지금은 쉬고있습니다.그래서인지 완쪽눈이 근래들어 더 나빠지는것같아요.

초점이 맞지않아 물건들때도 헛손질을하고 거리감각도 현저히떨어집니다.혹시 저와같은병도 장애판정을 받을수있나요?",C7,C6,tri_llm_consensus
T-0503,2017,안과,황반변성 증상으로 아버지께서 고생중이신데...,"아버지께서 황반변성 증상으로 고생중이셔서 질문 남깁니다

시야가 많이 일그러져 보이시고 시력도 떨어졌다고 말씀을 하시거든요

치료를 받으셔도 좋아지는게 없다고 그러시는데

이러다가 실명이 될것 같아서 어떻게 치료를 받고 관리를 하셔야지

황반변성 증상이 좋아질수 있을까요???

치료 경험 있으신분 계시면 어찌해야 좋을지.. 조언 좀 해주세요",C3,C6,tri_llm_consensus
T-0504,2017,"안과, #황반변성, #황반변성치료, #한방해독요법, #안와침, #안와약침, #황반변성, #건성황반변성, #황반변성치료",의사 선생님 황반변성도 .....,"의사 선생님 황반변성도 뭐 에이즈 처럼 실명되는까지 기간이 따로있나요

그리고 건성에서 관리만잘하면 실명안되나요?

황반변성 건성 판정 받고 실명되는기간까지 기간이있나요 황반변성도요

황반변성 건성은 조기에 발견된건가요?",C6,,tri_llm_consensus
T-0505,2017,"건강에좋은음식, #황반변성, #황반변성음식, #황반변성치료",황반변성에 좋은 음식 알고싶어요,"병원에서 황반변성 치료를 받고 있는 남편을 위해 제가 뭘 해줘야 도움이 될지 알아보다가

눈에 좋은 음식들을 챙겨주면 치료에 도움이 될것 같다는 생각에 알아보는중인데

어떤걸 챙겨줘야 할지 궁금해서 질문 올리게 되었습니다

황반변성에 좋은 음식으로 어떤게 치료에 도움이 되는지.... 답변 좀 해주세요",C5,,tri_llm_consensus
T-0506,2017,안과,의사 선생님 황반변성도...기간이 따로있나요 예를들자면 ....,"에이즈도 에이즈나 뭐 이런 병도....잠복기간이나.....뭐....몇년지나면 죽고 그런게있잖아요

그러면 황반변성도 판정 받은날로부터...몇년있으면 눈이 실명된다는것도있나요 기간이 따로요....

아니면 더 습성으로 안이어지게 차단하는 기능은있나요....황반변성 기능이....에이즈처럼 기간두고 그렇게 이어지나요 의사선생님 도와주세요......저희 어머님이 황반변성 건성이신데....심한것일가요...

그리고.......더 악화 안되게 차단 기능 있을가요...약으로도 가능할가요 걱정이 너무 됩니다 제눈이라도 주고싶은데 그렇게는 안될까요 제눈을 주고 제가 어머님눈을 가지고 오는 방법은 없을가요.....

황반변성 건성 에서 더습성으로 안가게 방법없을가요.... 그리고 에이즈 이런병처럼 ...잠복기관이나

판정받은날로부터 기간이 따로있나요 황반변성이요......실명되기전까지요...그리고 실명되더라도 꼭2쪽다 실명되나요 저희어머님 꼭 치유하고 완쾌 되었으면 하는 바램이 너무나 큽니다 !!",C6,C3,tri_llm_consensus
T-0507,2017,안과,황반변성 치료한 사람있을가요,"황반변성 치료한사람있을까요

대한민국에서 몇명사람이요  황반변성 몇명사람들 치료한사람있을가요",C3,,tri_llm_consensus
T-0508,2017,"안과, #황반변성, #엔테론정, #preservison",황반변성 / 엔테론 정,"안녕하세요 저희 아버지께서 며칠 전에 황반변성이라는 진단을 받으셨습니다. 오른쪽 눈은 시력 0.9인데, 왼쪽은 시력 자체가 잡히지 않는다고 합니다. 의사 선생님 말씀이 상당히 많이 진행되었는데, 수술하기는 아직 이르니 우선 약을 먹고 두 달간 보자고 하셨답니다. 그래서 엔테론 처방을 받으셨다고 하네요.

제가 해외에 살아 아무것도 해드릴 수 없어 마음만 아픕니다. 그래서 눈 영양제라도 보내드릴까해서 찾아보니 관련해서, PreserVision AREDS 2 을 이야기 하더군요. 이 약이 도움이 될지, 지금 드시는 약하고 상충되지는 않을지 몰라 문의드립니다.

가셨던 병원이 상당히 큰 병원이여서 의사선생님께 따로 전화 문의 드리기가 쉽지 않은 것 같아 여기에 올립니다.

그리고 흔히 이야기 하는 블루베리, 아사이베리, 마퀴베리 같이 눈에 좋다는 베리류 드시는 것이 이 병에도 도움이 될까요? 함께 챙겨 보내드릴까해서요.",C5,C9,tri_llm_consensus
T-0509,2017,안과,안과선생님께 황반변성에 관하여,"안과질문입니다.

노인성 황반변성 환자의 가족입니다.

어르신이 병원에서 아바스틴 주사치료중입니다.

이외에 고가인 루센티스 와 아일리아가 14회 한도만 보험 적용되는 약제가 있는 걸로 알고 있습니다.

질문사항

1. 이 3가지 약제의 약리작용이 어떻게 다른지 궁금합니다.

2. 약이 머무는 시간이 통상 1~2달이되면 약효가 떨어져 주사치료를 주기적으로

받고 있는 것으로

알고 있습니다.

병원에서 일단 3회 주사후 추이를 봐가면서 간격을 늘릴수 있다고 합니다.

어디 글을 보니 5년정도 시력을 유지한 것만으로도

대단한 성과로 얘기하셔서

다소 우울 하였습니다. 고작 5년이 칭찬받을 정도라니요

보통 임상치료 기간에 관한 데이타가 있는지요? 아님 어느정도 치료를 계속해야

되는건지요?

(평생 주사치료?)

3. 치료성공사례 같은 걸 알려주시며 힘이 될 것 같습니다.",C4,C6,tri_llm_consensus
T-0510,2017,안과,한국에서 안과 최고 권위있는 병원 또는 의사 알려주세요..,망막황반변성? 이라는 질병으로 많이 힘들어하시는데 지방의 병원에서는 진전이 없어서 답답합니다.. 관련 분야의 전문적인 치료를 받을 수 있는 곳 아시는 분.. 알려주세요!,C8,,tri_llm_consensus
T-0511,2017,"한방 안과, 이비인후과",황반변성 루테인 알려주세요,"황반변성 루테인 알려주세요

안구질환 관련하여 황반변성 루테인 질문할게요

아버지의 환갑을 맞이하여 선물로 종합검진을 해드렸어요

그런데 안과에서 황반변성이 진행되고 있다고 관리가 필요하다네요

의사선생님께서 루테인을 추천하시던데 솔직히 무슨 말인지 모르겠어요

황반변성 루테인에 대해 알려주시고 간단한 설명 부탁드릴게요!",C5,C1,tri_llm_consensus
T-0512,2017,재활의학과,황색병변증 원인과 치료방법,"황색병변증일지도 모른다는 진단을 받았습니다.

어떤 병이고 치료방법은 뭐가 있는지,

증상은 어떤게 있는지 알려주세요

★황색병변증이 황반변성과 같은 질병인가요?

꼭 답변 부탁드립니다.",C1,C2;C3,tri_llm_consensus
T-0513,2017,안과,습성 황반변성 루센티스 의료보험 적용 않되나요?,"안녕하세요.

어머니가 습성 황반변성 진단을 받으셨는데요.

루센티스 주사가 1회에 100만원이라고하네요. ㅠ

이거 보험이 된다고 보건복지부에서 그랬는데

의사는 아무말도 않해주네요 어떻게 되는건지..

보건부에서 원반형 흔반 일경우만 제외 된다고하는데

이게 무엇을 말하는건가요?",C7,C4,tri_llm_consensus
T-0514,2017,"감염내과, #황반변성, #안와침, #안와약침, #한방해독, #요법",황반변성 진단 과 치료,"안녕하세요 저희 어머니는 3 년 전 쯤 책 글씨 부분이 흐려보이신다 해서 동네 안과를 가봤지만 이상이 없다해서 안심하고 방치했습니다

그리고 올해 초부터는 심해지셔서 신문 글씨가 부분이 크게 흐려져 보이시더니 요즘 모든 사물이 부분이 흐려져보이신데요 증상이 심해져서 인터넷을 보니 황반변성이랑 같은것 같은데

만성간염을 몇십년 앓으셔서 간기능이  안좋아 외출도 못하시는데요

검사나 치료 법이 간 기능이 나쁜 사람도 할 수 있는 건가요?

꼭 좀 답 부탁드립니다",C2,C3,tri_llm_consensus
T-0515,2017,"안과, #노안, #황반변성, #해독, #안와침, #안와약침",황반변성 심각한 증상,"70세 넘은 저희 엄마 입니다

3-4년전 글자를 보면 부분부분 희미하게 보인다고 하셨는데 동네 병원에서 이상없다하여 그냥 방치하다가

올해 초부터 증상이 나빠져서 사물이나 글자를 보면 커다랗게 희미한 부분이 보인다고 하십니다

인터넷을 찾아보니 황반변성이랑 증상이 같아보이는데요.

격자무늬 테스트를 할때 선이 휘어져보이거나 검은 중심 부분이 보여야만 습성인가요?

아니면 검은 부분이나 휘어짐이 없이 커다랗게 희미한 부분이 보여도  습성일 수 있나요?

그런 증상들이 있다가 없다가 하나요? 아님 항상 24시간 그런가요?

병원가서 진단하면 제일 좋고 정확하지만 여러가지 이유로 그럴 수 없어서요. 일단 습성인지 아닌지라도 알고 싶고 건성도 진행된 단계면 실명 위험 있다던데 건성도 위험한 단계는 주사나 레이저 같은 치료 해야 되나요?

꼭 좀 답변 부탁드립니다.",C2,C3;C6,tri_llm_consensus
T-0516,2017,안과,안경을 꼈을때 모니터 한쪽이 아래위로 넓어 보이는 현상,"52세 남성입니다

시력이 안좋아 져서 2년 전에 안과에 가서 진료를 받고

정밀검사 결과

눈의 시력이 좌,우 서로 다르고요(좌,0.6  우 0.9)

노안 + 원시 가 왔고

황반변성이 약간 있다고 하더군요

안경점 가서 안경을 맞추어 사용하다가

시야가 흐려서 이번에 안경을 다시 맞추었습니다.

안경을 새로 맞추었는데 모니터 오른쪽이  아래위로

넓어 보입니다.

평소에는 착용하지 않고

모니터를 볼때만 착용합니다.

하루종일 모니터를 보면서 일하는 직업이라서...

---------

질문 1 : 이런 현상 없이 안경을 맞출 수 없는 것인지요 ?

질문 2 : 안과진료 진단서를 가져가서 안경을 맞추면 더 좋은지요 ?",C9,,tri_llm_consensus
T-0517,2017,"안과, #황반변성, #황반변성치료",황반변성 눈 어떻게 치료 가능한가요,황반변성 눈 어떻게 치료가능한가요..ㅠㅠ,C3,,tri_llm_consensus
T-0518,2017,"한방 안과, 이비인후과, #황반변성한의원, #황반변성치료법, #동영상답변, #지식iN동영상답변, #지식인카드, #지식인카드답변, #플레이스URL, #황반변성치료, #눈질환, #지식인카드, #지식인카드답변, #플레이스URL",황반변성 한방치료,"아버지께서 작년에 황반변성 진단을 받으셨고, 지금까지 꾸준히 치료를 받고 계시는 상황인데 크게 좋아지는 부분이 없어서 전문으로 보는 한의원에서 치료를 받아볼까 생각중인데요. 한약 드시면서 치료 병행하시면 황반변성이 좋아지실 수 있을까요?? 점점 시력이 안좋아지시거 같아 너무 걱정입니다..",C3,C6,tri_llm_consensus
T-0519,2017,"한방 안과, 이비인후과, #황반변성, #황반변성치료, #황반변성, #안과한의원, #지식인카드, #지식인카드답변, #플레이스URL, #안구질환, #황반변성, #지식인카드, #지식인카드답변, #플레이스URL, #시력저하, #황반변성치료, #동영상답변, #지식iN동영상답변, #지식인카드, #지식인카드답변, #플레이스URL",황반변성 완치 가능한가요??,"황반변성 진단을 받았는데 시력이 점차 안좋아지는거 같아요..

꾸준히 관리하며 치료를 받고있긴 한데.. 좋아지는 기미는 안보이네요..ㅠㅠ

검색해보니 한의원에서 치료받고 좋아지신 분들도 계셔서

저도 한의원가서 치료를 한번 받아볼까 생각중인데 한의원에서는

어떻게 황반변성을 치료하나요??",C3,,tri_llm_consensus
T-0520,2017,"한방 안과, 이비인후과, #황반변성예방, #황반변성한의원, #동영상답변, #지식iN동영상답변, #지식인카드, #지식인카드답변, #플레이스URL, #한방안과, #황반변성, #지식인카드, #지식인카드답변, #플레이스URL",황반변성 증상 치료,"아버지께서 일년 전에 안과에서 왼쪽 눈이 황반변성 진단을 받게 되시고 6개월마다 검진을

받으러 다녔는데요. 최근 다시 검진을 받아 보니 오른쪽 눈까지 황반변성 이라는 판정을 받았습니다.

특별한 치료는 필요 없다고 하고 검진만 하라고 해놓고 이렇게 다른 쪽 눈까지 황반변성으로

실명의 위험이 있다고 하니 정말 화가 나고 답답합니다.

현재 초기에 있던 검은 점은 왼쪽은 좀 더 커져있는 상태로 사물을 정확히 보기에는 무리가 있고

오른쪽 눈은 아직까지는 검은 점은 없는 상태입니다.

황반변성은 제대로 치료하지 않으면 나중에는 실명까지 온다고 들었습니다.

현재 6개월째 치료중이고 병원에서는 별다른 방법은 없고 어쩔 수 없다는 말만 하니 답답할 따름입니다.

황반변성을 전문으로 보는 한의원도 있다고 해서 한방치료도 고려중인데 한방치료를 받으면 좋아질 수 있을까요?",C3,C6,tri_llm_consensus
T-0521,2017,"한방 안과, 이비인후과, #황반변성치료, #안과치료, #지식인카드, #지식인카드답변, #플레이스URL, #황반변성치료, #황반변성, #황반변성치료, #황반변성한의원, #동영상답변, #지식iN동영상답변",황반변성 어떡하죠..ㅠ,"1년전쯤 황반변성 초기 진단을 받아서 꾸준히 관리하고 치료를 했었는데요.

한쪽눈 마저 황반변성 진단이 나오더라구요..

여태 치료한게 다 헛수고 된거같고.. 나중에 실명이 되면 어떡하나 걱정이 되는 상황이네요..

일단 병원치료는 별 효과가 없는거 같아서 한방쪽으로 가서 치료를 받아볼까 생각중인데

한의원에서 치료를 받으면 좀 괜찮아질 수 있을까요??

검색하니 한의원에서 치료 받고 좋아지신 분들도 계시다고해서..

황반변성 이거 어떻게 해야할까요? 너무 걱정되요..ㅠㅠ",C3,C6,tri_llm_consensus
T-0522,2017,"한방 안과, 이비인후과",황반변성 치료 질문,"아버지께서 황반변성 진단을 받으시고 7개월째 치료를 받고 계시는데요.

아직까지 크게 좋아진점이 없어서 계속 치료를 받아야 하나 고민입니다..

의사 선생님 말로는 꾸준히하면 좋아질 수 있을거라고 말씀은 하시는데..

이대로 황반변성 치료를 받는게 좋은건지 몰라서 질문드리게 되었네요..

한의원가서 치료를 받는건 어떨까 싶기도 한데 그냥 꾸준히 병원치료 받을까요?

아니면 한의원옴겨서 치료를 받아볼까요?",C3,C6,tri_llm_consensus
T-0523,2017,건강에좋은음식,황반변성에좋은음식 좀 알려주세요..,"황반변성에좋은음식 좀 알려주세요..

남편이 황반변성 초기라네요

언젠가부터 눈이 침침하다고 했는데

50대 넘어서 노안올 때도 됐으니까 그러려니 했어요

평소에 담배도 많이 태웁니다.. 고헐압이랑 댱뇨도 약간 있는데

아마 다 겹쳐서 그런게 아닌가 싶네요

평소에 혈액순환 잘되는 음식으로 해준다고 해줬는데

눈에 좋은 영양제 같은거라도 따로 사다 먹일껄 후회됩니다

지금이라도 황반변성 치료에 좋은

황반변성에좋은음식 챙겨주면 괜찮아질까요?

워낙 벙원약을 싫어해서 황반변성 치료를 위해

황반변성에좋은음식 괜찮은게 있으면

더 안나빠지게 해주고 싶습니다.

황반변성 치료 하는데 도움되는

황반변성에좋은음식 잘 아시는분 계시면

답변좀 꼭 부탁드리겠습니다",C5,,tri_llm_consensus
T-0524,2017,"한방 안과, 이비인후과, #황반변성, #황반변성치료, #안과한의원, #지식인카드, #지식인카드답변, #플레이스URL, #황반변성예방, #시력저하, #동영상답변, #지식iN동영상답변, #지식인카드, #지식인카드답변, #플레이스URL",황반변성 치료 급합니다...,"1년전에 아버지께서 황반변성 진단을 받고 계속 치료를 받아왔는데 좋아지기는 커녕..

반대눈도 황반변성 진단을 받았습니다..시력이 점차 안좋아지고 있는 상황이라 혹시나 실명까지 하는건아닐지 걱정이 되는데.. 병원다녀도 호전이없다면 그냥 치료는 포기하는것이 맞는걸까요??

전문 한의원가서 치료받고 좋아지신 분들도 있다는데.. 한방치료도 한번 받아보는 것이 좋을까요? 너무 걱정입니다..",C3,C6,tri_llm_consensus
T-0525,2017,"한방 안과, 이비인후과, #황반변성에좋은음식, #눈관리, #지식인카드, #지식인카드답변, #플레이스URL, #한방안과, #지식인카드, #지식인카드답변, #플레이스URL, #황반변성, #황반변성치료, #황반변성, #동영상답변, #지식iN동영상답변, #지식인카드, #지식인카드답변, #플레이스URL",황반변성 관련해서 자세히 좀 알려주세요.,"엄마가 병원 좀 같이가자해서 다녀왔는데요.

선생님이 말하는거 들어보니까 황반변성이라 하더라구요.

집와서 검색해보니까 눈에 신경이 어쩌구 설명이 나와있는데 봐도 잘모르겠더라구요ㅠㅠ

그래서 전문가분들에게 좀 더 쉽게 설명을 듣고싶어서 이렇게질문 올립니다!

황반변성이 어떤 질환이고, 치료는 할 수 있는것인지 그런것 좀 알려주세요.",C1,C3,tri_llm_consensus
T-0526,2017,"건강에좋은음식, #황반변성, #황반변성에좋은음식",황반변성에 좋은음식 추천 좀...,"저희 남편이 황반변성 치료를 받는중인데요

치료에 조금이나마 도움이 되었으면 해서 챙겨주면 좋은음식에 대해 알아보는중인데

어떤걸 먹으며 관리를 해야 완치를 하는데 도움이 되는지...

황반변성에 좋은음식 아시는분 계시면 답변 좀 해주세요",C5,,tri_llm_consensus
T-0527,2017,"건강에좋은음식, #황반변성, #황반변성치료",황반변성 증상 때문에 그러는데 눈에 도움되는건 뭐가 있는지,"병원에서는 이렇다할 치료법이 없다고 그러면서 지켜보자고 그래서

눈 건강관리에 도움되는것들을 먹으면 황반변성 증상이 호전되지 않을까 싶어

어떤걸 먹으며 관리를 해야 하는지 알아보는중인데

황반변성 때문에 관리를 해보신분 계시면 어떤걸 먹어야 증상이 호전되고 좋아질수 있는지 답변좀해주세요",C5,C3,tri_llm_consensus
T-0528,2017,"안과, #한방해독요법, #안와침, #안와약침, #해독요법, #황반변성의한의치료, #지식인카드, #지식인카드답변, #플레이스URL, #황반변성치료법, #결막염, #동영상답변, #지식iN동영상답변, #지식인카드, #지식인카드답변, #플레이스URL, #황반변성치료, #황반변성",황반변성치료 방법 추천바랍니다.,"저희 남편이 황반변성 판정을 받았는데요

주사치료를 받고 있는중이긴 한데 여전히 시야가 찌그러져 보인다고 이야기를 해서

다른 치료 방법은 없는건지 알아보다가 글 남기게 되었습니다

잘못하면 시력이 떨어질수 있다고 그래서 걱정인데 황반변성치료 방법에 대해 아시는분 계시면

어떻게 해야 완치가 되는건지... 조언 좀 해주세요",C3,C4,tri_llm_consensus
T-0529,2017,안과,녹내장 백내장 황반변성 에 대해서,"컴퓨터, TV , 휴대폰 에는 블루라이트 가 나오고

햇볕에는 자외선이 나오는데요!!

자외선과 블루라이트가 눈에 영향을 주어 녹내장, 백내장, 황반변성 을 일으키는지

아니면 자외선만 영향을 주고 블루라이트는 영향이 없는지 궁금하고요!!

안경중에 블루라이트와 자외선을 차단하는 안경이 있는데

일단 선글라스 처럼 검은색은 아니고 그냥 투명한 안경입니다.

그걸 쓰면 자외선 블루라이트 를 차단하여 녹내장, 백내장, 황반변성으로 발전하는것을

방어할수 있는지 궁금합니다.",C1,C5,tri_llm_consensus
T-0530,2017,안과,시각장애 등급외 판정을 받았습니다.,"저는 오른쪽 눈이 가운데가 까맣게 보이지 않습니다. 황반변성에 의한 중심시력 손상으로 알고있습니다. 오른쪽 눈으로는 시력검사판도 보이지 않습니다. 손가락을 들고 숫자를 말해보라는 간호사 선생님의 얼굴도 제대로 보이지 않습니다. 의사 선생님도 제가 장애인 신청을 한다고 했을때 가능성이 높다고 말씀하셨습니다. 그런데 통보는 등급외 판정을 받았습니다.

편지에 이의신청을 하려면 추가 진료기록을 가져오라고 또 이의가 생기면 행정심판을 하라고 적혔습니다.

내일 의사 선생님께 갈 예정인데 뭐라 말해야할까요? 추가 진료를 원한다고 할까요. 또 행정심판을 하게되면 선생님께 소견서를 써달라고 하는게 맞나요? 행정심판 때 어떤걸 첨부해야하는지 궁금합니다.",C7,,tri_llm_consensus
T-0531,2017,"재판, 소송 절차",시각장애 등급외 판정을 받아습니다....,"시각장애 등급외 판정을 받아습니다.

저는 오른쪽 눈이 가운데가 까맣게 보이지 않습니다. 황반변성에 의한 중심시력 손상으로 알고있습니다. 오른쪽 눈으로는 시력검사판도 보이지 않습니다. 손가락을 들고 숫자를 말해보라는 간호사 선생님의 얼굴도 제대로 보이지 않습니다. 의사 선생님도 제가 장애인 신청을 한다고 했을때 가능성이 높다고 말씀하셨습니다. 그런데 통보는 등급외 판정을 받았습니다.

편지에 이의신청을 하려면 추가 진료기록을 가져오라고 또 이의가 생기면 행정심판을 하라고 적혔습니다.

내일 의사 선생님께 갈 예정인데 뭐라 말해야할까요? 추가 진료를 원한다고 할까요. 또 행정심판을 하게되면 선생님께 소견서를 써달라고 하는게 맞나요? 행정심판 때 어떤걸 첨부해야하는지 궁금합니다.",C7,,tri_llm_consensus
T-0532,2017,장애인복지,시각장애 등급외 판정을 받아습니다....,"시각장애 등급외 판정을 받아습니다.

저는 오른쪽 눈이 가운데가 까맣게 보이지 않습니다. 황반변성에 의한 중심시력 손상으로 알고있습니다. 오른쪽 눈으로는 시력검사판도 보이지 않습니다. 손가락을 들고 숫자를 말해보라는 간호사 선생님의 얼굴도 제대로 보이지 않습니다. 의사 선생님도 제가 장애인 신청을 한다고 했을때 가능성이 높다고 말씀하셨습니다. 그런데 통보는 등급외 판정을 받았습니다.

편지에 이의신청을 하려면 추가 진료기록을 가져오라고 또 이의가 생기면 행정심판을 하라고 적혔습니다.

내일 의사 선생님께 갈 예정인데 뭐라 말해야할까요? 추가 진료를 원한다고 할까요. 또 행정심판을 하게되면 선생님께 소견서를 써달라고 하는게 맞나요? 행정심판 때 어떤걸 첨부해야하는지 궁금합니다.",C7,,tri_llm_consensus
T-0533,2017,안과,눈 질환의 관해서,"진짜 이놈의 근심때문에 스트레스가 점점 싸여갑니다. 그런김에 눈 질환에 대해서 물어보려구요

제가 -7가까이 되는데 이정도면 고도근지이지요?

제가 무서워하는 병이 황반변성인데 고도근시이면 걸릴 확률이 얼마나 되나요?

가족력은 전혀 없어요. 그럼 확률이 낮아지나요?

지금 눈 영양제 먹고 있는데 이것이 예방의 돌와주나요?",C1,C5,tri_llm_consensus
T-0534,2017,"건강식품, 의약외품",눈건강제 루테인 질문있습니다 급해요,"어머니가 황반변성 위험이 있으셔서

루테인이 들어간 영양제를 매일 드시는데

45일분에 6만원이라 비싼편입니다

그러던중에 소셜에서 일양제약꺼 눈영양제 팔길래 사려고하는데

원래드시던거랑 영양성분비교했었을때 영양제 바꿔도 될까요???

원래 드시던게 종근당꺼고 사려고하는게 일양꺼에요

영양제병 찍은게 종근당

스샷찍은게 일양꺼입니다

사진첨부합니다",C5,,tri_llm_consensus
T-0535,2017,"한방 안과, 이비인후과",황반변성 건성이면,조기에발견한상태인가요 황반변성 건성이면요,C1,C6,tri_llm_consensus
T-0536,2017,안과,황반변성증상 치료 ...,"시야가 많이 찌그러져 보여서 병원 가봤는데 황반변성증상이라고 그러네요

삼출성이라고 그러면서 지금 치료를 받는중인데요

좋아지는게 없어서 이렇게 질문 남기게 되었습니다

지식인분들에게 조언 좀 구하려고 그러는데 황반변성증상으로 치료를 받아보신분 계시면

어떻게해야 좋을지.... 조언 좀 해주세요",C3,C6,tri_llm_consensus
T-0537,2017,건강에좋은음식,황반변성치료 도움되는건???,"저희 남편이 지금 황반변성치료를 받는중인데요

혹시나 도움되는건 뭐가 있는지 궁금해서요

주사 치료중인데 여기에 음식 관리를 한다든지... 영양제나 건강식품이라도 챙겨준다든지

도움되는건 뭐든 챙겨주려고 알아보는중인데 황반변성치료를 받아보신분 계시면

어떤 관리를 하셨는지... 조언 좀 해주세요",C5,,tri_llm_consensus
T-0538,2017,"건강에좋은음식, #황반변성에좋은음식, #황반변성치료, #한방해독요법, #황반변성예방, #황반변성한의원, #동영상답변, #지식iN동영상답변, #지식인카드, #지식인카드답변, #플레이스URL, #황반변성, #황반변성한의원, #지식인카드, #지식인카드답변, #플레이스URL",황반변성에 좋은 음식 치료법 추천..,"병원 다니는중인데 여전히 시야가 일그러져 보여서 다른 치료법 알아보는중입니다

그리고 황반변성에 좋은 음식도 있으면 챙겨먹어보려고 알아보는중인데요

어떻게 치료를 받고 음식 관리를 해야 증상이 호전되고 좋아질수 있는건지......

황반변성으로 고생해보신분 계시면 챙겸거으면 좋은 음식이랑 함께 치료법에 대해 답변 좀 해주세요",C5,C3,tri_llm_consensus
T-0539,2017,"한방 안과, 이비인후과, #클로바, #클로바질문, #clova, #clova질문, #clova질문에답변하기, #clova질문에답변해보세요",황반변성 전문의,,C8,,tri_llm_consensus
T-0540,2017,건강에좋은음식,황반변성치료 좋은음식 있나요?,"지금 제가 황반변성치료를 받는중인데요

시력이 작년에 비해서 떨어진것도 있고 아직도 물체가 일그러져 보여서

병원만 다녀서는 안될것 같다는 생각에 챙겨먹으면 좋은음식에 대해 알아보는중인데

어떤걸 먹으며 관리를 해야 좋을지 궁금해서 글 남기게 되었습니다

한달째인데요 하루빨리 완치를 하고 싶어서 그러는데

황반변성치료를 받으면서 챙겨먹으면 좋은음식이 뭐가 있는지....

경험 있으신분 계시면 답변 좀 해주세요",C5,,tri_llm_consensus
T-0541,2017,"영양제, 건강보조식품",루테인 하루 섭취량 질문,"저희 엄마가 황반변성이 와서 루테인 영양제를 하루 20mg 섭취하고 있습니다.

추가로 50대이상 종합영양제를 사주려고 하는데 거기에 루테인이 300mcg 들어가 있어요

루테인을 너무 많이 섭취하게 되는거 아닌가 싶은데 괜찮을까요

그리고 종합영양제에 구리도 0.5mg 들어가 있는데 한국인은 구리를 충분히 섭취하고 있어서

영양제를 따로 섭취할 필요가 없다고 어디서 줏어들어서...

이정도 미량은 괜찮은걸까요 실버영양제에는 다 비슷하게 들어있네요",C5,,tri_llm_consensus
T-0542,2017,"안과, #황반변성, #한방, #치료관리",황반변성 원인? 수술 관리..,"사물이 찌그러져 보이고 시력도 좀 떨어진것 같아서 좀전에 안과를 가봤는데 황반변성이라고 그러네요

병원에서는 수술에 대해 이야기를 해서 이후 관리를 위해 제 눈 상태가 왜 이렇게 되었는지 원인에 대해 알아보는중인데요

황반변성 원인이 무엇인지 아시는분 계시면 답변 좀 해주세요

그리고 수술 이후 관리에 대해서도 조언 부탁드립니다",C1,C3,tri_llm_consensus
T-0543,2017,안과,황반변성증상 치료도움되는건??,"일시적인 현상인줄 알았는데 시야가 일그러져 보이는게 없어지질 않아서

병원을 가봤는데 황반변성증상이라고 그러네요

시력이 떨어진것도 있어서 약물 치료중인데 혹시 도움 될만한게 있을까요???

음식이나 과일 등 치료에도움되는건 뭐든 챙겨먹으멱 관리를 해보려고 그러거든요

생활이 불편하다 싶을정도로 황반변성증상이 심해서 그러는데 경험 있으신분 계시면 뭐가 치료에 도움이 되는지... 답변 좀 해주세요",C5,C3,tri_llm_consensus
T-0544,2017,안과,"줄기세포와 시력, 안구 질환에 관한 질문드립니다.","현대 의학으로 시력이 한번떨어지면 시력은 다시 원래대로 돌이킬수 없고,

계속해서 나빠지는 시력을 속도를 늦추는것 외에는 방법이 없다고 들었는데....

심각합니다. 왜 심각한지는 개인 사정상 말씀드릴수 없지만....

녹내장, 백내장, 황반변성, 망막변성 등등 .......

줄기세포에 대해서 잘아는건 없습니다. 인문계열쪽이라 정말 하나도 몰라요.

그저 난자에서 뭔가 추출해서 줄기세포를 환부에 주사하면 그 부위가 태어났을때처럼 세것의 세포가

생겨나면서 치료가된다고 들어 그것이 성공한다면 인류의 수명이 150~ 200 세까지 늘어날수 있다고

들었거든요....

아 본론으로 들어갈게요

1. 뉴스기사 보면 영국이나 다른나라에서 줄기세포 배양성공, 줄기세포 치료법 개발, 줄기세포 치료 가능,

암을 정복하다 등등 나오잖아요? 그게 만약 개발된다면 우리나라 의료진도 바로 그 기술을 사용할수 있는건가요?

2. 줄기세포가 개발되면 위에 있는 시신경에 생기는 병..... 황반변성, 녹내장, 백내장, 망막변성 등등

치료할수 있는건가요? 시력도 원래대로 회복 가능한거구요?

질문 드립니다. 의학도 여러분들께 많은 부탁드립니다....",C3,C6,tri_llm_consensus
T-0545,2017,"예체능, #안과, #건성황반변성, #습성황반변성, #한방해독요법, #황반변성의한의치료, #대구한의원, #황반변성, #지식인카드, #지식인카드답변, #플레이스URL, #황반변성, #황반변성치료",황반변성 건성이면 많이 심각하고,"황반변성 건성 그대로 못이어 가나요 유지할수없나요 건성에서 습성으로 안되게 하는방법없을가요

황반변성 건성에서 습성이요 ㅠㅠ",C6,C3,tri_llm_consensus
T-0546,2017,"안과, #황반변성, #변시증, #황반변성증상, #황반변성의심, #황반변성자가진단",황반변성 질문입니다,황반변성의 증상중 하나로 선이 물결치듯 보이는것이 있는데 이증상이 잠깐 나타났다가(30분정도) 사라져도 황반변성의 증상으로 볼수 있나요? 보통의 황반변성의 경우 이증상이 계속 나타나는건가요?,C2,,tri_llm_consensus
T-0547,2017,화투게임,황반변성 주사치료,눈에다 직접 주시 바늘을 찌르는건가요? 주사를 맞으라는데 겁이나서요 많이아픈가요?,C4,,tri_llm_consensus
T-0548,2017,"안과, #황반변성, #황반변성증상, #시력저하",노화 외에 황반변성을 일으키는 위험 요인은 무엇이 있나요?,황반변성으로 시력이저하된다는것은 전혀보이지않는건가요?가족중에 이병으로 걱정이되서 여쭙니다 부탁드려요,C1,C6,tri_llm_consensus
T-0549,2017,안과,황반변성  꼭 도와주세요,"황반변성으로 눈이 안보이게 됐습니다.

1년정도 되었는데 치료가 완전히 불가능한가요?

혹시나 방법이 있을까요?",C3,C6,tri_llm_consensus
T-0550,2017,"색조화장품, #안과",황반변성이요 ~~ 건성,유지가능한가요,C6,,tri_llm_consensus
T-0551,2017,"건강식품, 의약외품, #황반변성, #황반변성치료, #황반변성에좋은음식, #눈건강, #지식인카드, #지식인카드답변, #플레이스URL, #황반변성증상, #황반변성치료법, #동영상답변, #지식iN동영상답변, #지식인카드, #지식인카드답변, #플레이스URL",어머님이 황반변성이신데 비타민a영양제를 섭취하고 계시는데  적정섭취량이 얼마인가요,"어머니께서 황반변성이시라 비타민a로 오큐바이트를 복용하고계십니다 처음엔 하루한알복용하시다 지금은시력이 더떨어지셔서 하루두알을 복용하고계시는데요

보니까 비타민a섭취가 과하면 골절등의부작용이 있다는데 그러고보니 저희어머니께서 살짝만넘어지셔도 골절이 잦으신데요 75세이십니다 습성황반변성이심을 감안할때 비타민a 적정복용량과 오큐바이트몇알이 적정할까요 안내문엔 하루한알이라 되어있는데 두알이상드셔도 된다고도 하고요 부디정확한답변 부탁드립니다",C5,C9,tri_llm_consensus
T-0552,2017,"안과, #황반변성, #황반변성한방치료, #황반변성치료, #한방해독요법, #안와침법, #안와약침, #안과질환, #황반변성, #지식인카드, #지식인카드답변, #플레이스URL",황반변성치료 방법 추천바랍니다.,"저희 남편이 황반변성 판정을 받았는데요

주사치료를 받고 있는중이긴 한데 여전히 시야가 찌그러져 보인다고 이야기를 해서

다른 치료 방법은 없는건지 알아보다가 글 남기게 되었습니다

잘못하면 시력이 떨어질수 있다고 그래서 걱정인데 황반변성치료 방법에 대해 아시는분 계시면

어떻게 해야 완치가 되는건지... 조언 좀 해주세요",C3,C4,tri_llm_consensus
T-0553,2017,"안과, #황반변성",황반변성 출혈,"어머니가 황반변성을 앓은 후 근 10여년 동안 병원서

관리를 했습니다

그런데 며칠 전 왼쪽 눈(황반변성 있는 눈)에 출혈이 생기면서

병원서 주사(아바스틴)을 맞았습니다

그러고는 좀 나아져갔는데 이주일 후 다시 출혈이 생겨 병원을 가서

치료를 받았습니다

그런데 이번에는 출혈이 멈추지 않고 지속됩니다

의사선생님 이야기로는 뒷쪽에 있던 피가 앞으로 옮겨온 거라시는데

지금은 안압도 올라가서 안압약을 넣고 있습니다

이런 상태에서 치료가 가능한가요?

제가 바라는 것은 전처럼 황반변성으로 그나마 조금 보이는 정도만 유지 되도 상관없습니다",C6,C4,tri_llm_consensus
T-0554,2017,"안과, #황반변성증, #안과, #의사, #변시증",황반변성증 의심증상,"#황반변성증

#안과

#의사

#변시증

아버지가 변시증이 생기신 것 같습니다. 황반변성증 초기 증상이 아닐까 걱정이 되어서요.. 안과에 바로 모시고 정밀한 검사를 받아야겠죠??",C2,,tri_llm_consensus
T-0555,2017,국민기초생활보장,장애수당을 받을 수있을까요?,"저희어머님이 황반변성으로 한쪽눈은 시력을 잃고

나머지 눈은 0.05의 시력도 안나온다고 하시더라구요

(글자가 아예안보이고 뿌옇게 흐려보이심)

저희어머님과 같이 살고있고 집이 어머님 명의입니다. (공시지가 9천 정도)

시아버지는 돌아가시고 안계시고 눈이 안보이시면서 일은 안하시고

매달 19만원 국민연금을 받고계세요.

다른 재산 전혀없으시구요

등본상 저희가족 ( 장남, 며느리, 손녀 2명) 이 같이 살고있구요.

신랑과 저 맞벌이중이라 건강보험료가 15만원정도됩니다.

혹시 장애수당 받을 수 있을까요?

확인해보니 기초수급자나 차상위만 가능하다고 되어있어서요.",C7,,tri_llm_consensus
T-0556,2017,"내과, #황반변성, #안과, #시력",황반변성 으로 잃은 시력 치료방법,"어머니께서 (77세) 젊을때부터 눈이 안좋으셔서 두꺼운 안경을 끼셧는데 약 5년전에 급성 황반변성 으로 한쪽눈을 거의 실명 하셨습니다. 그러다 보니 그나마도 안좋은 한쪽으로만 겨우 생활하고 계시는데 이마져 요즘 많이 안좋아지고 있어서 너무너무 안타깝고 겁이 납니다.

병원 정기 검사와 루테인 영양제 정도 먹고 있는데..

1.수술이나 치료로 잃은 시력은 정말 회복할수 없는걸까요?

2. 남은 한쪽 눈이라도 더이상 나빠지지 않게 유지하려면 어떤게 최선일까요?",C6,C3;C5,tri_llm_consensus
T-0557,2017,"안과, #안과, #비문증",비문증 증상이 다시,"비문증 증상이 있었는데 안과갔다가 안약넣고 한동안 신겸쓰이지않을 정도로 작아지거나 안보였는데

갑자기 너무 선명한 검은색 점이 다시 보입니다.

완전히 시야를 가리는 느낌은 아니고, 그냥 대충뜨고있으면 뿌연 검은색점이 눈동자 왼쪽에 붙어서 돌아다니는 느낌이고 미간에 힘을 주거나하면 점이 선명해집니다.

안과에서는 다른 증상이 없는 한 한달 뒤 다시 오라하고, 다시 보이거나 시야가 가려지는 증상이 있으면 바로 오라했거든요. 타지인데다가 명절이라서 명절끝나고서라도 가보는게 좋겠죠?

우선 다른 병력 +

황반변성이 있는데 얘기들어보니 황반변성은 크게 안좋은것같진 않았고요. 그냥 타고나게 그렇게 생긴것같은데 증상이 있으면 바로 오라셨거든요.

근데 당장 갈수가 없는 상황이라 이렇게 다시 보이는게 임상적으로 어떤 의미가 있는지 궁금합니다.

지금 감기증상이 있어서 이틀정도는 잠도 계속 오래자고 무엇보다 두통이 있는데 이것과 연관이 있을까요?

다른때는 안그러다가 감기때문에 두통이 심해지니 보이는게 감기때문이 아닌가 싶어서요.",C2,,tri_llm_consensus
T-0558,2017,"성범죄, #안과",황반변성 건성 계속 유지한 사람들있을가요,황반변성 건성판결받고 계속유지한사람들있을가요,C6,,tri_llm_consensus
T-0559,2017,"한방 안과, 이비인후과, #안과",황반변성 잘고치는 병원아는곳있으면 가르쳐주세요,"황반변성 잘고치는 병원있으면 가르쳐주세요!!

그리고 황반변성 건성으로 계속유지할려면 어떻게해야하는지도 가르쳐주세요!!",C8,C6,tri_llm_consensus
T-0560,2017,안과,시력장애중에 시야각이 점점 주는 병이 뭐죠,"실명위험까지 있는 것도 있다고 하던데

시력장애중에 시야각이 점점 줄어드는 증상을 가진 것들 좀 다 알려주세요

녹내장 황반변성이 무엇인지 어떤증상인지도 좀 알려주세용

감사해여!",C1,C2,tri_llm_consensus
T-0561,2017,"한방 안과, 이비인후과, #안과, #황반변성, #황반변성치료, #건성황반변성, #한방해독요법, #안와침, #안와약침, #해독, #황반변성, #한의원치료, #지식인카드, #지식인카드답변, #플레이스URL, #안통, #황달, #동영상답변, #지식iN동영상답변, #지식인카드, #지식인카드답변, #플레이스URL",황반변성 건성도,"레이저치료 가능한가요?

황반변성건성도 레이져치료가능한가요",C3,,tri_llm_consensus
T-0562,2017,"안과, #황반변성",황반변성 문의.,황반변성이 있어 2년 넘게 치료중입니다.두 달에 한 번씩 주사치료를 받고 있습니다.주사를 맞고서는 눈이 뿌옇게 흐린 증상이 좀 나아지는 듯했습니다.그런데 얼마전 진료후 증상이 더 나빠진 듯합니다.원래 진료하시던 선생님이 그만두셔서 다른 선생님에게 주사를 맞았습니다.물이 많이 말랐다고 조금만 더 마르면 된다고 했습니다.주사약이 바뀐건지 시야가 뿌옇고 흐리게 보입니다.다른 치료법과 영양제 등 시력 개선 방법을 알려주세요.,C3,C4;C5,tri_llm_consensus
T-0563,2017,안과,산동검사 주기,"황반변성하고 백내장 때문에 검사를 했는데요 별다른 설명도 없이 3달 이후에 다시 오라고 하내요

그래서 다른데 가보려고 하는데 산동검사를 자주하면 더 악화 될까요  ?",C2,C8,tri_llm_consensus
T-0564,2017,"한방 안과, 이비인후과, #치의학치과",황반변성건성수술가능한가요,황반변성건성수술가능하다고나오는데가능한가요,C3,,tri_llm_consensus
T-0565,2017,"한방 안과, 이비인후과, #습성황반변성, #황반변성의한의치료, #한방해독요법",눈에 황반변성이 생겼는데 얼마나 빠른 치료를 해야 하나요?,"어머니께서 S대병원에서 한쪽눈에 습성 황반변성이라는 검사결과를 받았습니다.

그런데 치료를 위해서  검사를 더 해야 하는데, 해당 병원은 12월 둘째주에나 진료예약이 가능하다고 하는데,

다른 병원에 가서라도 빨리 치료를 받아야하는지, 아니면 기다려도 되는지 궁금합니다.

갑자기 진척되서 상태가 악화될까 걱정됩니다.",C6,C8,tri_llm_consensus
T-0566,2017,"안과, #황반변성, #황반변성, #황반변성치료, #안과한의원, #황반변성치료, #지식인카드, #지식인카드답변, #플레이스URL, #황반변성, #황반변성한의원, #동영상답변, #지식iN동영상답변, #지식인카드, #지식인카드답변, #플레이스URL, #황반변성, #눈건강관리, #지식인카드, #지식인카드답변, #플레이스URL",황반변성 주사 맞고 통증,"안녕하세요~ 오늘 황반변성 주사를 오후 2시쯤 맞고 왔는데 병원에서는 통증이 크게 없을거라고 했는데 계속 아프고 집와서 3시간정도 자고 일어났는데도 통증이 사라지지 않는데

이게 부작용으로 인해서 그런건가요? 아니면 주사 맞고 나면 통증이 생길수 있는건가요?ㅠㅠ",C9,C4,tri_llm_consensus
T-0567,2017,"한방 안과, 이비인후과, #황반변성치료, #안과한의원, #지식인카드, #지식인카드답변, #플레이스URL, #황반변성병원, #황반변성치료, #지식인카드, #지식인카드답변, #플레이스URL",황반변성 건성있짢아요,"황반변성 건성있잖아요 그거

황반변성 건성이요 그거 종합비타민 처방하는거요 그거따로

의사선생님 처방있어야합니까?

아니면 제가 그냥가서 해도됩니까?",C5,C5,tri_llm_consensus
T-0568,2017,"한방 안과, 이비인후과, #황반변성, #시력저하",오르쪽눈 황반변성,큰물체는보이고 글씨나 작은물체는 어렴푸시보여요 무슨좋은치료방법은없나요 이대로두면 어떻게돼나요 어제눈에주사를 맞았는데 큰희망은없으나최선으로치료해보겠다고 합니다 한번에50여만원이드니 꼭회복할수있다면치료하겠은데 부담이돼서 다른좋은대책은없나요그냥두면어떻게돼나요외똑눈은 시력이1.0이닊요,C6,C4;C7,tri_llm_consensus
T-0569,2017,"안과, #황반변성, #안과, #황반변성에좋은음식",할머니가 황반변성이라는데요,주사를 매주한번씩 맞는데요 상태가 많이 안좋다고 하시거든요 황반변성에 좋은 약이랑 영양제 음식 좀 알려주세요ㅠ,C5,,tri_llm_consensus
T-0570,2017,"한방 안과, 이비인후과",황반변성에 대해서,저희 어머니가 지금 50세이신데 안과에서 황반변성이라는 진단을 받으셨어요... 일단은 좀 지켜보고 한달뒤에 다시오라고 했다는데 제가 이것저것 검색해보니까 실명위험이 높은 질환이라고 하더라고요 ㅠㅠㅠ 황반변성에 걸리면 대부분이 실명하는건가요? 백퍼 완치는 없고요??... 너무 걱정이에요... 앞으로 어떤식으로 눈관리를 해야할까요..,C6,C5,tri_llm_consensus
T-0571,2017,안과,안구 황반변성의심되서 동공확장술 하였는데 언제까지 빛보면 안되나요?,"의사 선생님이 빛 보면 안된다고 하셔서 밤에 불도 안키고있는데요

검사한지 8시간 정도 지났습니다

언제까지 조심해야 하나요",C9,C2,review_pool_R1_v5b
T-0572,2017,"한방 안과, 이비인후과",황반변성 이라고하는데 그냥 둬도 될까요?,"건강검진에서 황반변성을듣고 울산에 ㅅㅁ안과에서 정밀검사를 받았습니다

초기이고 이정도는 따로 치료받을필요가 없다고하던데 그냥둬도 될까요?

다른큰병원에 가야할까요?

사물이 휘어보이거나 공백등 다른증상은없습니다

초기에치료를 해야한다는 댓글이 많아서요..

시기를 놓치면 실명까지될수있는 무서운 병같아서 걱정입니다

좋은음식이나 안좋은습관도 알려주세요",C6,C5;C8,tri_llm_consensus
T-0573,2017,"안과, #안과의사님께, #안과, #눈, #황반변성",황반변성 치료법,"황반변성 치료 급해서 올립니다

나이:98

성별:남

치료가능 할까요?",C3,,tri_llm_consensus
T-0574,2017,"인디게임, #클로바, #클로바질문, #clova, #clova질문, #clova질문에답변하기, #clova질문에답변해보세요, #클로바, #클로바답변, #clova, #clova답변, #clova질문에답변하기, #clova질문에답변해보세요",황반변성에 대해서 얘기해줘,,C1,,tri_llm_consensus
T-0575,2017,안과,황반변성 증상 치료 도움되는건??,"아버지께서 황반변성으로 치료를 받으시는중이신데요

아직도 물건이 찌그러져 보이신다고 말씀을 하시네요

시력도 작년보다 떨어졌다고도 그러셨구요

아무래도 병원만 다녀서는 안될것 같다는 생각에 치료에 도움되는건 뭐가 있는지 알아보는중인데

황반변성 증상으로 고생중이신 아버지를 위해 제가 뭘 해드려야 할지

관리 방법에 대해 아시는분 계시면 조언 좀 해주세요",C5,,tri_llm_consensus
T-0576,2017,"안과, #눈, #안과, #황반변성, #안구, #황반변성한의치료, #황반변성일상관리, #한방해독요법",저희 아버지가 황반변성이라고 하시네요,"몇달 전부터 눈이 안 좋아지셔서 연세가 있으신 편이라 노안인줄 알고 늦게 병원을 갔는데 황반변성이라고 하시더군요

많이 활성화된 상태라는데 무슨 꽈리?가 있다더라구요

예전에도 한번 있으셨는데 사진상에선 흰색부분에 있었고 이번에 생긴건 검은동자에 있어서 이게 너무 가까워서

수술도 못하고 약물치료만 해야된다던데 여기서 계속 안 나빠지기만 해야된다더군요..

그래서 한달에 한번씩 눈에 주사맞으러 오라는데

관리만 잘 하면 아예 안 좋아지시진 않겠죠?

뭐 더 어떻게 해야되는거 없나요? 치료방법이 더는 없는건가요?",C3,C4;C6,tri_llm_consensus
T-0577,2017,"한방 안과, 이비인후과",황반변성에 좋은 약들있을가요,"황반변성에 좋은약들있을가요....

황반변성에 좋은약들....",C5,,tri_llm_consensus
T-0578,2017,"안과, #안경초점, #색수차, #안경피팅, #위례안경, #세컨페이스, #송파안경",멀리있는 전광판이나 led로 된 글씨나 불빛을 볼때 파란색은 아래로 작게 빨간글씨는 위로 크게 보여요,제목 그대로 운전할때 멀리 있는 전광판을 보게되면 파란글씨가 약간 아래로 작게 보이고 빨간 글씨는 약간 위로 크게 보이네요 안경을 쓰는데 안경을 손으로 좀 위로 조정하면 다시 제대로 보이고 위로 더 올리면 이번엔 빨간글씨가 아래로 파란글씨가 위로 가네요 유독 빨간색과 파란색만 이러는데 이게 무슨현상인지 모르겠네요 안경때문인지 눈때문인지 참고로 왼쪽눈에 황반변성이 있습니다. 진행형은 아니고 이유는 모르지만 다행이도 더 커지거나 그러진 않는 변성입니다 기생충이나 혈관문제가 아닌 다른계열의 변성이라고 하더라구요 5년간 1년마다 사진찍으면서 확인했고 변화가 없어서 이제 2년마다 사진을 찍고 있습니다.,C2,,review_pool_R1_v5b
T-0579,2017,"영양제, 건강보조식품, #안구건조증, #눈의피로, #옵티비올",눈 영양제 질문입니다.,안구건조증땜에 안과 가서 인공눈물 받았는데 별 소용이 없더라구요. 그래서 이번에 눈 영양제 루테인 영양제 살려는데 황반변성이 첨가됐나요?,C5,,tri_llm_consensus
T-0580,2017,안과,황반변성에 관해 답변 부탁드립니다,"엄마께서 류머티스 관절염으로 인해 몇십년동안 약을 드시고 계십니다

그러다가 2,3년 전쯤 시력이 급격하게 떨어지셔서

안과에 갔더니 황반변성이라고 했습니다

한달에한번 안과를 다니며 검사를 하고 계시긴 하는데 별다른 약을 처방해주시는것도 아니고

특별한 치료를 하는것도 아니며

딱히 나빠지고나 하진 않았다고 하는데

일상생활 하시는걸 보면

정말 시력이 더 안좋아지신것 같습니다

지방 병원이고 엄마께서 차상위여서

돈이 많이드는 치료는 권하지 않는것인지 뭔지 모르겠다고 말씀하시는데....

병원에서 괜찮다고 하니 괜찮은거라고 두고봐야할지

아니면 큰 병원을 찾아가봐야 할지 걱정입니다

엄마께서는 순천에 계시고 저는 인천에 있습니다

순천 또는 인천 인근에 황반변성 치료 받을 수있는 병원이 있다면 추천 부탁드립니다

집안사정이 많이 좋지는 못하지만

평생 관절염으로 고생하셨던 엄마의 눈까지 실명에 이른다면...정말...

그리고 챙겨먹어야할 영양제나 보조식품이 있다면 알려주시면 감사하겠습니다

많은 도움 부탁드립니다..",C8,C6;C5,tri_llm_consensus
T-0581,2017,"안과, #황반변성, #건성황반변성, #습성황반변성, #황반변성검사",황반변성 검사에 대하여,"황반변성은 건성과 습성이있다고 하던데 검사결과 이두종류의 구분이 명확하여 오류의 가능성은 없나요?

즉 검사상 쉽게 구분이 되나요 아니면  애매한가요?",C2,,tri_llm_consensus
T-0582,2017,"한방 안과, 이비인후과",황반변성 수술도 가능한가요??,,C3,,tri_llm_consensus
T-0583,2017,안과,눈 질문입니다.,"눈이 침침하고 쉽게 피로해서 루테인 비타라는 영양제를 일주일넘게 꾸준히 섭취하고 있는데요, 효과가 없는 것 같아요. 원래 이런건가요? 그리고 눈이 침침하고, 흐릿하게 보이는데 황반변성인가요?",C2,C2,review_pool_R1_v5b
T-0584,2017,신경외과,뇌출혈 후 영양제 복용에 관해서 질문이 있습니다.,"안녕하세요. 선생님

아버지께서 지난 달에 만성 경막하 혈종 진단을 받으신 뒤 검색을 통해 선생님 답변에 많은 도움을 받고 있습니다. 감사합니다.

다름이 아니라 기존에 아버지께 다양한 영양제를 권해드려 복용중이셨는데 혈행개선 관련 영양제가 뇌출혈에 좋지 않다고 하여 현재는 드시지 않고 계세요.

다만 고혈압,황반변성,기존의 뇌 스텐트 삽입이 있어 완전히 안 먹기 보다는

루테인(황반변성)과 유비퀴놀, dha로 구성된 오메가3나 아로니아는 괜찮치 않을까 싶어 문의드립니다.

괜찮을까요?",C9,C5,tri_llm_consensus
T-0585,2017,안과,의사선생님 질문좀요,"암점이 있으면 무조건 황반변성인지

사물은 잘보이는데 암점이 있으면 황반인지

아니면 사물이 휘어보여야 황반변성인지

알고싶습니다",C2,,tri_llm_consensus
T-0586,2017,건강에좋은음식,황반변성에좋은음식 추천바랍니다.,"지금 저희 남편이 황반변성 때문에 주사치료를 받는중인데요

혹시 황반변성에좋은음식이 뭐가 있을까요???

먹는것 관리를 하는게 제일 도움이 될것 같아서 챙겨주면 좋은음식에 대해 알아보는중이거든요

도움 되는건 뭐든 챙겨주려고 그러는데 황반변성에좋은음식이 뭐가 있는지.. 추천 좀 해주세요",C5,,tri_llm_consensus
T-0587,2017,안과,황반변성으로 인한 주사치료는 안구에 직접적인 주사를 놓는건가요?,"황반변성으로 인한 주사치료는 안구에 직접적인 주사를 놓는건가요?

아니면 다른 신체부위에 놓는건가요?

안구에 직접적인 주사인경우 마취를 따로 진행하는건가요??",C4,,tri_llm_consensus
T-0588,2018,안과,황반변성  실명,"어머님이 황반변성으로 실명 되었습니다.

서울에 있는병원에서 실명된 환자가 수술에 성공했다고 하는데 가능성이 있는것인지 또 수술성공한 병원은 어딘지 알려주세요

부탁드립니다.",C3,C8,tri_llm_consensus
T-0589,2018,"강도, #눈영양제, #황반변성, #눈의피로, #눈회복, #루테인, #옵티비올, #옵티비올, #눈영양제, #눈의, #피로",눈 영양제,"저희 어머님 일년전 백내장 수술 하시고 안과 검진 다녀왔는데

황반변성 초기 건성 이라하네요 의사분이 크거걱정 안해도 된다는데 ᆢ황반변성 초기 눈 영양제 드셔보라구 해서 약국서 추천 받아는데요 유한 m 아이러뷰 루테인 한통 30일분 삼만원에 샀네요

근데 온라인 보니 여러가지 약 들이 많네요 가격도 저렴하고ᆢ

황반변성 건성초기에 어떤 약이 좋은지 추천및 정보 부탁드립니다",C5,,tri_llm_consensus
T-0590,2018,"이비인후과, #황반변성, #황반변성진단, #습성황반변성, #건성황반변성, #황반변성증상, #신생혈관",황반변성에 대해 병원마다 의견이 다릅니다,안과 치료도중 황반변성이 발견되었는데 한 병원에서는 습성이라고 하루라도 빨리 주사치료를 하면 좋다 하고 다른 병원에서는 건성이라고 3개월 간격으로 보자고 합니다. 건성 습성 구별을 의사마다 다르게 할수가 있나요? 아직 시력에는 이상이 없습니다.,C2,C4,tri_llm_consensus
T-0591,2018,"안과, #안과",눈에 번쩍하듯 빛이보임,"백내장수술한지 1년 넘었고 황반변성이있는데

눈점막가가 간혹가려워 안과가서 약타와쓰는데 자주 이러네요 가렵워 무심결에 손이가 비비게되고 그것보다 오른쪽눈에 초파리나는게보이는데 이증상은 없다가닜다가하구 요며칠사이에 반짝이가 눈이 비칩니다 왜 그런걸까요?",C2,,tri_llm_consensus
T-0592,2018,안과,비삼출성 황반변성 문의요,"50대 어머니가 한달 전에 동네안과에서 황반변성이 있다고 하셨는데 굳이 치료는 할 필요없다고 노화로 인한 거라고 하셨어요 (찾아보니 비삼출성 황반변성)

한달 후 오늘 황반변성 자가검사를 하셨는데 한쪽 눈이 선이 굽어 보인다고 하시네요 혹시 몰라서 대학병원을 예약을 해놨는데 비삼출성인 경우에도 선이 굽어보인다거나 흐릿할 수 있나요?",C2,,tri_llm_consensus
T-0593,2018,안과,황반변성 증상,황반변성 진단을 받고 3개월 지났는데 증상이 많이 안좋아 졌습니다 그런데 병원에서는 3개월 전하고 차이가 없고 아직 초기라고  합니다 이제는 많이 구부러져 보이는데 의사 선생님은 차트상에는 구부러져 보일리 없다는데 이런 경우가 종종있나요?,C2,C6,tri_llm_consensus
T-0594,2018,"한방 안과, 이비인후과",사람이 뭉개지거나 휘어져 보이는 증상,"물체가 휘어져 보이면 다 황반변성 인가요 ?

다른 증상으로도 휘어져 보일 수 있나요?",C2,,tri_llm_consensus
T-0595,2018,"오락, #안과",황반변성 건성 수술 가능한가요?,"황반변성 건성 수술 가능한가요?

그리고 언제쯤 되나요?

황반변성 건성 수술

황반변성에서 ....

1년안됬는데아직 건성판경받은지

근데 습성으로 몇년있다가 넘어가게될까요 빠른답변부탁합니다",C3,C6,tri_llm_consensus
T-0596,2018,안과,전주에 황반변성치료 가능한 안과,"전주에서 황반변성치료 가능한 안과 알고 계신분 정보

부탁드려요~이왕이면 평화동 부근에 있는 안과면 더 좋을거같아요~",C8,,tri_llm_consensus
T-0597,2018,"안과, #안과, #눈건강, #황반변성, #안구노화, #시력노화, #루테인, #시력, #시력좋아지는법",황반변성에 도움되는 것들 알려주세요,"남편이 황반변성이 온 이후로 한 쪽 시력이 많이 떨어졌어요

.

반 년 전쯤에 대학병원에서 진단 받았을 때에는 황반변성 진단이 아니라 다른 진단으로 받아서 두 번의 치료를 받았는데

,

이 과정에서 담배를 끊으라거나 다른 내용은 없었고요

.

그러다가 최근에 심해져서 다시 가보니 한 쪽 시력이 많이 떨어졌어요

.

보통 황반변성이 오면 담배는 물론이고 술이나 탄수화물 같은 건 제한해야 하는 걸로 아는데요

..

어쩐 일인지 그런 말이 없네요

.

루테인이 시력 자체보다 황반변성에 가장 도움이 된다고 하는데 이거 말고 다른 비타민류도 같이 챙겨먹어야 할까요

?

정확히 이 증상을 앓고 계신 분이 답 주셨으면 좋겠어요

.",C5,,tri_llm_consensus
T-0598,2018,"코미디영화, #안과",황반변성 건성에서요 언제쯤 습성으로 넘어가게될까요??,황반변성 건성에서 1년에서 언제쯤 습성으로 넘어가게될까요??,C6,,tri_llm_consensus
T-0599,2018,"코미디영화, #안과",건성에서요 보통 습성으로 황반변성 언제 발진이 가능하나요,건성으로 유지했는사람도있을가요,C6,,tri_llm_consensus
T-0600,2018,안과,근시와 노안,"각 질문에 명확히 답변해주세요.

1. 제가 근시 -3인데 이 정도면 근시로 심하지 않고 괜찮은 건가요?

2. 노안으로 인한 시력저하는 근거리 굴절력에 이상이 생겨 가까운 거리의 시야가 잘 보이지 않게 되는 것이지 시력자체가 내려가는 것이 아닌게 맞나요?

3. 제가 근시 -3인데 노안이 오면 서로 상쇄되어 안경없이 근거리를 잘 볼 수 있는 행복한 근시가 맞나요?

4. 노안 때문에 실명되지도 않고 노안 때문에 황반변성같은 실명되는 질환에 걸리지 않는 것이 맞나요?",C1,,tri_llm_consensus
T-0601,2018,안과,근시와 노안,"각 질문마다 각 질문에 맞고 이해하기 쉽게 답변해주세요.

1.제가 근시 -3.00인데 이정도면 심하지 않고 별 문제없이 괜찮은 건가요?

2.제가 근시 -3.00인데 이정도면 노안이 왔을 때 서로 상쇄되어 근거리를 안경없이 잘 볼 수 있다는 행복한 근시라 할 수 있나요?

3.노안에 의한 시력저하는 근거리의 굴절 이상으로 가까운 거리가 잘 보이지 않을 뿐 시력수치 그 자체가 내려가는 것은 아닌게 맞나요?

4. 노안 때문에 실명하지 않는 것이 맞나요?

5. 노안 때문에 황반변성같은 실명되는 병에 걸리지 않는 것이 맞나요?",C1,,tri_llm_consensus
T-0602,2018,"안과, #황반부변성, #주변시, #중심시, #주변시야, #중심시야",누진다초점렌즈,"황반변성이있는당뇨환자가

누진다초점안경착용하면

시야나보이는각도가

어느정도는호전될수있나요?

일반안경은글씨가흐려져

보이는증상이있어서요

광고는하지마시고

답변만간략히부탁드립니다",C9,C6,tri_llm_consensus
T-0603,2018,"건강식품, 의약외품",안국 루테인 미니 100 드셔보시분 효과 어떤지 후기 좀.....,"제 남편이 황반변성 치료중인데 챙겨주면 좋은음식이나 영양제를 알아보다가 안국 루테인 미니 100이라는걸 알게 되어서 효과 어떤지 후기 찾아보다가 글 남기게 되었습니다

황반변성 치료에 루테인이 좋다고는 하지만 영양제로 챙겨줘도 괜찮을까요???

병원을 다니고 있지만 증상이 호전되질 않는다고 그래서 걱정인데 혹시 지식인분들중에서 황반변성 치료를 받는중 따로 챙겨드셧던 영양제나 좋은음식 같은게 있으시면 뭐가 도움이 되었는지 좀 알려주시구요

안국 루테인 미니 100을 드셔보신분 계시면 효과 어땠는지... 후기 좀 부탁드립니다",C5,,tri_llm_consensus
T-0604,2018,"건강식품, 의약외품",안국 루테인 플러스 효과 좋은가요??/ 황반변성 치료 때문에....,"병원 다니면서 황반변성 치료를 하고 있는중인데요

증상 완화에 좋은 음식이랑 영양제, 약초 같은게 있으면 먹어보려고 알아보다가 안국 루테인 플러스 효과가 좋다고 한번 먹어보라는 주변 이야기에 정말로 황반변성 치료에 도움이 되는지 궁금해서 질문올립니다

지식인분들중 황반변성 증상으로 고생해보신분 계시면 따로 치료를 위해 드셨던 영양제나 음식 약초 같은게 있으시거나 아니면 안국 루테인 플러스를 드셔보신분 계시면 효과 어땠는지... 답변 좀 해주세요",C5,,tri_llm_consensus
T-0605,2018,"한방 안과, 이비인후과, #황반변성치료, #황반변성예방, #동영상답변, #지식iN동영상답변, #지식인카드, #지식인카드답변, #플레이스URL, #황반, #황반변성",눈아플때 황반변성에좋은음식 추천 좀 해주세요 ?,"황반변성에좋은음식 추천 좀 해주세요 ?

최근 몇달사이에 눈알이 빠질것처럼 눈아플때가 자주있는데..

전그냥 건조증인줄만알았거든요 안과가니까 저보고 황반변성이래요

시력이 떨어지고있다고 황반변성에좋은음식이라도 챙겨먹는게 그나마 예방하는길이라고하네요

이건 딱히 치료방법도 없다고..

황반변성에좋은음식 추천 좀 해주세요 눈아플때 ..요 !!

눈아플때 건조함 이런것들이 간단한 증세인줄만알았는데

황반변성이라니 ㅠ

족력도 없는데 충격이네요 ㅜㅜ

도와주세요 어떻게해서든 황반변성완치 하고 싶습니다 치료에 좋은음식 추천 좀 해주세요

눈아플때 도움되는것두요 ..",C5,C2,tri_llm_consensus
T-0606,2018,"성인영양, #안과",황반변성 건성에서 언제쯤 습성으로 넘어가게될까요,건성으로 유지계속하는사람들도있을가요??,C6,,tri_llm_consensus
T-0607,2018,"한방 안과, 이비인후과",황반변성 검사 방법,"제가 왼쪽눈에 망막박리가 있어서 치료 한 적이 있는데

며칠 전에 오른쪽 눈도 비문증상이 심하고 침침하길래

병원 방문해서 산동제 넣고 망막검사 했습니다.

의사 선생님께서는 잘 붙어 있다고 하셨는데

망막검사로 황반변성 까지 파악 할 수 있나요?",C2,,tri_llm_consensus
T-0608,2018,생활,장애등급 어떻게 해야하나요?,"아버님께서 한쪽눈을 잃으셨고 또한쪽 눈이 황반변성

치로중이신데 사람 물체정도 알아보십니다 그리고 보청기를 하셨는데도 귀가 안들리십니다 어머니 귀는 정말

못들으세요 이런분들 장애등급 받을수 있을지요?

혹 받으면 무슨 해땍을 받을수 있는지 궁굼해서 좀 알고

싶습니다 아시는분 답변좀 부탁드리겠습니다 꾸벅",C7,,tri_llm_consensus
T-0609,2018,"안과, #루테인, #지아잔틴, #루테인지아잔틴, #황반변성, #황반변성에좋은음식, #황반변성예방, #눈영양제, #눈영양제추천, #황반변성원인, #황반변성치료, #동영상답변, #지식iN동영상답변, #지식인카드, #지식인카드답변, #플레이스URL, #황반변성, #눈질환, #지식인카드, #지식인카드답변, #플레이스URL",황반변성 증상 원인 뭔지?? 치료에 좋은음식 알려주세요......,"사물이 찌그러져 보이고 시력도 좀 떨어졌다는 남편 때문에 글 남깁니다

1. 병원에서는 황반변성 증상이라고 하는데 원인이 뭔가요???

원인이 뭔지 알아야지 치료를 받으면서 문제점들을 개선을 하고 관리를 할수 있을것 같아서 그러거든요

2. 그리고 치료에 도움이 될만한 좋은음식이 있을까요??

병원 치료만으로는 황바변성 증상이 호전될수 있을지 걱정되어서 그러거든요

점점 더 나빠져서 실명까지 갈까봐 걱정되어서 이렇게 질문 올리게 되었는데

황반변성 증상이 나타나는 원인과 치료에 도움이 되고 좋은음식이 뭐가 있는지.. 답변 좀 해주세요",C1,C5,tri_llm_consensus
T-0610,2018,"안과, #황반변성, #황반변성한의원, #동영상답변, #지식iN동영상답변, #지식인카드, #지식인카드답변, #플레이스URL, #황반변성, #안과한의원, #지식인카드, #지식인카드답변, #플레이스URL",황반변성치료,"어머님이 황반 변성(건성)으로 실명을 하셨습니다.

실명전에 백내장이 있었구요

혹시나 치료할수 있는 방법은 없을까요?

답볏 부탁드립니다.",C3,,tri_llm_consensus
T-0611,2018,"안과, #안과전문의",목포시에 있는 황반변성 전문 안과,광주까지 항체주사 지료를 다니고 있는데 거리가 멀어 불편한데요 목포에도 황반변성 전문안과가 있으면 추천부탁드려요,C8,,tri_llm_consensus
T-0612,2018,"일본어 맞춤법, 문법",당뇨가 있은지 7년정도 되었는데요 황반변성이 걱정돼서 최근 이년 동안 일년에 한번 정도 안과검사를 받앗는데요,"당뇨가 있은지 7년정도 되었는데요

황반변성이 걱정돼서 최근 이년 동안 일년에 한번 정도 안과검사를 받앗는데요

그냥 불 비춰보고 일년뒤 오라는게 전부더군요

우연히 인터넷검색하다가보니 황반변성검사는 좀 복잡하더군요

당뇨 오래된 나이많은 친척이 받은 검사에 비해서 너무 간단했던거 같ㅇ네요

제 경우는 간단한 검사로 복잡한 검사가 필요없어 안했던건지 아님 황반변성 검사라고 분명히 의사에게 말을 안해서인지 헷갈리네요

연휴 끝나면 안과 다시 한번가봐야겠네요",C2,,tri_llm_consensus
T-0613,2018,"붉은보석, #안과",우리나라에서요 황반변성 건성에서 유지한사람들도있을가요,"우리나라에서요 황반변성 건성에서 유지한사람들도있을가요??

습성으로 안넘어가고요!!",C6,,tri_llm_consensus
T-0614,2018,"영양제, 건강보조식품",꽃가루 알레르기와 루테인 추출 원료 궁굼합니다.,"꽃가루 알레르기가 있으신데 황반변성 증상이 있어서 병원에서 루테인 영양제를 드시라고 했는데요.

이번에 눈영양제로 한캡슐에 20mg 있어서 하루에 한알 먹으면 된다는 루테인을 사드렸는데 눈밑피부가 빨개지고 손등이 가려운 증상이 있다고 하시더라고요. 그래서 성분을 보니 루테인복합추출물(홍화씨유) 이렇게 써있더라고요.

이것 전에는 한캡슐에 5mg 있어서 하루에 4알 먹는 루테인 영양제를 사드렸는데 처음에 하루에 4알먹었더니 가려운증상이 있어서 1~2알 먹었더니 괜찮아서 그렇게 드셨다고 했거든요.

혹시나 해서 찾아봤더니 지난번 영양제는 마리골드꽃에서 추출한 루테인이더라고요.

아무래도 꽃가루 알레르기 때문에 빨개지고 가려운 증상이 나타나는 것 같은데 루테인 영양제 중에 홍화씨나 마리골드꽃 같이 꽃에서 추출한 것 말고 다른 추출물에서 만든 영양제는 없을까요?

루테인은 꽃에서만 추출되는 건가요?",C5,,tri_llm_consensus
T-0615,2018,장애인복지,한쪽눈은 실명이라 현재장애6급 나오는데 또다른 한쪽눈도 황반변성 때문에 시력이 악화되어 0.1정도 밖에안나와,한쪽눈은 실명이라 현재장애6급 나오는데 또다른 한쪽눈도 황반변성 때문에 시력이 악화되어 0.1정도 밖에안나와서 생활하는데 엄청힘든데 장애진단이 어느정도 될까 궁금합니다,C7,,tri_llm_consensus
T-0616,2018,안과,황반변성이 정말급성으로 올수있나요?,"황반변성이 정말 급성으로 올수있나요?

그리고 왜 난치성이고 완치가 불가능한지

알려주세요.내공200겁니다.",C1,C3,tri_llm_consensus
T-0617,2018,안과,황반변성 아바스틴 주사 후 소프트렌즈 착용 및 음주 문의,"신생 혈관 황반변성 진단 후 아바스틴 주사 2차례 맞았습니다.

2차는 5일 전 월요일에 맞고 오늘 토요일인데

오늘 소프트렌즈 착용 및 음주 해도 되나요?",C9,C4,tri_llm_consensus
T-0618,2018,"안과, #의학, #황반변성",황반변성에 대해 질문이요,"저 아시는 분이 황반변성에 걸렸는데 각막이식 같은거 하면

괜찮아 지나요?

안되면 황반변성에 걸려도 관리만 꾸준히 하면 실명까지는 안 걸리나요?

황변변성 주사치료도 하시고 계신다는데 가격이 어떻게 되나요

할때마다 드는 가격도 좀 알려주세요",C3,C7;C6,tri_llm_consensus
T-0619,2018,"안과, #의학, #안구, #전문가답변",황반변성 질문,"제 아버지가 황반변셩에 걸렸는데

황반변성은 눈에 항체주사도 맞고 있는데

황반변성은 실명까지도 갈 수 있는 건데

완치는 불가능해도 시력이 실명까지 가는걸 막을수 있나요?

그리고 황반변성에 좋은 약이나 음식좀 적어주세요

그리고 주사 가격이 보통 얼마나 되나요?

그리고 아버지 증상이 아직 살짝 그 흐려보인다고 해야하나 살짝 구불거리는 느낌이라네요

뿌연게 아니라 근시랑 살짝 헷갈린다고 해야하나..

증상이 많이 심한건가요?

초기인가 말기인가 잘 모르겠네요 좀 아시는 분 있으면 가르쳐 주세요",C6,C5;C7;C2,tri_llm_consensus
T-0620,2018,"애니메이션음악, #안과",황반변성 건성에서 계속 유지한 환자들 있을가요??,황반변성 건성에서 계속 유지한 환자들있을가요??,C6,,tri_llm_consensus
T-0621,2018,"사람과 그룹, #황반변성치료, #안과질환, #지식인카드, #지식인카드답변, #플레이스URL, #황반변성, #황반변성치료, #동영상답변, #지식iN동영상답변, #지식인카드, #지식인카드답변, #플레이스URL",황반변성도 완치 가능하지요?,,C3,,tri_llm_consensus
T-0622,2018,장애인복지,황반변성으로 인한 장애판정받을수있을까요?,오른쪽 중심부에 시력이 결손되어 암점이 생겼는데 장애등급을 받을수있나요?? 보훈대상자 6급 받았습니다,C7,,tri_llm_consensus
T-0623,2018,안과,안과문의) 황반변성으로 인한 장애판정받을수있을까요,오른쪽 시야 중심부에 시력이 결손되어 암점이 보이는데 장애판정받을수있나요? 보훈대상자 6급받았어요,C7,,tri_llm_consensus
T-0624,2018,"건강상담, #황반변성, #시력교정수술, #시력회복, #노인, #질환, #시력장애","노인 황반변성 치료법,수술방법 궁금합니다","본인 아버지께서 올해 80세 이십니다.

몇년 전 부터 시력이 안 좋아져 병원을 가니 '황반변성'이라는 병명을 들었습니다.

이후 아버지께서 부산 메리놀 병원, 부산대학교 양산병원,서울대병원,부산 이안과 등

유명 대형 병원 을 2-3년 넘게 다니셨는데 차도가 없이 시력이 점점 안 좋아지고 하셔서

의사분들께 신뢰를 잃고 치료를 중단한지 2년 정도 되셨습니다.

여쭤보니 영국 웨스턴대학? 인가 하는 곳에서 신약이 개발되어 7월중 시판예정이라고

그걸 기대하고 계신다던데 이 소식을 어디서 들으셨는지 정확한 내용인지도 의문입니다 사실

자식 입장에서 곧 손자가 태어나는데 손자 얼굴도 제대로 보시질 못하니 가슴이 너무 아픕니다.

아버지께서 연세도 많으시고 성격도 차분한 편이 아니라서 진료 당시에 의사분과 충분히 상담을 하고

본인 증상에 대해 얘기도 드리고 했는지 의문입니다.

아버지께서는 다니셨던 유명 대형 병원들 모두 치료법이나 수술방법이 없다고 했다고 하셨는데

제가 짧은 검색을 통해 알아보니 완치는 어렵다고 해도 증상을 완화해주는 약이라던지 수술법이

있는 것 같던데 전문가가 아니니 확실하진 않네요

노인 황반 변성 치료법과 수술 방법이 궁금하며 활동하시는 전문의께서 이글을 보신다면

혹 진료를 통해 치료를 해봐도 되겠다 하시는 분 계시면 답변 부탁 드립니다. 감사합니다",C3,C8,tri_llm_consensus
T-0625,2018,한의학,41년생이신 어머니께서 계속기운이없다고 하시는데요 2년여전  여러한의원을거쳐 토양체질진단을받으셔서  찬성질위주의음식을 계속드시게하고있는데요,연세드신어머니께서 계속기운이없다고하시는데요 연세드신것을감안하더라도 다른이유가있는것같은데 왜일까요 황반변성이심하셔서 도움이될까하고 3년여전 8체질검사한의원을 여러군데 다녀 토양체질진단을받았는데요(7~8군데이름있는 한의원을 모두골라 다녔는데 사실 체질이조금씩다르게나오더군요 2:3:3정도로요) 그래서 2~ 3년전부터는 드시는모든음식과 구기자물등으로 모든드시는음식을 찬성질로 바꾸어드시게하고 있습니다. 심지어과일까지도요. 체질진단이한의원마다 조금씩달라 체질진단이잘못되었을수도있다는 염려도있고 제가알기로는 사람몸의 체온을 1도만 올려도 건강에도움이된다고 알고있는데 제가너무체질검진만을 염두에두고 찬성질의음식만을 드시게하는것도 원인이될수있을까요 요 찬성질의음식만으로 몸을차갑게 해드리고있는건 아닌지 아님 한의원에서 모시고가서 진맥이라고 보시게해야하는건지 어떻게해야할지모르겠습니다 황반변성으로 시력이 너무없어지셔서 도움이되고자 체질검사까지 했던차라 보약도 잘못드시게해서 눈에 영향이있을까봐 선뜻 모시고 가지도못하고있습니다 우리나라한의원은 무조건 보약만을 지어주려하는 선입견도있습니다 어떻게해야할까요 기운이없으시니 움직임도없으셔서 근력도약해지시고 화장실에 가실때도 힘들게가십니다 도와주세요..,C9,C5,tri_llm_consensus
T-0626,2018,주거공간,답변감사합니다^^,"아픈곳을 침으로 치료해서 한쪽팔에 침을놓는다해서 안아픈팔이 아파지는거와같이 한쪽눈이 실명이면 그쪽눈에 침을놓는다해서 정상인눈이 안좋아지고 그러진않죠? 할아버지가 그런건없고 물이들어가면 놓은곳에 곪을수도있다하셔서 질문드립니다 황반변성이 실명된곳에잇엇다면 살아잇는눈에도 갈수잇다고들엇는데 실명된지가꽤되었고 아무런불편함도없는데 너무걱정안해도되겠죠?

맞고나서 아무런 부작용은없었습니다",C9,C6,tri_llm_consensus
T-0627,2018,안과,안과 추천좀,"안과 잘보고 괜찮은곳 어디없나요?

진료받던곳이 있는데 직원들이 불친절해서

한마디했는데ㅜ 블랙리스트에 올랐다느니

다시 의사가 오지말라네요ㅜ

황반변성와서 주사맞고 지금5개월 지났거든요

유지잘되고 있는데ㅜ

의사선생님 조은데ㅜ 눈이니까ㅜ

아무곳에 맡길수없고ㅜ

어떻게 해야할지ㅜ

걱정되고 겁나요ㅜ

제 눈관리 해줄 의사선생님 없을까바ㅜ

잘못한건건지ㅜ

3개월있다 가는건데ㅜ

오지말라니까ㅜ

조은곳 알려주세요ㅜ

급해요",C8,,tri_llm_consensus
T-0628,2018,안과,눈 실명 질환,"녹내장, 황반변성, 당뇨병성망막증 중에서

가장 주의해야 할 질병이 무엇인가요?

3개의 증상은 다 실명되는 질환이라고 들었습니다.",C1,C6,tri_llm_consensus
T-0629,2018,"영화인, #검색질문, #통합검색궁금증, #통합검색질문하기, #황반변성, #안과질환, #지식인카드, #지식인카드답변, #플레이스URL, #황반변성, #황반변성치료, #동영상답변, #지식iN동영상답변, #지식인카드, #지식인카드답변, #플레이스URL, #황반변성, #황반변성치료",황반부종과 황반변성은 같은 병인가요,,C1,,tri_llm_consensus
T-0630,2018,안과,황반변성 증상으로 고생중이신 어머니.... 관리에 도움되는건??,"저희 어머니께서 시야도 일그러져 보여서 병원 치료를 받으시는중이신데요

황반변성 증상이라고 의사선생님께서 그러셨는데 치료를 받으시는중이신데도 좋아지는게 없으시다네요

그래서 황반변성 증상 관리에 대해 알아보다가 글 남기게 되었는데

병원 치료중 해야 할 관리가 뭐가 있나요??

좋은음식이라든지 영양제나 약초 과일 같은걸 챙겨드리는게 제일 도움이 될것 같은데

어떤게 치료에 도움이 되는지....

황반변성 증상으로 치료를 받아보신분 계시면 어떻게 관리를 하셨는지... 조언 좀 해주세요",C5,,tri_llm_consensus
T-0631,2018,성인영양,영양제 궁합이 궁금합니다~,"58세 여자이고 황반변성이 있고

흑색종수술했습니다.

루테인과 오메가3 프로폴리스 칼슘 센트룸

이렇게 먹는데 괜찮은지요.

혹시 빼거나 부족한 부분이 있을까요?",C5,C9,tri_llm_consensus
T-0632,2018,"안과, #황반변성, #황반변성치료, #지식인카드, #지식인카드답변, #플레이스URL, #황반변성, #황반변성치료",황반변성 치료방법 좀 알려주세요ㅜㅜ 그리고 좋은음식도....,"사물이 찌그러져 보이고 시력도 떨어져서요

주사 치료 중인데도 차도가 보이질 않아서 이러다간 실명까지 갈까봐 무서운 마음에

황반변성 치료방법에 대해 알아보는중입니다

그리고 계속 주사 치료를 받아야 하는게 맞는거라면 증상 완화에 좋은음식 같은게 있을까요???

병원을 다니면서 황반변성에 좋은음식도 먹으며 관리를 하면 조금이나마 치료에 도움이 되지 않을까 싶어서 그러거든요

생활이 너무 불편해서 하루빨리 완치가 되었으면 하는 마음에

황반변성 치료방법과 증상 완화에 좋은음식에 대해 알아보는중인데

어떻게 치료를 받고 관리를 해야 하는건지.....

경험 있으시거나 아시는분 계시면 답변 좀 해주세요",C3,C5;C4,tri_llm_consensus
T-0633,2018,안과,눈에 대해서,황반변성은 초기에 발견하고 신경 쓴다면 완치가 될까요??,C3,,tri_llm_consensus
T-0634,2018,안과,황반변성 수술관련 보험금 지급 황반변성 수술예정인데요 제 보험 중에 16대특정질병보장되는 보험이 있어요 백내,"황반변성 수술관련 보험금 지급

황반변성 수술예정인데요 제 보험 중에 16대특정질병보장되는 보험이 있어요

백내장(노인성백내장,기타백내장,수정체의 장애) 녹내장(녹내장,달리 분류된 질환의 녹내장) 이 두개가 보장되는데 황반변성 수술에도 보장이 포함되는지 궁금합니다",C7,,tri_llm_consensus
T-0635,2018,"의료, 상해 보험",황반변성 보험금지급 문의,"황반변성 수술관련 보험금 지급

황반변성 수술예정인데요 제 보험 중에 16대특정질병보장되는 보험이 있어요

백내장(노인성백내장,기타백내장,수정체의 장애) 녹내장(녹내장,달리 분류된 질환의 녹내장) 이 두개가 보장되는데 황반변성 수술에도 보장이 포함되는지 궁금합니다",C7,,tri_llm_consensus
T-0636,2018,"액션, 무협 영화, #황반변성치료, #지식인카드, #지식인카드답변, #플레이스URL, #황반변성안과, #안구질환, #황반변성, #동영상답변, #지식iN동영상답변, #지식인카드, #지식인카드답변, #플레이스URL, #황반변성, #황반변성치료",황반변성과유리체혼탁,,C1,,tri_llm_consensus
T-0637,2018,"의료, 상해 보험, #황반변성, #의료보험, #황반",황반변성 의료보험 관련,"황반변성 보유자로서 약 삼년간 아바스틴, 루센티스, 아일리아 등 주사치료를 진행하고 있습니다. 황반변성 보유자에게는 횟수에 제한없이 의료보험이 적용된다고 하는데 저는 황반의 위치가 의료보험 적용이 불가능한 위치라고 해서 보험 적용을 받지 못하고 있습니다. 의료보험 적용 요건은 정확히 무엇인지 등 이것과 관련하여 정보를 아시는 분은 답변부탁드립니다.",C7,C4,tri_llm_consensus
T-0638,2018,"공포만화, #안과",황반변성 건성에서요 저희어머님이,"케일을 먹고 좋아졌다는데요 만약에그러면 건성으로 계속유지가능할까요

그약을계속먹는다면요.....",C6,C5,tri_llm_consensus
T-0639,2018,안과,황반변성사진 좀 봐주세요.,"이번 건강검진에서 황반변성 진단을 받았습니다.

상태가 어떤건지 궁금합니다.

좋아지는 방법과 완치될수 있는지 궁금합니다.",C2,C6,tri_llm_consensus
T-0640,2018,건강에좋은음식,"황반변성, 고혈압, 당뇨, 천식에 좋은 음식은 무엇이 있나요? (1000)","저희 아버지가 황반변성 진단을 받았는대요

당뇨랑 고혈압 천식도 있으십니다

당뇨 고혈압 천식 황반변성 4가지를 앓고 있는 사람이 먹으면 좋은 음식들이 무엇이 있을까요?

여러가지 병을 앓고 있어서 찾기가 힘들더라구요

예를 들면 당뇨에는 좋은대 고혈압 환자가 먹으면 안되는 음식이 있고 그렇잖아요

4가지 전부에 좋은 음식 아니더라도 다른 질병에 나쁜영향이 없거나 다른질병에도 좋은 음식 추천 해주세요",C5,,tri_llm_consensus
T-0641,2018,"학사 행정, 제도",황반변성 이란병은어떤병인가요?치료는가...,황반변성 이란병은어떤병인가요?치료는가능합니까?낳을수있기는하는것입니까?,C1,C3,tri_llm_consensus
T-0642,2018,안과,시력 장애 판정 가능한지. 맥락막망막손상,"시력이 많이 나쁜편이구요. 병명은 맥락막망막손상. 황반변성?

이라고 하시는데. 장애인등록이 가능할까요 ??

SPH. -450. CYL. -1.00. AXIS. 180. 안경점에서 써주신겁니다",C7,,tri_llm_consensus
T-0643,2018,"안과, #안과, #눈질환, #의사",황막변성증(?) 어떤 질병인가요??...,"황막변성증(?) 어떤 질병인가요??

지인이 최근에 눈이 안 좋다고 하네요

물어보니 황막변성증(?) 이런 이름이라고 하던데

본인은 걱정하지 말라고 하는데

사실 신경이 많이쓰이네요...

검색해보니 황반변성증만 나오는데 조금 무거운 이야기도 많이 들리고...

질문은

해당 질병이 어떤 병인지...

그리고 가볍게 생각할만한 사례도 있는지...

그리고 조만간 한번 만나러 가려고 하는데 눈에 좋은 선물같은건 뭐가 있는지 알고 싶습니다",C1,C5,tri_llm_consensus
T-0644,2018,"건강에좋은음식, #황반변성, #황반변성치료법, #황반변성에좋은음식, #황반변성예방, #안과질환, #황반변성, #지식인카드, #지식인카드답변, #플레이스URL",황반변성에 대한 치료법은요?,,C3,,tri_llm_consensus
T-0645,2018,"영양제, 건강보조식품",황반변성 고견부탁드립니다.,"지난 주에 황반변성 진단을 받았고 아바스틴 주사를 두 번 가량 맞은 후 경과를 지켜보자고 하여 기다리는 중입니다. 이것 때문에 생활패턴도 다 바꾸는 중이고 황반변성에 정말 효과적인 치료약이 나오기만을 기다리는 중인데요. 국민 청원도 넣은 상태이지만 아마도 받아들여질 것 같지가 않습니다.

흡연도 10년 동안을 했는데 최근에 금연 한 지 약 한 달 정도 됐습니다. 궁금한 것은, 구체적으로 황반변성에 효과적인 비타민이나 루테인을 같이 복용해도 되는 것인지, 그리고 제가 먹는 영양제가 너무 많은 것인지 등이 궁금합니다.

제가 먹는 것은 루테인 아침 두 알, 저녁 두 알 / 오메가3 하루 한 알 / 비타민C 하루 한 알 / 블랙커먼씨드 하루 한 알 입니다.

이 외에 더 추가하려고 했으나 혹시라도 황반변성에 다른 성분이 좋지 않은 영향을 줄까 싶어 우선은 여기까지 복용 중입니다. 고견 부탁드립니다.",C5,C4,tri_llm_consensus
T-0646,2018,"영양제, 건강보조식품",황반변성 건성이라는데..,"노안이 사십대부터 왔다가 오십대인 현재 극심한 눈건조증과 함께 황반변성이 왔습니다. 책을 자주 보기도 하지만 그것보다는 전자기기 활용 때문에 더 심해진 것도 같네요. 다행인 것은 습성이 아닌 건성이라고 하여 조금 더 관리해주면 어느정도 나아질거라는 기대가 있는데 그럼에도 불구하고 꾸준하게 영양제를 먹으라고는 하더군요.

병원에서 말하는 루테인을 포함해서, 황반변성에 조금 더 좋은 눈영양제가 있다면 추천해주세요. 조금이라도 노화를 늦추고 황반변성 증상도 늦추고 싶습니다.",C5,,tri_llm_consensus
T-0647,2018,안과,녹내장과 백내장의 검사 방법이 다른가요?,"안녕하세요.

녹내장, 백내장 검사하는 방법이 다른가요?

검사하는 종류는 어떻게 되나요?

예를 들어..

시신경이나 망막박리, 황반변성은 녹내장에 속하는지? 백내장에 속하는지?

어디에 속해서 어떤 검사를 받게 되는지 궁금하네요.",C2,,tri_llm_consensus
T-0648,2018,"신경과, #황반변성",저희 할머니가 황반변성에 걸리셔서 한...,저희 할머니가 황반변성에 걸리셔서 한 쪽 눈을 시력을 잃게되시고 지금 위기인데 어떻게 안될까요?,C3,C3,tri_llm_consensus
T-0649,2018,"안과, #캐나다, #호주, #안과, #황반변성",캐나다랑 호주에서 황반변성 치료 가능한 병원 알고 싶어요. (내공 100),"캐나다 또는 호주에서 황반변성 치료가 가능한 안과병원 알려주시면 감사하겠습니다.

정말 간절하게 알고 싶습니다.",C8,C3,tri_llm_consensus
T-0650,2018,안과,건성황반변성,"지인이 건성황반변성인데 이상하게 해마다 시력이 나빠지고 있는데 고령입니다.

이런경우 습성황변변성주사가 혹시 도움이 될수가 있을까요?

그리고 건성진단의 오류는 없을까요?

왜냐하면 시력이 자꾸 나빠지기때문입니다.",C4,C2,tri_llm_consensus
T-0651,2018,오락,삼출성 황반변성,"흔히 습성,삼출성 황반변성의 경우 뚜렸한 치료법도 없고 서서히 실명에 이른다는데 환자수 대비 실제 실명이 되는 확률이 어느정도인지 꼭 알고 싶습니다 ,황반변성 진단을 받은후 잠도 못이루며 죽고만 싶은 심정입니다,도움 주실분 안계신가요?",C6,,tri_llm_consensus
T-0652,2018,"내과, #약사, #약사님부탁드려요, #안과, #안과의사분들도움, #루테인, #영양제, #눈",눈영양제중에 루테인영양제 질문있습니다,"루테인 영양제 질문있습니다

어머니가 황반변성으로 병원에 6개월에 한번 정기검진을 받고 모계시고

매일 루테인 영양제를 복용하라는 처방에 따라 드시고 계십니다

지금까지 드시던게 알고보니 젤라틴, 합성원료등이 들어가 있던거라

좀비싸더라도 천연재료로 만들어진걸 찾고있는데

뉴트리코어 루테인 어떤가요??

이거는 비타민이랑 아연,망간 같은게 들어있질 않던데

지금 이상황에서 어머니가 드셔도 될까요??

딴제품 추천도 받아요",C5,,tri_llm_consensus
T-0653,2018,"공갈, 협박, #안과",황반변성 건성에서 계속 유지 가능할까요??,"의사선생님 황반변성 계속 유지 가능할까요??

건성에서요!!",C6,,tri_llm_consensus
T-0654,2018,안과,형광안저촬영,황반변성검사를 위한 형광안저촬영을 하면 눈CT나 일반적인 안저활영은  할필요가 없나요?,C2,,tri_llm_consensus
T-0655,2018,"외과, #황반변성",아버지가 며칠전에 황반변성진단을 받으...,"아버지가 며칠전에 황반변성진단을 받으셨는데 현재 시력이 0.1이고 물체가 흐릿하게 보인다네요

사진은 정면후면찍은거라고 해요 제가 같이 간게 아니라서 ㅜㅜ

수술을 권고하셨는데 심각한 상태인건가요?",C6,C3,tri_llm_consensus
T-0656,2018,질환영양,황반변성 치료중인데 좋은 음식 있나요?,"제가 황반변성이 있어서 병원에서 치료를 받고 있습니다

눈이 잘 안보이고 시력도 떨어지고 물체가 찌그러져 보이고 그래서 병원에 갔었습니다

한 달정도 치료 받고 있는 중인데 눈이 불편하니까 여간 불편한게 아니네요..

그래서 하루 빨리 완치하고 싶습니다

황반변성에 좋은 음식이 있는지 궁금합니다",C5,,tri_llm_consensus
T-0657,2018,"건강식품, 의약외품",루테인영양제 추천 복용법이랑..,"안구건조증에 황반변성이 있어서 병원 치료를 받고 있는중인데요

눈에 좋은것들을 먹으며 관리를 해보려고 그러는데 루테인영양제가 좋다며

한번 먹어보라고 그래서 복용법이랑 함께 루테인영양제 알아보는중입니다

부작용 없이 먹기 위해서는 복용법 같은걸 파악을 하는게 좋을것 같아서

하루 권장량이나 주의해야할 부분이 뭔지 궁금해서 알아보는중인데

루테인영양제 드셔보신분 계시면 어디가 성분이랑 효과가 좋은지 좀 알려주시구요

그리고 복용법에 대해서도 답변 부탁드립니다",C5,,tri_llm_consensus
T-0658,2018,질환영양,황반변성 ㅠㅠㅠㅠ,"제가 티비보다가 컴퓨터 모니터랑 핸드폰 많이 보면 황반병성 걸릴 위험이 높아진다는 내용을 봤습니다

제 직업이 컴퓨터 프로그램 만지는 직업이라 하루종일 모니터만 보고 있거든요ㅠㅠㅠㅠ

야근 할 때는 진짜 눈알 빠질 정도로 오래 보고 있습니다 ..

그래서 황반변성 걸릴까봐 걱정되네욤 ..

회사를 때려칠순 없으니까 평소에 눈 관리를 잘 해야 될 것 같슴당

어쩔수 없이 컴퓨터 모니터를 많이 봐야하는 사람들은 어떻게 관리하는 것이 좋을까요?

눈에 좋은 음식 먹으면 될까요??",C5,C1,tri_llm_consensus
T-0659,2018,"판타지, SF 만화, #안과",황반변성 건성에서요 습성으로 넘어갈러면,얼마만에 넘어가나요??,C6,,tri_llm_consensus
T-0660,2018,"영양제, 건강보조식품, #안구건조증, #황반변성, #밀싹블루아이, #눈건강영양제, #눈건강, #눈건강제품, #밀싹엔",눈건강영양제 슈퍼루테인 어떤가요..,"안구건조증에 황반변성 때문에 지난주부터 약물 치료를 시작했는데요

병원 치료 중 눈건강영양제를 챙겨먹으려고 알아보는중인데

슈퍼루테인을 많이 드신다고 그러네요

그래서 지금 눈건강영양제로 슈퍼루테인 어떤지 궁금해서 글 남기게 되었는데

안구건조증, 황반변성뿐만 아니라 평소 눈 건강 관리를 위해서 영양제를 드셔보신분 계시면

슈퍼루테인 어떤지... 후기 좀 부탁드립니다

그리고 다른 눈건강영양제도 좋은거 아시면 추천 좀 해주세요",C5,,tri_llm_consensus
T-0661,2018,안과,노인성황반변성,"시력이 점차 떨어지는 노인성황반변성에 습성황반변성치료에 사용하는 주사제 사용시 효과가 있나요?

임상에서 이렇게  치료하기도 하는가요?",C4,C3,tri_llm_consensus
T-0662,2018,안과,황반변성검사,"습성과 건성의 명확한 구분을 위한 검사는 안저검사와 눈현미경 검사로 충분한가요?

추가로 필수적인검사가 있다면 무엇인가요?

이후 6개월에서 1년마다 검사시는 대충 무슨검사를 받으면 되나요?",C2,,tri_llm_consensus
T-0663,2018,"안과, #황반변성, #황반변성검사, #습성황반변성, #습성황반변성진단, #습성황반변성검사",황반변성검사,"황반변성이 건성인지 습성인지 구분은 세극등과 안저촬영으로 구분이 가능한가요?

형광검사를 해야만 구분이 가능한가요?

지인이 병원에서 건성이라고 하는데 시력이 나빠지는것같다고 해서 질문해봅니다.",C2,,tri_llm_consensus
T-0664,2018,안과,황반변성의 종류,"황반변성의 종류는 습성과 건성으로만 구분되나요 아니면

습성 , 건성 ,노인성 ,당뇨성  이렇게 구분되나요?

노인성황반변성이나 당뇨성망막질환도 위 2가지 분류속에  속하나요?

그렇다면 왜 노인성이나 당뇨성이니 이런용어가 많이 사용되나요?",C1,,tri_llm_consensus
T-0665,2018,안과,시력이상 검사법,"지인의 질문인데요

황반변성질환이 있는경우라면  몇개월마다 검사를 받아야한다고 들었는데요

그안에도 시력이 나빠지는지 괜찮은지는 주관적이라 파악이 힘들것인데요

자가검사하는방법이 있나요?시력 시야 등 자가검사법이 있나요?",C2,,tri_llm_consensus
T-0666,2018,안과,황반변성검사,"황반변성이 건성인지 습성인지 구분은 세극등과 안저촬영으로 구분이 가능한가요?

형광검사를 해야만 구분이 가능한가요?

지인이 건성이라고 하는데 시력이 나빠지는것같다고 해서 질문해봅니다.",C2,,tri_llm_consensus
T-0667,2018,"안과, #황반변성, #습성황반변성, #건성황반변성, #황반변성유형, #황반변성진단, #황반변성검사",황반변성에 대하여,"지인의 질문인데요 물론 몇개월마다 검진중인데

건성황반변성인경우인데도    사물의 일부가 찌그러져보인다고 하는데

습성의 증세나 예고증세로 볼수도 있나요?",C2,C6,tri_llm_consensus
T-0668,2018,안과,건성황반변성,"지인의 질문인데요

건성인데 증세가 자꾸 악화된다고 하는데도  별다른 치료법이 없으니

습성치료에 사용하는 주사제로 치료하는수도 있나요?

의학적으로 건성+노인성인경우 주사제로 치료하는경우도 있나요?",C3,C4,tri_llm_consensus
T-0669,2018,안과,황반변성 당뇨성,"지인의 질문인데요

당뇨성망막증과 습성황반변성의 관계가 어떻게 되나요  차이점은 무엇인가요?

아니면 당뇨성망막증은 증세가 점점 습성으로 나타나게 되나요?",C1,,tri_llm_consensus
T-0670,2018,안과,저는 황반변성이 진행중입니다 황반변성...,"저는 황반변성이 진행중입니다

황반변성을 안건 작년10월9일경~

알고서 다니던 서울역에 있는 이안안과를 갔습니다

검사결과 저는 황반변성~

눈에 주사를 작년10월16일에 맞고 지금까지

괜찮거든요~~

주기적으로 한달에 한번 두달에 한번씩 정기검진을

갔거든요

이번달 6월이 세달만에 검진가는날인데

아직언제 오라는 문자가 없네요ㅜ

병원가서 기분 나빠서 컴플레인 했다고

의사가 직접 그러면 오지말라고 세달전에 말하긴했는데

근데 그때 사과하고 잘넘어간거 같았거든요

그때 안과 말고도 다른병원 가야해서 예약시간이

지체되서 한마디했다고ㅜ 그렇게 환자를 오지말라 하고ㅜ 저는 세달동안 무지 신경 쓰였답니다

다른곳도 아니고 젤중요한 눈을 정성껏 맡아주셨던분이라ㅜ 언제 오라는문자도 없으니 갈수도 없고

어느 안과로 가야하는건지ㅜ

다른곳으로 가려해도 소견서 그런거 받아서 가야하는데 그러면 한번쯤 이안안과 가야하는데

용기도 없네요ㅜ 이대로 제눈을 포기해야하는건지

정말 겁이납니다ㅜ

전 어찌해할까요?ㅜ

좋은 답변좀 주세요ㅜ",C8,C6,tri_llm_consensus
T-0671,2018,"건강식품, 의약외품",루테인 복용법 성분 좋은건..,"황반변성에 루테인이 좋다고 그래서 성분 좋은건 어디서 구할수 있는지 알아보다가

이렇게 질문 남기게 되었는데 루테인 복용법은 어떻게 되나요???

하루 권장량이라든지 조심해야할게 있을것 같아서 루테인 복용법 알아보는중이거든요

그리고 부작용 없이 먹기 위해서 성분 좋은건 어디에 있는지도 알아보다가 글 남기게 되었는데

혹시 아시거나 드셔보신분 계시면 루테인 복용법과 함께 성분 좋은것 좀 추천해주세요",C5,,tri_llm_consensus
T-0672,2018,안과,변시증과 황반변성,"바둑판을 보면 찌그러져보인다면 황반변성의 증세일수가 있나요?

변시증과 황반변성의 찌그러짐과 같은가요 다른가요?",C2,C1,tri_llm_consensus
T-0673,2018,"안과, #눈안마기, #안마기, #눈안마기, #눈마사지기, #브레오마사지기, #브레오눈안마기, #눈안마기구입시, #주의사항, #안마기전문상담, #안마의자브랜드샵방방",부모님께 선물로 브레오 눈안마기를 사...,"부모님께 선물로 브레오 눈안마기를 사드리려고합니다

제품 설명을 읽다보니 백내장 녹내장 망막분리등 안구에 질환이 있는 분은 사용하지 말라고 써있는데

아버님께서 황반변성 진단을 받으셔서 안약을 사용하고 계십니다 눈 안마기가 도움이 될까요 아님 다른 선물을 생각해볼까요?",C9,,tri_llm_consensus
T-0674,2018,"건강식품, 의약외품, #루테인, #황반변성예방, #황반변성한의원, #동영상답변, #지식iN동영상답변, #지식인카드, #지식인카드답변, #플레이스URL",루테인 복용법 권장량 영양제 음식 추천바랍니다,"황반변성 때문에 루테인을 먹으려고 영양제랑 음식 알아보는중인데

복용법이랑 권장량에 대해서도 알아야 할것 같아서 이렇게 질문 올립니다

부작용 없이 먹기 위해서는 루테인 복용법과 권장량 파악을 해야 할것 같거든요

어떻게 얼마나 먹어야지 부작용 없이 효과가 있는걸까요???

그리고 루테인이 많은 음식과 영양제는 어떤게 있나요???

시력도 떨어지고 시야가 많이 일그러져서 병원 치료와 함께 꾸준히 먹으려고 그러는데

루테인 복용법과 권장량 어떻게 되는지 알려주시구요

영양제랑 음식 등 어떤걸 먹어야 하는지도 추천 부탁드립니다",C5,,tri_llm_consensus
T-0675,2018,"강도, #황반변성",황반변성 정기검사,"안녕하세요 혹시 황반변성을 정기검사를 통해 막을 수 있나요? . 증상은 없고요 어머니가 발병하셔서 실명하셔서 유전될까봐 너무 저도 걱정되서요.

제가 궁금한것은

황반변성이란 것이 전조증상이 어느정도 있어서 자주자주 정기검진을 하면 전조증상처럼 알아낼 수 있냐, 아니면 오늘 검사해서 멀쩡해도 내일 신생혈관출혈등의 이상소견이 나타날 수 있는것이라 큰 의미가 없는것이냐

둘 중 어느쪽에 가까운건지 너무나 궁금합니다 감사합니다 ^^ (검사는 어떤검사를 해야하나요?)

그리고 제가 눈이 뻐근하고 욱신거리고 간지럽고 그런게 너무 심한데요 단순한 안구건조로도 이럴수 있는거죠? 어머니 황반변성 심해졌다는 얘기듣고 스트레스 받은 후 더욱 심하긴 한데요. 신경성인건지, 아님 황반변성 전조증상에 이런 것도 혹시 있는지요?",C2,C2;C1,review_pool_R1_v5b
T-0676,2018,안과,습성황반변성의 원인,습성황반변성의 원인은 무엇인가요?,C1,,tri_llm_consensus
T-0677,2018,안과,황반변성에 대하여,"건성황반변성의 트루젠과 습성황반변성의 추가로 생긴 실핏줄 망막앞 있거나 보이나요?

따라서 안저촬영이나 세극등으로 보면 둘다 확인이 가능한가요?",C2,C1,tri_llm_consensus
T-0678,2018,안과,건성황반변성에 대하여,"현대안과의학으로는 건성황반변성을 더악화는 안되게 해도

치료하여 호전시키는방법(약이나 술식)은 아직 개발안되었나요?",C3,,tri_llm_consensus
T-0679,2018,"건강식품, 의약외품",어머니께서 습성황반변성으로 심각하게시...,어머니께서 습성황반변성으로 심각하게시력이 안좋아지셨는데요 그동안 영양제복용은 수년간은 병원에서 비타민a제만 처방받아드셨는데 근래에는 너무심각해져서 찾아보니 루테인이나 지아잔틴영양제를 많이복용하시던데요 비타민a도 하루복용권장량이있는데 루테인이나 지아잔틴도 그런것같은데요 비타민a제와 루테인영양제를 같이드시게해도 문제가없을까요,C5,C9,tri_llm_consensus
T-0680,2018,질환영양,황반변성에 루테인 질문이요,"저희 친정 아버지가 황반변성을 앓고 계세요..

연세가 68세이십니다

저 어릴때부터 시력이 안좋기도 하셨고 눈 쪽이 많이 약하셔서 주기적으로 안과 진료 보고 계셨어요

아버지가 황반변성을 앓고 계셔서 주기적으로 주사치료를 하고 계세요

주사치료 하시는거 보면 마음이 안좋기도 하고 걱정이 많이 되네요..

그래서 황반변성에 좋은 거 찾아보다가 루테인 지아잔틴?이 좋다고 하더라고요

황반변성 환자가 루테인 지아잔틴 먹어도 되나요??",C5,,tri_llm_consensus
T-0681,2018,안과,황반변성증상 맞는지 궁금해요,"아빠가 연세가 좀 있으셔요

제가 늦둥이걸랑요

근데 요즘 눈이 잘 안보인다고 하셔서

같이 동네안과다녀왔어요

검진받으니 황반변성증상? 의심된다는 소견이 나왔는데

안좋은건가요?

황반변성증상이면 이대로 여기서 치료를 받으면 되는건지?

아니면 좀더 큰 병원이나 전문적으로 하는 곳을 찾아가야하는건지요?",C2,C8,tri_llm_consensus
T-0682,2018,"안과, #지식인카드, #지식인카드답변, #플레이스URL",대구 안과 황반변성+녹내장 좋은 음식?,"대구에 거주중이구요~

잘보는안과 김진선원장님과 이태윤원장님께 진료받고있습니다.

안약처방과 정기검진으로 시력은 잘 유지하고 있으나...?

혹시 어떤 음식을 먹으면 좋을까???해서요~",C5,,tri_llm_consensus
T-0683,2018,마취통증의학과,안녕하세요 저희엄마가 황반변성 눈병때...,안녕하세요 저희엄마가 황반변성 눈병때문에 전신마취를해서 수술받았는데요 5일날 수술하고 6일날 퇴원했습니다 집에와서 속이 메스껍고 구토정상가 나타났어요 병원에 물어봤는데 항생제 때문에 그럴수가있다고 하네요 근데 항생제 어제한번먹고 오늘 안먹었거든요 약물 중단한지 24시간 지난는데도 지금까지 구토하고 힘드네요 인터넷 찾아보니까 전신마취 부작용때문에 메스꺼움 구토 정상가있다고 알려져 있더라고요 엄마 넘고통스러워셔서 어떻게 해야할지 뭐때문인지 알려주세요 부탁드립니다,C9,C3,tri_llm_consensus
T-0684,2018,안과,황반변성주사맞는 절차와 비용알고싶어요,"안녕하세요

황반변성주사를 6주에 한번씩맞고있는 친척분이 있는데요 해외동포입니다.

이번에 친척을 만나러 한국에 입국합니다.

그런데 머무는기간이 3개월동안이어서 황반변성주사를

서울에있는 안과병원에서 맞을려고합니다.

어떻게 맞아야되는지 절차를 몰라서 걱정이됩니다.

한국에 계실때 영등포에 있는 김안과에 다녔습니다.

어떤 안과에가면 주사를 맞을수있는지요?

어떠한 서류가있어야되는지요?

그리고 주사비용은어떻게되는지요?

답변해주시면 감사해요",C7,C4;C8,tri_llm_consensus
T-0685,2018,안과,안과 대학병원 가려면 소견서가 필요한가요?,"대학병원에서 황반변성 정밀검사를 받아보려는데요

일반 안과에서 소견서를 받아가야하나요?

그냥 가도 되는거면 비용이 얼마나 많이 차이나나요?",C7,C8,tri_llm_consensus
T-0686,2018,"공포애니메이션, #황반변성, #안과한의원, #지식인카드, #지식인카드답변, #플레이스URL, #황반변성치료, #황반변성, #동영상답변, #지식iN동영상답변, #지식인카드, #지식인카드답변, #플레이스URL, #황반변성, #황반변성치료",어머니가 황반변성인데요 눈에서 피가...,어머니가 황반변성인데요 눈에서 피가 나온다고 그러는데 왜 그런가요 괜찮은건가요?,C6,,tri_llm_consensus
T-0687,2018,"강도, #안과",황반변성 건성에서요,"황반변성 건성에서요 ....

2016년3월에 진단을받았습니다

그런데 지금현제 까지 유지중입니다

유지가능할까요??

계속 보통건성에서 습성으로 넘어갈러면 얼마나걸릴까요?",C6,,tri_llm_consensus
T-0688,2018,"건강식품, 의약외품",습성황반변성으로 비타민a제와 루테인영...,"습성황반변성으로 비타민a제와 루테인영양제를 복용하고있고 야채로 케일과 브로컬리등을 함께섭취하고 있는데요. 비타민a제는 한알당 베타카로틴이 7660IU를 하루두알, 루테인은 하루두알함량 총16mg 를 복용중이고 케일은 쌈케일로 하루열두장 정도와 브로컬리 1/2 송이를 섭취하고있습니다 비타민a와 루테인모두 하루섭취량이 과다할경우 부작용이 있는걸로 알고는 있는데 시력이너무 떨어지셔서 계속섭취하고있는데요. 위의 영양제와 채소로 어느정도의 섭취가 좋을까요. 비타민a제와 루테인영양제를 각각 한알씩으로 줄이고 야채는 기존처럼 섭취하는건 어떨까요 답변부탁드립니다",C5,C9,tri_llm_consensus
T-0689,2018,"약 효능, 성분",황반변성이 있는데 루테인 20mg 보...,황반변성이 있는데 루테인 20mg 보다40mg이 더효과가있나요?40mg 부작용은 없나요?,C5,,tri_llm_consensus
T-0690,2018,"안과, #검색질문, #통합검색궁금증, #통합검색질문하기",황반변성 오진율은 얼마나될까,황반변성오진,C2,,tri_llm_consensus
T-0691,2018,"국, 탕",황반병변과 황반변성의 차이점을 알려주...,황반병변과 황반변성의 차이점을 알려주세요? 자세히 부탁드립니다.,C1,,tri_llm_consensus
T-0692,2018,"소주, #안과",의사선생님 가르쳐주세요 !!,"저희어머님이 황반변성이시거든요 그런데 2016년도에 판결받았는데요

2016년에 판결받았는데.....

지금까지 건성으로 유지중입니다....

계속유지가능할까요??",C6,,tri_llm_consensus
T-0693,2018,이비인후과,제 눈동자 색이 이상한가요 알바하는데...,"제 눈동자 색이 이상한가요

알바하는데 손님이 눈에 황반변성?????? 그거 온거

아니냐고 검사받으라 그러더라구요...

혹시 병이 있는 눈은 색이 이런가요?",C2,,review_pool_R1_v5b
T-0694,2018,취미,황반변성치료 궁금,"황반변성치료 전 의심 판정을 받았습니다

아직 황반변성치료에 들어가진 않았는데,

의심 판정을 받았습니다

병원에서 조심하라고 하시는데

뭘 해야 할까요..

황반변성치료 전 의심이라 너무 걱정이 됩니다",C5,C6,review_pool_R1_v5b
T-0695,2018,안과,황반부 이상(망막),"한달전쯤 뭐가 떠 다니는것 같아서 안과에서 진료를 받고

비문증이라고 판단 받았습니다ㅠ 근데 오늘 가서 시티를 찍어보니

황반부에 이상이 있다하셔서 대학병원으로 가보라고 하셨어요

그리고 병원에서 암슬러 격자?같은걸로 검사할 때는 그 바둑판 모양같은게

조금 흐리게 보이는 정도였는데

지금 집에와서 스마트폰으로 테스트해보니 격자중에서 어느부분이 안보이는지 확실히

알겠더라구요ㅠ 동그랗게 가려지는 부분이 있던데 그럼 황반변성일 가능성이 있나요?

내일 토요일인데 다니던 병원도 쉬고.. 급하게 응급실이라도 가야하는건지..

아까 병원갔다온거랑 다르게 더 심해진 것 같아서 질문올립니다.ㅠ

아니면 월요일까지 기다렸다가 대학병원으로 가야할까요..",C2,C6,review_pool_R1_v5b
T-0696,2018,"약 효능, 성분",황반변성으로 지금 몸과 마음이 많이...,"황반변성으로 지금 몸과 마음이 많이 힘든시기를 보내고 있습니다.

올해 6월에 발병해서 시력검사했을때는 그래도시력이 0.8정도 나왔었고.바로 아바스틴주사를 맞고 7월에 두번째맞고도 시력이 0.2로 떨어지고 시야도 많이 안좋아져서 걱정이 많이 되요. ( 부종은 조금 가라앉았는데 혈관출혈은 전혀 줄어들지않고 좀 더 심해졌다고함) 양 쪽 눈의 시력차이도 커서 어지럽고 머리도 아파요. 지금은 아픈쪽눈에 안대를하면 시야보기가 더 수월해지기도 합니다.

지금 다니는 병원도 안과전문병원이긴한데 선생님을 믿고 계속 가야할 지 종합병원으로 가봐야 할 지 고민이 많네요.

좋은 의견 부탁드립니다.",C8,C6;C4,tri_llm_consensus
T-0697,2018,기타,황반변성증상 고민중,"황반변성증상인것 같은데..어떡하죠

황반변성증상이 앞이 침침하고 흐릿한거라고 하던데

요즘 좀 그렇습니다

특히 밝은 곳에 있다가 어두운 곳에 갔을 때

시력이 적응하는데 좀 걸립니다

황반변성증상 인가요...........",C2,,review_pool_R1_v5b
T-0698,2018,안과,황반변성증상 알려주세요~,"안녕하세요

연세드신 시어머니 모시고 있어요

마인드가 워낙 신세대이시고 잘해주셔서

친딸 친엄마처럼 잘 지내고 있습니다

그런데 요즘 자꾸 시야가 구부러져 보인다고

하셔서 인터넷 좀 찾아보니

노안? 황반변성? 뭐 그런건가 싶어 걱정도 되구요

황반변성증상이나 치료에 대해 알아보구 있는데요.

황반변성증상에 대해 설명을 해주실 수  있나요?",C2,,tri_llm_consensus
T-0699,2018,"영양제, 건강보조식품",황반 부종과시신경이 부어서 혈류가 막...,"황반 부종과시신경이 부어서 혈류가 막혀있는 거 같다는 진단을 받고 아바스틴과 스테로이드주사를 눈에 맞았습니다. 왜 막혔는 지 원인을 정확히 알 수 없다고 합니다 . 원인을알 수 있는 방법은 없는건가요. 황반변성일때 허리 물리치료나한의원에서 침맞는건 괜찮을까요. 그리고 황반변성에 지금 앨라좁이랑브로낙 안약처방받아서 넣고 있는데 뉴히알유니인공눈물 같이 넣으면 괜찮은 지 궁금합니다 . 마지막으로 비행기를 자주하는 편인데 비행기타면 안압이 높아질까요. 다른교통수단을 이용하는 게 나을지..

질문이 너무많죠. ^^

좋은하루되세요.",C9,C4,tri_llm_consensus
T-0700,2018,"안과, #황반변성, #황반원공, #황반변성치료",황반 변성에 대한 질문 입니다. 꼭 답변 부탁 드립니다.,"병원에서 황반변성 이라 합니다.

정밀 검사에선 속엔 아직 진행 안됫고 겉엔 양쪽 모두 생겻다 하는데 이런 경운 루테인 먹는거 밖에 방법이 없나요?

그리고 햇빛만 주의 하면 된다 하던데

티비나 컴퓨터. 휴대폰등은 갠찮나요?

휴대폰 같은 경운 블루라이트 차단해서 사용하는데

좋은습관일까요?

속눈썹 연장.속눈썹 퍼머 등 이런거 때문에 생길수도 있나요?

속 까지 진행 안되는 경우도 있나요 평생?

꼼꼼한 답변 부탁 드립니다.",C5,C5,tri_llm_consensus
T-0701,2018,공포애니메이션,안과 관련 질문이에요 제가 녹내장이...,"안과 관련 질문이에요

제가 녹내장이 있는데요 아직 초기에요

엄마가 황반변성 습성으로 와서 한쪽눈 실명 했어요

제가 비오거나 흐린 날은 시야가 뿌옇게 보이는데

문제가 있는건가요

녹내장 안약 넣을때 되면 눈도 아프더라구요 눌리는 느낌?",C2,C6,review_pool_R1_v5b
T-0702,2018,안과,황반변성에 관하여,"황반변성이 정말로 고칠 수 없나요?

국내가 힝들다면 외국에서 고칠 수 있는 방법은 없나요?

황반변성으로 인해 다른 눈이 전이 될 가능성은 높은가요?

제바류ㅠ잘 알려주세유ㅠㅠㅠㅠㅠㅠㅠㅠ으이유ㅠㅠㅠㅠㅠㅠㅠㅠㅠㅠㅠㅠㅠ",C3,C6,tri_llm_consensus
T-0703,2018,"내분비대사내과, #안과질환, #안과, #안과전문의, #지식인카드, #지식인카드답변, #플레이스URL",황반변성진단받고 아바스틴3회차시술받았...,"황반변성진단받고 아바스틴3회차시술받았구요.

아직 별다른 호전도 없고 처음보다 더 안좋아진거같다고 특발성?인경우 같다고 경과 더 보고 치료방법 정하자고 하시는데 저처럼 더 안좋아지는경우도 있는지 너무 궁금하구요.

고혈압.당뇨는 없고 살이 갑자기 많이쪄서인지 콜레스테롤수치가,높다고하셔서 고지혈약 지으면서 다이어트약도같이처방받아서 한달째 먹고 있는데 다이어트약이 황반변성에 먹어도 괜찮다.안된다 의견이 다 다르셔서 계속 먹어이할 지 고민입니다.

좋은답변 부탁드립니다.

수고하세요",C9,C4;C6,tri_llm_consensus
T-0704,2018,안과,황반변성 원인이 뭔가요??,,C1,,tri_llm_consensus
T-0705,2018,안과,안경 맞춤 문의 황반변성 관련으로,"안녕하세요.

서울 누네안과에서 황반변성 진단받고

영양재만 3년 복용하다가.. 안경을 맞춰 봐야 겠다고 생각되어서  몇일있다가 정밀검사 받고

안경 처방전(?) 받아서

안경 제작하려고 합니다.

서울에서 규모가 있거나... 황반변성관련으로 안경 잘맞춰주는 곳 어디 없을까요?

처방전 가지고 동네 안경원 가는거 보다.. 전문적으로 하는 곳 가보고 싶습니다.

추천좀 해주세요.",C9,C9,tri_llm_consensus
T-0706,2018,"안과, #황반변성증상, #안구관련, #동영상답변, #지식iN동영상답변, #지식인카드, #지식인카드답변, #플레이스URL, #황반변성, #습성황반변성, #황반변성, #눈질환, #지식인카드, #지식인카드답변, #플레이스URL, #황반변성, #습성황반변성치료, #지식인카드, #지식인카드답변, #플레이스URL",습성 황반변성 출혈 증상에 대해 질문드립니다.,"어머니께서 오래전에 습성 황반변성 진단을 받고 정기적으로 치료 및 검진 중이신데

요즘 잘 안 보인다고 하시더라구요 .

오늘 평소 다니는 ㅅㅇㅅㅁ병원에 검진을 받으러 갔는데 전과 같은 상태라는 말만 해주셨어요.

잘 안 보인다고 하니까 2개월 후에 다시 보자고 하시고 출혈이 있을때는 병원으로 바로 오라고 했다는데

출혈이 있을 시에 증상은 어떤가요 ?

피가 나는지 안 나는지 어떻게 아냐고

피 날 때 어떤지를 물어봐도 출혈증상에 대한 설명도 안 해줬다는데 출혈이 있을 때 환자는 어떤식으로 느껴지나요?",C2,C6,tri_llm_consensus
T-0707,2018,"산업재해보상보험, #황반변성, #구직활동",아버지 눈이 안좋으십니다 황반변성.....,"아버지 눈이 안좋으십니다 황반변성.. 치료법이 있을까요

아버지는 70년생 이시구요

원래는 카센타를 운영하시다 시력이 안좋아서 가게를 정리하시고 대기업반도체 하청업체에서 일하시다..다른업체로 업체변경을 하였는데

요즘은 채용검진이 필수라 시력이 교정시력이

0.1 좌안 우안 겨우 나오시는것 같습니다 채용검진때

시력때문에 일을 못하게 될까봐 걱정이라고

그래도 부딛혀봐야지 않겠냐고 말씀하시는데

아들입장에서 이제 그만 일하시라고 하고싶어도

부족한 저때문에 도움이 못되 답답한마음에 속이 찢어질것 같습니다 정말 지푸라기 잡는심정으로

지식인에 올립니다..

수술은 한번 받으셨구요,

그때 의사말로는 이정도면 장애 등급을 받아야 한다고

했던게 자꾸 생각나네요 수술후에는 많아 좋아지신것

같지만 운전도 하시구요,

도움이 될만한 방법이 없을까요..

도와주세요..",C3,C7;C6,tri_llm_consensus
T-0708,2018,"건강식품, 의약외품",루테인지아잔틴 눈영양제 추천 해주세요,"루테인지아잔틴을 먹어주는게 눈에 좋다고 하던데

두 성분 같이 있는 제품 추천 좀 해주세요.

요새 남편이 부쩍 눈이 침침하다고 해서

눈영양제도 챙겨야 할 것 같아서요ㅠㅠ

검색해봤는데 황반변성?에 대한 얘기도 있던데

간단히 알려주시고 제품 추천도 부탁드려요.

광고는 하지말아주세요",C5,C1,tri_llm_consensus
T-0709,2018,건강상담,황반변성에좋은음식이 효과있나요?,"황반변성에좋은음식을 찾고 있습니다

시력이 자꾸 떨어지는게 걱정이 돼서요

깻잎이나 메리골드 꽃 같은게 도움이 된다던데

실제로 효과가 있는지 궁금합니다.",C5,,tri_llm_consensus
T-0710,2018,건강상담,황반변성 원인이 궁금합니다,,C1,,tri_llm_consensus
T-0711,2018,"안과, #황반변성, #황반변성치료, #황반변성에좋은음식, #눈영양제, #눈건강영양제, #루테인, #지아잔틴, #루테인지아잔틴, #천연루테인, #황반변성음식, #황반변성",황반변성에좋은음식 영양제 시력 도움되는게 어떤게 있을까요..,"시력이 떨어지고 시야가 일그러져서 병원을 가봤던 황반변성이라고 그러네요

약물 치료를 시작한 상황인데 혹시 황반변성에좋은음식이랑 영양제는 뭐가 있을까요???

증상이 심하면 시력을 완전히 잃을수도 있다고 그래서

치료와 함께 시력 관리에 도움되는것들은 뭐든 먹을 생각으로 황반변성에좋은음식과 영양제 알아보는중인데 어떤걸 챙겨먹어야 좋을지 아시거나 경험 있으신분 계시면

황반변성에좋은음식과 영양제에 대해 답변 좀 해주세요",C5,,tri_llm_consensus
T-0712,2018,건강상담,황반변성에좋은음식 알려주세요,"안과에서 황반변성이 올 수 있다고

평소 생활습관 관리를 잘하라고 해서요

생활 속에서 쉽게 섭취할 수 있는

황반변성에좋은음식 알려주세요~",C5,,tri_llm_consensus
T-0713,2018,건강에좋은음식,황반변성에 좋은 음식 알려주세요.,"황반변성에 좋은 음식 알려주세요

저희 어머니가 얼마 전에 황반변성 진단을 받으셨어요.

심해지면 약물치료나 주사를 맞아야 한다고 하는데 걱정돼요.

황반변성에 좋은 음식이라도 챙겨드리고 싶은데 어떤 것들이 있나요?

루테인을 많이들 추천하시던데 뭐가 뭔지 잘 모르겟네요..",C5,,tri_llm_consensus
T-0714,2018,"국가대항전, #황반변성, #황반변성치료, #눈건강관리, #눈질환, #지식인카드, #지식인카드답변, #플레이스URL, #황반변성, #눈질환, #지식인카드, #지식인카드답변, #플레이스URL",황반변성 수술후 주사치료 받고있는데...,"황반변성 수술후 주사치료 받고있는데

해외여행 가도될까요?",C9,C4,tri_llm_consensus
T-0715,2018,의약품,약 구입. 1일 2알 2회와 1일 1알 1회,"황반변성으로 약을 구입해야 되는데

1. 1일 2알 2회 복용

2. 1일 1알 1회 복용

어떤걸 구입하는것이 좋을까요?

편한것은 2번인데 1번이 더 영양이 있는것 같은 생각도 들거든요.

고민 해결해주세요.ㅠㅠ",C5,,tri_llm_consensus
T-0716,2018,"안과, #황반변성, #황반변성치료",황반 변성 에 대해서 알고 싶네요 눈을 관리 해도 안되는건 안되나요,"뭐 연예인이 황변변성

근데 그거 초기는 치료 가능한지

아니면

평생  진행되는 거라

관리 해도 언제 나쁘게 되면 눈 실명 되는건지 알고 싶어요

보면 눈은 녹내장은 안약 넣어도 실명 되는 사람은 되잖아요

자기 팔자인지 모르나

치료 해도 계속 진행되서 눈이 머는 수 있쬬 ?",C6,C3,tri_llm_consensus
T-0717,2018,건강상담,눈좋아지는방법 영양제 괜찮은가요?,"요즘 눈좋아지는방법이 절실합니다

예전엔 또렷하게 보이던 것들이

자꾸 침침해지는 것 같아요ㅜ

어제 기사 보니까

인교진씨도 황반변성이라고 하는데

심각?한거 아닌가요?ㅠㅠ

그래서 이제 영양제라도 먹어보려고 합니다

괜찮은거 있으면 추천 부탁드립니다.",C5,,review_pool_R1_v5b
T-0718,2018,"안과, #지식인카드, #지식인카드답변, #플레이스URL",황반변성 치료 후 관리 질문입니다.,"7~8년 전에 동네 안과에서 시력검사 후 황반변성이 있을 수 있다고 해서 종합병원에서 1~2개월 치료를 받았고 CT촬영은 2번 했었습니다.

종합병원에서 1년 후 재검사를 받았고 그 이후부터는 1년에서 1년반마다 처음 검진했던 동네 안과에서 검진을 계속 받아왔습니다.

제가 궁금한점은 동네 안과에서 동공 확장하여 검사를 받는 것으로도 황반변성이 추가로 진행되거나 이전보다 나빠진 것이 있는지 확인이 가능한가요?

아니면 종합병원에서 매년 CT촬영을 해야만 이상 유무 확인이 가능한지 궁금합니다.",C2,C2,tri_llm_consensus
T-0719,2018,"건강에좋은음식, #황반변성, #황반변성치료",황반변성증상 치료 관리 도움되는건..,"황반변성증상 때문에 병원 다녀왔는데 저 2년전보다 더 심해졌데요 시력도 떨어졌구요

이런 질환은 꾸준히 관리를 잘 해야된다고 하더라구요

눈에 좋은 영양제나 음식도 먹구요 황반변성증상 치료 관리에 도움되는것 좀 알려주세요

시력이 전보다 떨어지고 하니까 불안하기도 하고 노안도 아닌데 침침하고 여러모로 지금

걱정 됩니다 황반변성증상 치료 관리 도움되는 정보 좀 주세요",C5,,tri_llm_consensus
T-0720,2018,"안과, #안과, #망막박리, #황반변성",망막박리 및 황반변성 다른 질병인가요,제목그대로 둘이 다른 눈질환인가요,C1,,tri_llm_consensus
T-0721,2018,"강도, #황반변성에좋은음식, #황반변성, #지식인카드, #지식인카드답변, #플레이스URL, #황반변성, #루테인, #오메가3, #황반변성증상, #안구관련치료, #동영상답변, #지식iN동영상답변, #지식인카드, #지식인카드답변, #플레이스URL, #황반변성에좋은음식, #안과질환, #지식인카드, #지식인카드답변, #플레이스URL",황반변성에 좋은 영양제문의요,"저희 남편이 오랫동안 황반변성을 가지고 있습니다. 무서운 병이더라구요 심하면 실명이 될수도 있고 굉장히 무섭더라구요. 검사도하고 마지막으로 검진할때 다행히도 진전이 되지않았다구하더라구요, 그런데 반대편 눈도 같은 증상이 생긴것 같더라구요.. 너무 속상하고 어떻게해야 할지도 모르겠고 우연희 동상이몽을 보니 인교진도 황반변성이더라구요. 남의일같지 않아 보았더니 베타카로틴을 먹으라고 하는데 정말 도움이 되는지 너무궁금합니다. 그리고 진전이 안된눈은 다시 재발할수도 있는지도 궁금하구요.도움의 글 부탁드립니다.",C5,C6,tri_llm_consensus
T-0722,2018,안과,그 밤에 불다끄면 눈 빠르게 깜빡거릴...,그 밤에 불다끄면 눈 빠르게 깜빡거릴때마다 동그란 검은 잔상같은게 보이는데요 그냥 낮에 눈뜨고 있을땐 안보이고 밤에만 이러는데 황반변성증상인가요?,C2,,review_pool_R1_v5b
T-0723,2018,"안과, #지식인카드, #지식인카드답변, #플레이스URL",안과 전문의님께 묻습니다 의료 기술이 좀 좋지 않은 중국에서 백내장 수술을 받았는데 더 시력이 안좋아져서 다시 수술을 받았는데 이번에는 황반변성,"안과 전문의님께 묻습니다

의료 기술이 좀 좋지 않은 중국에서 백내장 수술을 받았는데 더 시력이 안좋아져서 다시 수술을 받았는데 이번에는 황반변성 이라고 하는것 같습니다

한국에 가서 수술을 다시 하고 싶은데 지금 상태가 어떤지, 그리고 수술을 하면 좋아질 수 있을까요?",C9,C3,tri_llm_consensus
T-0724,2018,"한방 안과, 이비인후과, #황반변성, #황반변성치료, #안구질환, #황반변성, #지식인카드, #지식인카드답변, #플레이스URL, #황반변성, #결막염, #안구건조중, #동영상답변, #지식iN동영상답변, #지식인카드, #지식인카드답변, #플레이스URL",황반변성에 대해서,왼쪽눈에 황반변성이 심하여 실명이 되는경우...오른쪽 눈에도 영향이 있나요?,C6,,tri_llm_consensus
T-0725,2018,안과,황반변성을 따로 검사해야하나요?,"매년마다 주기적으로 녹내장 검사를 받고 있습니다.

아직까지 이상 없는데 ...혹 황반변성에 걸렸는데 녹내장 검사할때 알수 있나요??

요즘 한쪽눈이 좀 침침하고 이상해서요 ...

따로 병원가서 황반변성 검사 받는게 낫겠죠???",C2,,tri_llm_consensus
T-0726,2018,안과,어머니가 황반변성을 앓고계셔서 서울...,"어머니가 황반변성을 앓고계셔서 서울 큰병원으로

옯기려 하는데 치료받던 병원에 진료기록( 사진,치료과정등)을 청구(?) 할 수 있나요 방법을 알려주세요",C7,C8,tri_llm_consensus
T-0727,2018,건강상담,황반변성에좋은음식 루테인 먹으면 좋을까요,"남편이 눈시력도 안좋지만 황반변성까지 있어서 관리안하면 더 나빠진다고

병원에서 조심하라고 하는데 황반변성에좋은음식 추천 좀 해주세요 루테인이랑

먹으면 괜찮아질수있나요 ?제가 잘몰라서요 ㅜ

유전이라고 하는데 황반변성 진단받은지는 몇개월안됐어요

전보다 시력이 급격히 안좋아지고 있어서요

황반변성에좋은음식 루테인 먹으면 좋을지 ? 다른 더 괜찮은건 없는지

황반변성에좋은음식으로 추천 부탁드립니다",C5,,tri_llm_consensus
T-0728,2018,안과,오늘 안과에 갔었는데 산동제로 하는...,오늘 안과에 갔었는데 산동제로 하는 검사빼고 기본검사를 했는데 안저사진에 한쪽눈에 흰색점들이 조금있어보였습니다 이거 황반변성이라는데 맞나요??1-2주안에 예약잡아서 산동제로 검사한다는데 산동제로 하면 알수있나요??,C2,,review_pool_R1_v5b
T-0729,2018,데스크톱,사진좀 봐주세요 ㅜㅜ,"혹시 황반변성 실핏줄 터지고 그런 건 아니죠?   전 아닌데, 부모님이 황반변성이라서요",C2,,review_pool_R1_v5b
T-0730,2018,"한방 안과, 이비인후과, #안과, #눈",자려고 밤에 불을 끈 상태에서 한곳을...,자려고 밤에 불을 끈 상태에서 한곳을 바라보면요 양쪽 눈에 가운데 더 어둡고 느낌으로 안보입니다 응시한곳을 보려면 눈동자를 굴려서 중앙시야 아닌 중앙밖 시야? 로 봐야 웅시한곳을 알아봐요 이상하게도 밝은곳이나 어두운곳에서 밝은것이나 밝은쪽을 보면 언제 그랬냐는듯이 문제가 없어요. 왜그런건가요 ㅠㅠ. 2달전에. 이 증상으로 병원에서 황반변성검사랑 동공확장시켜서 검사 다 받았는데 괜찮앗거든요. . 근데. 요즘또 눈이. 나빠진거같고 . .,C2,,review_pool_R1_v5b
T-0731,2018,안과,1. 눈앞에 이런게있는데 의사분이 째...,"1. 눈앞에 이런게있는데 의사분이 째도되고 둬도된다고하셨는데 더커진거같아째면 어느정도 아파요?다락기째는거랑비슷하나요?

2. 제가 녹내장성 시신경유두함몰비가 꽤 높다는데라식.

라섹.컨택트랜즈 안하는게 녹내장걸릴위험이 더 낮나요?

3. 황반변성과 컨택트랜즈나 라식라섹 상관있나요? 예를들어 렌즈를껴서안구건조증이 지속되면 황반변성 올확률이 높아진다던지요

감사합니다 선생님",C1,C2,tri_llm_consensus
T-0732,2018,"강도, #안과한의원, #지식인카드, #지식인카드답변, #플레이스URL, #황반변성한의원, #황반변성치료, #동영상답변, #지식iN동영상답변, #지식인카드, #지식인카드답변, #플레이스URL, #황반변성, #황반변성치료",황반변성 치료 한의원에서 가능한가요?,"엄마가 황반변성 진단을 받으셨어요.

어떻게 또 이것저것 알아보시고는

잘못하면 실명할수도 있다 그런다고

엄청 걱정하시고 안절부절 못하시네요 ㅠ

진단받고 나신 이후로 안과에 주기적으로 가셔야 한다는데

제가 보기에는 좋아질 수 있는건지 모르겠어요..

듣기로는 한의원 치료로도

황반변성이 좋아질수 있다고 하는데

이게 정말 가능한건가요?

엄마가 한의원치료를 좋아하시고 잘맞아하셔서

정말 황반변성에 도움이 되거나 효과만 확실히 있다고 하면

치료 시작하고 싶은데 확신이 안드네요.

혹시 치료경험있으신 분들 계시면 좀 알려주세요. 부탁드립니다 !!!",C3,C6,tri_llm_consensus
T-0733,2018,안과,갑자기 눈이 따가워지고 눈을 뜰수가 없는 경우가 있는데 방법이 없을까요,"대략 4~5년전부터  가끔씩 아주 비주기적으로  갑자기 눈이 따가워지고 몇분 지나지않아서 눈을 뜰수도 없을 정도로 불편해 지는 경우가 발생합니다. 한쪽눈만 그럴때도 있고 양쪽 눈이 그럴때도 요즘에는 흔합니다.

실외에 있을때가 거의 90%이상인데 실내에서도 가끔 그럴때도 있고 아침에 일어나자 마자 그럴때도 있습니다.

이럴 때는 별다른 방법이 없고 가까운 화장실로 가서 세수하면서 눈쪽을 물로 여러번 씻어주는 것 외에는 방법이 없네요. 인공눈물도 몇번 해봤는데 큰 도움은 안됩니다.

걸어갈때나 자전거 탈때도 불편하고 위험할수도 있는데 차를 운전할때 만약 이런 증상이 나타난다면 큰일이라서 차타기 전에는 눈을 세수하고 타는 편입니다.

작년부터 올해까지 안과에 2번가서 녹내장,황반변성 등도 검사했고 큰 이상은 없다고 말은 들었고 인공눈물만 처방받아왔습니다.

혹시 다른 문제가 있는 것은 아닌지 문의해봅니다.",C2,,review_pool_R1_v5b
T-0734,2018,강도,황반변성 치료 한의원에서 가능한가요?,"엄마가 황반변성 진단을 받으셨어요.

어떻게 또 이것저것 알아보시고는

잘못하면 실명할수도 있다 그런다고

엄청 걱정하시고 안절부절 못하시네요 ㅠ

진단받고 나신 이후로 안과에 주기적으로 가셔야 한다는데

제가 보기에는 좋아질 수 있는건지 모르겠어요..

듣기로는 한의원 치료로도

황반변성이 좋아질수 있다고 하는데

이게 정말 가능한건가요?

엄마가 한의원치료를 좋아하시고 잘맞아하셔서

정말 황반변성에 도움이 되거나 효과만 확실히 있다고 하면

치료 시작하고 싶은데 확신이 안드네요.

혹시 치료경험있으신 분들 계시면 좀 알려주세요. 부탁드립니다 !!!",C3,C6,tri_llm_consensus
T-0735,2018,천문우주학,평소 열많은체질인 사람이 인산주같은...,평소 열많은체질인 사람이 인산주같은 열많은것을 장기간 복용으로 실명이나 황반변성이 올수있나요?,C1,C5,tri_llm_consensus
T-0736,2018,"의료, 상해 보험",황반변성 진단받고 주사맞았어요. 관련...,"황반변성 진단받고 주사맞았어요.

관련 보장 보험이 있을까요?

현재로써 가입가능한게 있나요?",C7,C4,tri_llm_consensus
T-0737,2018,"종합병원, #안과한의원, #황반변성치료, #지식인카드, #지식인카드답변, #플레이스URL, #황반변성, #황반변성증상, #황반변성치료, #눈관리, #지식인카드, #지식인카드답변, #플레이스URL, #황반변성, #황반변성한의원, #동영상답변, #지식iN동영상답변, #지식인카드, #지식인카드답변, #플레이스URL",루트로닉에서  황반변성 치료기기  알젠을 만들었는데,어느 병원에 가야  진료받을수  있는지  알고  싶습니다,C8,C3,tri_llm_consensus
T-0738,2018,"한방 안과, 이비인후과, #황반변성, #안과질환, #지식인카드, #지식인카드답변, #플레이스URL, #황반변성, #황반변성치료, #황반변성, #눈질환, #지식인카드, #지식인카드답변, #플레이스URL, #황반변성, #황반변성원인, #동영상답변, #지식iN동영상답변, #지식인카드, #지식인카드답변, #플레이스URL",황반변성에대해,작년9월경  건강검진에서  알게되어    세차례 눈에   주사를맞고   상태가좋았으나  그로부터 두달후부터  시력은어느정도유지되면서  눈에 물찬게   가시질않아    한달에 한번정도  주사를계속맞고있는데   경험하시고있는분들이나   치유하신분들의  도움을받고자  고견부탁드립니다,C4,C6,tri_llm_consensus
T-0739,2018,"안과, #검색질문, #통합검색궁금증, #통합검색질문하기, #대구안과, #대구황반변성, #안과한의원, #수성구한의원, #지식인카드, #지식인카드답변, #플레이스URL, #황반변성병원, #급성망막염, #황반변성병원, #황반변성한의원, #지식인카드, #지식인카드답변, #플레이스URL",대구 황반변성 병원 추천해주세여!,"제가 인터넷 찾아보니까 저희 아버지

증상이 황반변성 같아서

대구 수성구 쪽으로 잘 하는 병원 추천좀 해주세요

망막 잘 보시는 분 꼭 추천 해주세요!!!!!",C8,C2,tri_llm_consensus
T-0740,2018,"영양제, 건강보조식품",루테인 25,"저희 남편은 2019년에 50세 개띠입니다

루테인 25mg( 지아잔틴5mg함유)을 밀크시슬 1300mg, 비타민&미네랄, 오메가3 와 함께 섭취하고 있습니다. 루테인은 한달이상 복용하면 복용하면 폐암발병율이 높아진다고 들었는데 상관이 있는지요 있다면 루테인 복용을 어떻게 복용 해야하는지 알려주세요 저희 남편은 황반변성이랑 백내장이 조금씩 진행중이며 건강검진에서 콩팥의 석회화라고 나왔습니다 그리고 술을 즐겨 마십니다 혹시나 더 필요한 영양제 있으면 추천부탁드립니다",C5,C9,tri_llm_consensus
T-0741,2018,"건강식품, 의약외품, #황반변성증상, #황반변성, #눈질환, #황반변성, #지식인카드, #지식인카드답변, #플레이스URL",황반변성증상 치료.. 눈에 좋은 음식이나 영양제 있나요,"저기요~

황반변성증상 치료 어떻게 하세요 ?

눈에 좋은 음식이랑 영양제 같은걸 찾는중인데 ..

루테인은 홈쇼핑구매해서 매일 먹고 있구요

따로 원료좋은 황반변성증상 치료에 좋은 음식으로 찾구 있습니다

눈은 한번 나빠지면 돌리기 어렵다고 해서 가족력도 있는 저는 늘 관리하게 되네요

황반변성증상 치료에 도움되는 눈에 좋은 음식이나 영양제 정보 부탁드려요

이상한 광고글은 이제그만..ㅜㅜ",C5,,tri_llm_consensus
T-0742,2019,건강상담,황반변성증상 & 예방법 알려주세요,"눈이 침침해서 걱정됩니다

황반변성증상과 예방법 알려주세요",C2,C5,tri_llm_consensus
T-0743,2019,안과,서울 안과 저명한 대학병원좀 소개시켜...,"서울 안과 저명한 대학병원좀 소개시켜주세요

부모님이 황반변성 백내장, 녹내장이신데 저희동네 근처 대학병원은 아산병원.삼성서울병원이 가깝습니다",C8,,tri_llm_consensus
T-0744,2019,안과,황반변성 질문드립니다.,"아버지께서

한쪽눈에 녹내장에 황반변성이 같이 있다고 하시더라구요..

황반변성으로 치료주사를 처음 맞으셨는데 2일 지났는데도

눈이서 눈물이나오고

눈에 먼지같은?게 낀 느낌에 눈이 시리고

전보다 눈이 더 안보이는것 같다고 하십니다......

2주 후에 다시 병원을 가기로 했는데

그전에 다시 병원을 찾아가봐야 할까요?

황반변성으로 인해 주사 맞으면 다들 그런건가요?ㅠ 알려주세요 ㅠ",C9,C4,tri_llm_consensus
T-0745,2019,안과,선만봣을때,선만안보면 다른거볼때 찌그러진다거나 그렇진않은데 색이있는 선을보면 진하게 보이는 부분이있고 덜진하게 보이는 부분이있어서 균형이 안맞아보이고 한곳에 초점을 맞추면 밑에 선이 확실히보이지않는데 이것도 황반변성인가요?,C2,,review_pool_R1_v5b
T-0746,2019,안과,찌그러져 보인다는게 어떻게 보인다는건,황반변성 때문에 찌그러져 보인다는게 어떻게 보인다는건가요?이해가 안되서,C2,,tri_llm_consensus
T-0747,2019,안과,황반변성으로 시야가 어떻게 찌그러져...,황반변성으로 시야가 어떻게 찌그러져 보이는지 설명좀 해주세요 이해가안되요,C2,,tri_llm_consensus
T-0748,2019,"한방 안과, 이비인후과",안구건조 치료하는곳알수있을까요? 천안...,"안구건조 치료하는곳알수있을까요? 천안 지역으로

꼭 치료해야하나요 인공눈물 많이사용하면 어케되요?

제가 많이 불편해서 자주 많이넣었는데 백.녹내장 오진않겠죠?

백.녹내장.황반변성 아얘안걸리는법좀 갈켜줘요

글구 안구건조증치료과정점 가르쳐주세요",C8,C5,tri_llm_consensus
T-0749,2019,안과,선이 흐물흐물 보이면 황반변성인가요?,선이 흐물흐물 보이면 환반변성인가요? 암점도 없고 시야도 휘어져보이지도 않는데요,C2,,review_pool_R1_v5b
T-0750,2019,"안과, #황반변성, #황반변성치료",황반변성 원인 치료방법 좋은음식 있을지..,"시력이 떨어졌고 사물이 찌그러져 보인다는 남편 걱정에 글 남깁니다

병원에서는 황반변성이라고 그랬다는데 원인이 뭐가 있는건가요???

그리고 치료방법과 황반변성에 좋은음식 같은건 뭐가 있을까요???

문제가 뭔지 알아야지 개선이라도 해서 치료에 도움이 되었으면 해서 원인에 대해 알아보는중이고

어떻게든 완치를 했으면 하는 마음에치료방법과 증상 완화에 좋은음식에 대해서도 알아보다가

지식인분들중에서 경험 있으시거나 아시는분 계실거라 생각해서 이렇게 글 남기게되었거든요

남편을 위해 조금이라도 도움이 되었으면 해서 그러는데 황반변성 원인과 치료방법은 무엇이 있고

치료에 도움이 될만한 좋은음식에 대해 아시는분 계시면 답변 좀 해주세요",C1,C3;C5,tri_llm_consensus
T-0751,2019,"장애인복지, #장애인",어머님이 황반변성으로 시력이 많이...,"어머님이 황반변성으로 시력이 많이

나빠지셨는데 장애인 등록이 가능한

지 궁금합니다.",C7,,tri_llm_consensus
T-0752,2019,"건강식품, 의약외품",친구가 오른쪽 눈에 망막부종을 진단받...,친구가 오른쪽 눈에 망막부종을 진단받았습니다. 안과 진료를 보니 3개월정도 경과를 보자고 하닙니다. 어제 다시 병원을 방문하니 옆에 부종이 하나 더 생겼다고 하는데요...직업상 계속 술자리와 스트레스가 지속되고 있습니다. 계속 진행되면 황반변성이 될수도 있다는데...옆에서 지켜보기에 걱정이 되서요...루테인같은 영양제가 좀 도움이 될까요? 치료에 도움이 될만한게 있을까요?,C5,C6,tri_llm_consensus
T-0753,2019,재산보험,삼성생명 여성시대 가입자인데요. 혹시...,삼성생명 여성시대 가입자인데요. 혹시 황반 변성 수술같은 것도 보장받을 수 있는지요?,C7,,tri_llm_consensus
T-0754,2019,"안과, #지식인카드, #지식인카드답변, #플레이스URL",백내장 녹내장 황반변성 안걸리고 사는...,"백내장 녹내장 황반변성 안걸리고 사는법좀요

예방및 치료음식",C5,,tri_llm_consensus
T-0755,2019,"기타, #황반변성에좋은음식",황반변성에좋은음식 어떤게있나요?,"황반변성에좋은음식

먹을 거로 부족해서

영양제 먹으려는데 추천해주세요

황반변성에좋은음식으로 영양제 찾고 있습니다.

영양제 유명한 거 몇개 있던데

효과 좋은 거 드셔보신거 있으면 알려주세요",C5,,tri_llm_consensus
T-0756,2019,"한방 안과, 이비인후과",황반변성에좋은음식 뭐가 있나요?,"저희 아빠가 얼마전에 황반변성 수술을 받으셨어요ㅠㅠ

예전에 대학교 교수님이 황반변성 수술받으셔서

계속 휴강하고 그랬던 기억이 있고

수술하고 오셔서는 제대로 관리안하면

실명할 수도 있다는 말 하시면서

눈관리 잘하라 그런 말씀 하셨던게 막 오버랩되면서

갑자기 너무 무서운거에요ㅠㅠ

아빠는 수술했으니까 괜찮다고 그러시지만

오히려 제가 더 아무렇지않지 못하겠더라구요ㅠㅠ

눈은 한 번 상하면 회복이 잘 안된다구 그러잖아요

저희 아빠 드릴만한 황반변성에좋은음식 좀 없을까요

추천 부탁드립니다ㅠㅠ! 꼭 진짜 도움되는걸로만!!",C5,,tri_llm_consensus
T-0757,2019,"건강에좋은음식, #눈에좋은음식, #지식인카드, #지식인카드답변, #플레이스URL",저기 안압에 좋은음식 백내장에좋은음식...,"저기 안압에 좋은음식 백내장에좋은음식 녹내장에좋은음식

황반변성에좋은음식 이런거 많이먹으면 아얘안걸리는건가요?ㅠ 역시 건강ㅇ최고에오ㅜ 각 눈질환 안걸리는법좀요!

눈은 수술비용같은거 얼마예요? 흑. 전 겁이많은편이라 수술같은건싫엇ㆍ요 눈에좋은음식들 많이먹으면 괜찮겠죠?????ㅠㅠㅠ

이런병은 책에서 수술없이식습관만바꿔도 된다는건 정말인가요???",C5,C3,tri_llm_consensus
T-0758,2019,"사람과 그룹, #황반변성, #황반변성증상",황반변성증상일까요?...,"황반변성증상일까요?

눈이 누르듯이 아프로 침침한 느낌...

영양제 좀 추천해주세요

황반변성증상인 것 같기도 해서

영양제 먹으려고 합니다

추천해주세요",C5,C2,tri_llm_consensus
T-0759,2019,"안과, #검색질문, #통합검색궁금증, #통합검색질문하기",제가 망막에 레이저치료를 받은적이 있,"제가 5년전쯤에망막에 레이저치료를 받은적이 있는데

치료가 잘되었나 진단한번받아보려고 하는데

이때 망막을 검사할때 황반변성도 같이 검사가 되나요?",C2,,tri_llm_consensus
T-0760,2019,안과,황반변성 진단을받아보고싶은데...,"황반변성 진단을받아보고싶은데

가격이어느정도죠?

보헌처리되나여",C7,C2,tri_llm_consensus
T-0761,2019,안과,황반변성임니다 눈을 감았다뜨면 눈동자...,황반변성임니다 눈을 감았다뜨면 눈동자만큼검게 보이는증상이 나타남니다 시기는 4일정도된거같아요 25일 진료일임니다 궁금해요,C2,,tri_llm_consensus
T-0762,2019,기타,황반변성 초기증상 엄마,"어제 밤에 TV보다가 엄지의제왕에서

눈건강이 나오는데 엄마가 자꾸 황반변성 초기증상 같다고

하셔서 걱정이 되서요.

너무 흐릿하게 보인다고 하시는데

안과 검진도 다녀올 예정이구,,

전문가들은 루테인지아잔틴 먹는게 도움된다는데

좋을까요?",C5,C2,tri_llm_consensus
T-0763,2019,건강상담,황반변성 초기증상인가요?,"황반변성 초기증상인 것 같은데

이거에 루테인이 좋다고 해서요

실명까지 온다는 병이라던데...

무섭네요

정말 황반변성 관련된 증상 일까요 ㅠㅠㅠ",C2,C5,review_pool_R1_v5b
T-0764,2019,"한방 안과, 이비인후과, #황반변성에좋은음식, #황반변성, #황반변성치료, #황반변성, #황반변성음식추천, #지식인카드, #지식인카드답변, #플레이스URL, #황반변성병원, #황반변성치료, #동영상답변, #지식iN동영상답변, #지식인카드, #지식인카드답변, #플레이스URL",황반변성에좋은음식 치료 눈관리 어떻게..,"병원 다니면서 치료를 받는중인데 눈관리를 어떻게 해야 좋을지 고민을 하다가

황반변성에좋은음식들을 먹으며 눈관리를 하는게 제일 치료에 도움이 될것 같더라구요

그래서 지금 황반변성에좋은음식이 뭐가 있는지 알아보다가 글 남기게 되었는데

어떤걸 먹으며 관리를 해야 치료에 도움이 되고 좋을까요??",C5,,tri_llm_consensus
T-0765,2019,"안과, #황반변성, #황반변성치료, #황반변성, #눈건강, #지식인카드, #지식인카드답변, #플레이스URL, #황반변성치료, #황반변성병원, #동영상답변, #지식iN동영상답변, #지식인카드, #지식인카드답변, #플레이스URL",황반변성증상 치료방법 조언부탁드립니다.,"시야가 찌그러져 보이고 시력도 떨어진게 있었는데 이게 알아보니깐 황반변성증상이라고 그러네요

그래서 지금 치료방법이랑 함께 알아보는중인데 어떻게 해야 완치가 될까요???

생활이 힘들정도로 황반변성증상이 심한건 아니지만 어떻게든 완치를 하고 싶은 생각에

치료방법에 대해 알아보는중이고 제가 해야 할 관리는 뭐가 있는지도 찾아보다가 글 남기게 되었거든요

이번주중으로 병원 가볼생각인데 황반변성증상으로 고생해보신분 계시면 어떻게 치료를 받으셨는지...

치료방법에 대해 조언 좀 해주세요",C3,C5,tri_llm_consensus
T-0766,2019,안과,아빠가 물체가 퍼져보이고 잘 안보인다...,"아빠가 물체가 퍼져보이고 잘 안보인다고하셔서 동네 안과를 갓더니 백내장수술을하면서 인공수정체 삽입술을 하자고하더라고요, 근데 수술이라서 걱정되서 조금 전문 병원으로 갔는데 시력검사랑 사진찍었어요.. 황반변성 이라고 지금상태로는 오래되고 안좋아서 수술도 할 필요없고, 방법이 없다고하네요, 이대로 시력잃으는거라고 하더라구요,

1. 혹시 황반변성 오진일 수 있을까요? 다른 치료가 가능한 병일수도 있지않을까요...? 지방에 병원이라서..

2. 시골병원이라서 수술을하자고한걸까요...?

3. 아니면 대학병원으로.. 서울로 가야할까요...?

4. 다른 한쪽눈에는 어떤 영향을 끼치나요?

도와주세요..",C8,,tri_llm_consensus
T-0767,2019,유지류,황반변성 초기 증상 대처법...,"황반변성 초기 증상 대처법

엄마가 요즘 시력이 떨어지고, 흐릿하게 보인다고

걱정하셔서요. TV에 황반변성 초기 증상 관련해서도

나오는데 막 휘어져 보이고 까맣게 보이는건 아니시지만

걱정이 많으시네요

어떻게 하면 좋을까요 안경도 새로 맞춰드리고

영양제도 살까하는데요",C5,C2,tri_llm_consensus
T-0768,2019,신경과,50대 후반 어머니가 최근에 황반변성...,"50대 후반 어머니가 최근에 황반변성으로 아바스틴 주사를 처음 맞으셨고 작년에 MRI를 찍으셨을 때는 혈관이 막혀있다?고 하셨답니다 약을 처방 받으셨는데 양이 많고 2주 후 강도가 세진다고 하여 이틀만 복용하셨습니다. 지금도 두통이 조금씩 있으십니다

어머니는 눈질환과 작년 결과 때문에 전문 병원에 가서 검사를 받으시려 합니다.

가까운 병원은 광주 쪽인데 광주 대학병원이 나을까요? 서울에 있는 대학병원이 나을까요? 두 병원이 차이가 있는지 궁금합니다.",C8,C9;C4,tri_llm_consensus
T-0769,2019,"안과, #안구건조증, #안구건조증치료방법",안구건조증 인공눈물로도 호전이없는데...,"안구건조증 인공눈물로도 호전이없는데 방치?하면 안된다고해서요 안구건조걸리지 8개월입니다

진짜 안구건조증 방치?하면 백내장이랑 황반변성이 올수있다는데 사실이나요?ㅠ 안구건조증 치료하면 그런병안오겄죠?ㅜㅜ

안구건조증치료 방법이있을까요?",C1,C3,tri_llm_consensus
T-0770,2019,안과,눈에 대하여,청색광에 의하여 황반변성이 생긴경우도 트루젠이 생성되나요?,C1,,tri_llm_consensus
T-0771,2019,안과,눈검사에 대하여,황반변성의 검사 즉 습성과 건성의 구분을 위한  제일정확한검사법은 하나나 두개를 한다면 무슨검사를 하면되나요?,C2,,tri_llm_consensus
T-0772,2019,"건강식품, 의약외품, #검색질문, #통합검색궁금증, #통합검색질문하기, #아이허브할인코드, #황반변성",항산화제비타민?,"항산화제 비타민 에 대해 알고싶은데 제가 지금 건성 황반변성 으로 오큐 엠파워를 복용하고 있는데 혹시 이약보다 우수한 비타민제(눈영양 건강제)가 있으면 도움을 받을까 해서 네이버 지식인 분들의 경험과 자문을 구하고자 용기를 냈습니다,60대 중반이고 오른쪽눈에 비삼출성 황반변성 진단을 받았습니다,한쪽 눈 시력이라도 지키고 싶어 기도하는 심정으로 문의하오니 간절한 저의 물음에 시원한 답변 주실분 고대합니다.",C5,,tri_llm_consensus
T-0773,2019,"안과, #건성황반변성, #황반변성","제가 건성황반변성인데요,...","제가 건성황반변성인데요,

동네안과에서 엔테론을처방해주셨어요

이게도움되는건가요?

그리고방송인 인교진님이수술로 완쾌돼셨던데 ..

그럼 돈이있어야 나을수있는건가요?

주사치료법은건성에는효과가없는건가요?

폰이나태블릿,티비보는것은오래보면안되나요?

제가갔던 안과의사선생님은 햇빛이안좋다하더라하니까웃으면서 그건잘못된정보라하고,,레이저수술도요즘엔안한다하고..

맞는말인가요?

뭔가보려고할때 그부분이안보이는게나을순없는건가요?

오른쪽눈이 건성황반변성인데 왼쪽으로옮겨가나요?

일도못하고집에만매일있다보니하루종일 실명에대한무서운생각으로만가득차 아무것도할수가없는상태가되버렸네요 미치겠습니다 실명이되는건가요?",C3,C1;C4,tri_llm_consensus
T-0774,2019,"안과, #건성, #황반변성, #안과, #망막",안과의사님들!!제발답변좀부탁합니다ㅠㅠ,"황반변성인데요...

눈알사진말고 이사진만으로

의사들은 건성인지습성인지알수가있나요?",C2,,tri_llm_consensus
T-0775,2019,"안과, #지식인카드, #지식인카드답변, #플레이스URL",신랑이 황반변성이 왔는데,"신랑이 건성 황반변성이 왔는데

안구 통증이 있다고 하더라고요

숟가락으로 눈을 파는거 같다고 ㅠㅠ

검색해보니 황반변성은 통증을 유발하지 않는다고 하던데

다른 부위가 아파서 그러는 걸까요?

정말 너무 속상합니다 ㅜㅜ",C2,C1,tri_llm_consensus
T-0776,2019,안과,눈 황반변성,"눈에 황반변성이 왔습니다. 서울대병원/안과에서는 치료(수술)힐 수 없다 하는데, 인터넷을 찾아 보니까 황반변성 수술할 수 있는 병원이 나와 있습니다. 누가 맞는 건가요?",C3,C8,tri_llm_consensus
T-0777,2019,안과,황반변성 치료 방법 조언부탁드려요,"지금 한달이 되었는데 병원에서 처방 받은 약을 먹어도 좋아지질 않아서

황반변성 치료 방법에 대해 알아보다가 글 남기게 되었습니다

약을 먹는것 말고 다른 치료 방법은 없는건가요???

시야가 일그러지고 시력도 좀 떨어진게 있어서 그러거든요

하루빨리 완치를 하고 싶다는 생각이 들어서 황반변성 치료 방법에 대해 알아보는중인데

혹시 경험 있으시거나 아시는분 계시면 어떻게 치료를 받아야 할지....

황반변성 치료 방법에 대해 조언 좀 해주세요",C3,,tri_llm_consensus
T-0778,2019,"건강에좋은음식, #황반변성에좋은음식, #황반변성, #황반변성치료",황반변성에좋은음식 증상에 뭐가 좋을까요,"병원 치료를 시작했는데 혹시 황반변성에좋은음식이 뭐가 있을까요???

약을 먹고 있지만 호전되는게 없어서 증상에 좋은것들을 한번 먹어보려고 그러거든요

치료에 도움이 될만한것들은 뭐든 먹으며 관리를 해보려고 황반변성에좋은음식 알아보는중인데

혹시 경험 있으시거나 아시는분 계시면 어떤게 증상에 좋은지...

황반변성에좋은음식에 대해 아시는분 답변 좀 해주세요",C5,,tri_llm_consensus
T-0779,2019,안과,눈질환에 대하여,"지인의 경우인데요

황반변성의 경우 세극등과 안저촬영만으로도 황반변성과 트루센의 유무를 어느정도는  알수가 있나요?

트루센은 망막아래에 있는데도 찰영되거나 세극등으로 보이나요?",C2,,tri_llm_consensus
T-0780,2019,안과,시력 검사 결과 문의,"왼쪽 눈 황반변성 치료 중인데요.

시력 검사 결과가 좀 이상한 것 같아서요.

오른쪽 눈이 0.63, 왼쪽 눈이 0.8이라는 것 아닌가요?

그럼 왼쪽 눈의 시력이 더 안 좋은 것 아닌가요?

그런데 저는 분명 오른쪽 눈이 더 안 좋거든요.

왼쪽 눈이 좀 더 선명하게 보이고,

오른쪽 눈은 흐릿하고 침침하게 보여요.

똑같은 거리에서 똑같은 글자를 봐도

왼쪽 눈으로는 잘 보이다가

왼쪽 눈 가리고 오른쪽 눈으로만 보면 잘 안 보이거든요.

결과가 왜 반대로 돼있는 것 같죠?",C2,,tri_llm_consensus
T-0781,2019,안과,운정면허를 따려고하는데...,"운정면허를 따려고하는데

오른쪽 눈에 황반변성이 있습니다

면허 취득시 시력검사를 한다 들었는데

황반변성이 있어도 면허 취득이 가능한가요?",C7,,tri_llm_consensus
T-0782,2019,건강상담,황반변성 자가진단,"요즘 아버지때문에 걱정이 많아요.

나이가 드시다보니 눈이 점점 안좋아지시는 것 같더라구요.

그래서 황반변성 자가진단도 읽어보시고 하면서 아무래도 아버지 증상같다고 하시면서 황반변성 자가진단을 저도 해보라고 하더라구요.

자세히보니깐 노인분들이 많이 걸리는 병중 하나라고 하는데 미리 관리는 해드려야할 것 같더라구요.

눈에 도움이 되는 영양제나 좋은 성분이 있다면 추천 부탁드릴게요!",C5,C2,tri_llm_consensus
T-0783,2019,건강상담,황반변성에좋은음식 간편하게 먹는 방법,"최근에 눈 건강에 신경이 많이 쓰여서 황반변성에좋은음식을 찾고 있거든요.

아무래도 요새 스마트폰도 많이 보고, 출근해서 모니터도 많이 보니까~

눈이 침침해지는게 황반변성에좋은음식을 먹어야겠는데 찾아보니 종류도 너무 많고,

어떤 걸 먹어야할지 모르겠더라구요. 간편하게 먹는 방법 있으면 알려주세요.",C5,,tri_llm_consensus
T-0784,2019,"음식, 식재료, #안과, #빌베리, #루테인영양제, #황반변성에좋은음식",황반변성 좋은영양제 루테인말고,"뭐뭐있을까요??

황반변성!!",C5,,tri_llm_consensus
T-0785,2019,"안과, #안과의사분들도움, #황반변성",오른쪽 눈에 황반변성이 있습니다. 흉...,"오른쪽 눈에 황반변성이 있습니다. 흉이 꽤 크게 난 상태라 일상생활에 지장이 있는 수준인데, 레이저치료로 황반변성으로 인한 흉터 치료까지 기대하긴 어려운지 궁금합니다.",C3,C6,tri_llm_consensus
T-0786,2019,"선글라스, 안경",3안경에 대하여,"지인의 질문인데요

황반변성이 있는 노인의 경우 안경은 통상 어떻게 맞추나요?",C9,,tri_llm_consensus
T-0787,2019,"선글라스, 안경",노인안경에 대하여,"지인의 질문인데요

가령 노인이 황반변성과 노안이 함께 있을경우 안경을 마추면 잘보일수가 있나요?

이유는 무엇인가요?

그리고 이런경우 안경은 일반안경과 돋보기안경 2개를 하는게 좋나요 ?",C9,C6,tri_llm_consensus
T-0788,2019,건강에좋은음식,어머니께서 황반변성이 있다고 합니다.,"어머니께서 황반변성이 있어서 치료를 받고 계셔서 저도 걱정이 되더라구요

황반변성에 좋은 영양제 있나요? 눈에 좋은 성분 답변 좀 부탁드려요",C5,,tri_llm_consensus
T-0789,2019,"영양제, 건강보조식품, #루테인, #마리골드꽃추출물, #휴라이프, #비헬스코리아",루테인 질문...,"루테인 질문

1. 루테인 하루권장량이 10~20mg이고, 일주일에 30~40mg권장한다는데 그러면 일주일에 두번만 먹어야되나요?

2. 장기간복용하면 정말 폐암확률 높아지나요?

3. 시력이 떨어지고 황반변성이 오히려 생길수도있다는데 진짠가요?

4. 유통기한 지난거먹으면 안좋아요?",C5,C9,tri_llm_consensus
T-0790,2019,"음식, 식재료",루테인효능 좋은 거 골라주세요..,"루테인효능에 시력보호도 있고 노화로 오는 황반변성

?

그런 것도

막아준다고 해서 사려고 하는데요

.

몇일 찾아보니까 루테인효능 좋다고 언급되는게

뉴트리코어

,

네츄럴브랜드

,

암웨이 정도가 있던데

이 중 루테인효능 진짜 잘 나오게 하는 게 뭘까요",C5,,tri_llm_consensus
T-0791,2019,안과,황반변성에 대해 몇가지 질문 드립니다...,"황반변성에 대해 몇가지 질문 드립니다..

2014년도에 황반 가장자리에 드루젠이 있다고 해서 6개월마다 검진하고 있는데, 그 3년뒤에는 그 자리에 변성(건성)이 생겼다고 하더군요.. 그래도 습성으로 갈 확률은 낮으니 걱정말라고 했는데, 그 1년반뒤인 얼마전 검진에서는 드디어(?) 신생혈관이 생겼다고 하네요.. 그리고 출혈 가능성은 크지 않다면서 혹시 출혈이 생기면 내원하라고 합니다..

1. 그 원인이 노화라고 하던데, 더구나 중심부도 아니고 가장자리이니 자외선 영향은 무시해도 되는건지요..

2. 어떤 항노화 노력을 하면 진행을 좀 지연시킬 수 있을까요?

3. 그동안 쭉 보니 적극적으로 대응하는 것 없이 그냥 기다리다 뭔가 나타나면 대응하는 방식이던데.. 어차피 신생혈관이 생겼으면 굳이 출혈될 때까지 기다리지 말고 더 커지기 전에 억제주사 치료를 하는거 낫지 않은지요?",C4,C6,tri_llm_consensus
T-0792,2019,안과,안녕하세요....,"안녕하세요.

제가 오늘 황반변성으로 아바스틴주사를 맞고 왔는데요.

주사 맞기 전보다 더 흐리고 안보이는데 원래 이런 증상이 나타나는 건지

병원에 가봐야 하는건지 궁금합니다.

도움 답변 부탁드립니다.",C9,C4,tri_llm_consensus
T-0793,2019,건강상담,황반변성 원인 노화때문 아니에요?,"황반변성 원인이 저는 노화라고 알고 있었거든요?

그래서 어르신 분들한테 많이 나타나는줄 알았는데

요즘은 젊은 사람들도 위험하다고 그래서....다른 황반변성 원인이 있나요?

또 미리 관리를 하려면 어떻게 해야 하는지 관리법도 알려주세요.",C1,C5,tri_llm_consensus
T-0794,2019,"한방 안과, 이비인후과",황반변성에도 온열안대(찜질)해도 괜찮나요?,"아버지는 황반변성+백내장이십니다.

관리를 잘 하고 계셔서 현재까진 그래도 괜찮은데요

아버지는 눈에서 자꾸만 눈물이나고 피로감이 쌓인다고 하시네요

온열찜질을 해도 병에 무리는 아닐까요?",C9,C5,tri_llm_consensus
T-0795,2019,영상의학과,황반변성으로 병가 가능한지?,"안녕하세요.

57세 직장인입니다.

얼마 전부터 시력이 떨어저 병원에가 검사 해보니 망막에 황반변성이 진행 중 이라고 합니다.

제가 직장에서 하는일이 종일 컴퓨를 보고 업무을 하고 있는데 핸드폰 및 컴퓨터리 보면 황반변성이 더 빨리 진행되어 실명될 수 도 있다고 합니다.

일정기간 치료를 위해 병원에서 진단서 발급받아 회사에 병가를 낼 수 있는 지요?",C7,,tri_llm_consensus
T-0796,2019,취미,서면황반변성 치료하는곳 있나요?...,"서면황반변성 치료하는곳 있나요?

저희 외가 쪽이 원래 눈이 약해서 안구건조증이나

이런 병을 달고 살긴 하지만……. 이번에

직장을 바꾸면서 예전보다 컴퓨터를 보는 일이

많아져서 그런지 눈이 침침하고 시력이 떨어진 거

같더라고요.

그래서 안과에 갔더니 황반변성이라고

하시는데.. 조금은 생소한 질환이라 걱정됩니다..

찾아보니 제대로 치료하지 않으면

시력에까지 영향을 준다고 하니 너무 무서워요 ㅠㅠ

제가 서면 근처에서 회사를 다녀서 혹시

부산 서면황반변성 치료하는곳 아시는분 계시나요?

다들 공유 부탁드려요!!",C8,C3,tri_llm_consensus
T-0797,2019,조소,부산에 황반변성 치료 가능한 곳 있을까요?...,"부산에 황반변성 치료 가능한 곳 있을까요?

안녕하세요. 저희 엄마가 나이가 드시면서

눈이 많이 흐려지시고 사물이 휘어 보이신다고

하더라고요. 그래서 안과에 가서 검사를

받았더니 황반변성? 노안이 와서 그렇다는데

약을 먹고 레이저 치료를 받아도

조금만 무리하거나 하면 다시 재발하는 거

같아서요……. 도대체 어떻게 치료해야 하나….

고민이에요 ㅠㅠ 혹시 부산에 황반변성 치료

잘하는 곳 있으면 알려주세요!!

이게 심하면 시력에도 문제가 발생할 수 있다고

하니 더 걱정인데 듣기로는 한의원 치료로도

황반변성이 좋아질 수 있다고 하더라고요.

엄마는 레이저보다 한방치료를 더 선호하시지만

저는 조금 낯설어서 걱정돼서요….

혹시 직접 치료 받아보신 분 있음

공유 부탁드립니다 ㅠㅠ",C8,C3;C6,tri_llm_consensus
T-0798,2019,"안과, #지식인카드, #지식인카드답변, #플레이스URL",황반변성 영양제 어떤게..  백내장 녹내장 도움되는건..,"백내장과 녹내장으로 수술을 받었었고 지금은 병원 다니면서 관리중인데

여기에 황반변성까지 생겨서 미치겠습니다

남들은 이런거 하나없이 건강하게 생활하는데 백내장 녹내장에 황반변성까지 와서

지난주부터 병원 치료를 시작했는데 혹시 챙겨먹으면 좋은 영양제가 있을까요???

루테인이 좋다고 그래서 영양제로 먹어보려고 생각중이긴 한데

이것 말고 다른건 없는건가 싶어서 알아보는중이거든요

황반변성이랑 함께 백내장 녹내장 관리에도 효과 좋은거였으면 하는데

어떤 영양제를 먹으며 관리를 해야 좋을지 아시는분 답변 좀 해주세요",C5,,tri_llm_consensus
T-0799,2019,건강상담,황반변성에좋은음식 찾고 있어요,"황반변성에좋은음식으로

집에서 해먹을 수 있는 요리 같은거나

영양제도 같이 추천해주세요",C5,,tri_llm_consensus
T-0800,2019,"건강에좋은음식, #황반변성에좋은음식, #황반변성, #황반변성음식",황반변성에좋은음식 치료중인데 뭐가 좋을까요,"눈도 건조하고 시력도 떨어졌어요

황반변성에좋은음식 치료중인데 추천 좀 해주세요

더심해지지 않으려면 황반변성에좋은음식 먹고 관리해야 그래도 늦출수있다고 하네요

통증약간 있구요 제가 황반변성 초기이긴 하지만 조심하라고 병원에서 그러네요

혹시 따로 도움될수있는 황반변성에좋은음식 있으면 추천 해주세요

나름 좋다고하는것들 많이먹고 있는데 좀처럼 나아지는기미가 전혀안보여서..",C5,,tri_llm_consensus
T-0801,2019,건강상담,어머니께서 황반변성 입니다...,"어머니께서 황반변성 입니다

안구 건조증치료기 도움도움이될까요?",C9,,tri_llm_consensus
T-0802,2019,"음식, 식재료",황반변성에좋은음식 추천해주세요,"아빠가 황반변성에좋은음식을 드셔야 할 것 같은데

일이 바쁘시면 집에서 식사를 잘 못하셔서 밖에서도 편하게 드실 수 있는게 있을까요?

황반변성에좋은음식 꾸준히 드셔야 할 것 같은데 괜찮은거 있으면 알려주세요",C5,,tri_llm_consensus
T-0803,2019,안과,황반변성 환자입니다...,"황반변성 환자입니다

음식을 하는 직업이라 눈에 기름이 많이끼고

자주 건조합니다

일반 약국에서 흔히 파는 안약을 자주 사용해도 될까요?

아니면 치료받는 병원에서 따로 처방받아야하나요",C9,,tri_llm_consensus
T-0804,2019,안과,황반변성 환자입니다...,"황반변성 환자입니다

음식을 하는 직업이라 자주 눈에 기름이끼는거같고

건조하고 침침해서 동네 약국에서 황반변성있다고 얘기하고 현재 증상 얘기하고

이 점안액을 구매하였습니다

치료중인 병원은 너무 멀어서 혹시 이 점안액

자주 사용하여도 될까요??",C9,,tri_llm_consensus
T-0805,2019,"안과, #안과, #황반변성, #황반변성, #안과질환, #지식인카드, #지식인카드답변, #플레이스URL, #황반변성, #안구질환, #지식인카드, #지식인카드답변, #플레이스URL, #황반변성치료비용, #백내장, #동영상답변, #지식iN동영상답변, #지식인카드, #지식인카드답변, #플레이스URL",어머니가 황반변성 진단을 받으셨습니다.,"전에부터 불편해서 진료를 받으셨는데

의사선생님께서 한쪽눈이 황반변성이라고 하셨다고 하더라고요

네이버에 찾아보니 간단한 질병은 아닌것같아

이렇게 지식인에 글남깁니다.

진단받은 병원에서 소견서 같은거 받아서

전문 병원을 찾아가 보려고합니다.

어머니 연세는 61세 이시고 지역은 청주입니다.

가까운곳에 정말 좋은 병원있으면 알려주세요,

가까운곳에 없다면 수원, 서울쪽 좋은 병원좀 알려주세요.

병원을 가보면 의사선생님께서 알려주시겠지만

아들로써 너무 걱정되서.......

황반변성이 실명까지 진행된다고 하는데

치료를 받아도 100% 실명까지 진행되는지 궁금합니다.

습성인지 건성인지는 아직 모르고요....

만약 수술까지 진행 한다면 ....실명은 피할수있는지 ....

그리고 치료비용은 어느정도 드는지 알려주세요",C8,C6;C7,tri_llm_consensus
T-0806,2019,"건강식품, 의약외품, #황반변성, #황반변성음식, #눈건강관리, #황반변성, #지식인카드, #지식인카드답변, #플레이스URL, #황반변성예방법, #황반변성치료, #동영상답변, #지식iN동영상답변, #지식인카드, #지식인카드답변, #플레이스URL",황반변성 치료 방법 좋은 음식 있나요..,"황반변성 치료 방법 좋은 음식 있나요..

시력도 많이 떨어지고 그래서 루테인 영양제 먹다가

황반변성 치료 방법 좋은 음식 먹어보려구요

뭐가 제일 좋은가요 ? 황반변성 치료 방법 좋은 음식 추천 바랍니다",C5,,tri_llm_consensus
T-0807,2019,안과,루테인 지아잔틴,"엄마가 연세가 많으신데

백내장에 노화로 황반변성도 있으셔서

병원에서 약을 먹고있는데

제가 예전부터 루테인약을 보조제로

드렷는데

얼마전에 황반변성이 있다고들어

지아잔틴성분도 챙겨드릴랫는데

마침먹는약에 들어있는데

대신 함유량이 적은데

이정도로 괜찮나요?

루테인 20에 지아잔틴 1이던데",C5,,tri_llm_consensus
T-0808,2019,"건강에좋은음식, #황반변성에좋은음식, #황반변성, #황반변성치료, #황반변성에좋은음식, #황반변성, #지식인카드, #지식인카드답변, #플레이스URL",황반변성에좋은음식 추천바랍니다.. 영양제나..,"조금만 피곤해서 눈이 요즘 너무 힘드네요

저 황반변성 이라는데

시력도 더 떨어진것 같고 관리를 해야된다고 해서 알아보고 있습니다

황반변성에좋은음식 추천 바랍니다 영양제나 도움되는 식품같은 .

뭐든 황반변성에좋은음식 추천해주세요

아무거나 먹기보다는 잘알아보고 성분이랑 진짜 좋은걸로 먹으면 좋을것 같아서요

가족들도 함께 먹구요",C5,,tri_llm_consensus
T-0809,2019,"건강에좋은음식, #황반변성, #황반변성증상, #황반변성병원, #안구질환, #지식인카드, #지식인카드답변, #플레이스URL, #황반변성, #안구질환, #동영상답변, #지식iN동영상답변, #지식인카드, #지식인카드답변, #플레이스URL",황반변성 원인 수술 치료 대해서...,"황반변성 원인 뭐예요 ? 수술 하면 치료 되나요 ?

눈 건조증도 심하고 시력도 많이 떨어져서 왜이런줄몰랐는데

황반변성 이라고 합니다 원인도 모르고 가족력도 없는데 생겻어요

시력이 점점 떨어지고 나중엔 실명까지 하게되면 무서운 질환이라고 하는데

황반변성 원인 수술 치료 도움되는 정보 좀 주세요",C1,C3,tri_llm_consensus
T-0810,2019,"안과, #안과, #비문증, #oct검사","비문증 검사로 녹내장,황변변성 등 안","비문증 검사로 녹내장,황반변성 등 안구질환들을 알 수 있나요?

안과 진료지에 산동검사랑 oct 0.5가 써있었고 눈에 특수 렌즈 같은거 끼어서 검사 받았는데 비문증은 생리 현상이라고 심해지면 다시 오라고 하셨는데요. 비문증 말고 다른 질환들은 없으니까 다른 말씀 하지 않는 거 겠죠?",C2,,tri_llm_consensus
T-0811,2019,"안과, #술로, #인해, #충혈된, #눈에, #온찜질, #냉찜질, #중, #어떤, #방법이, #좋은가요",오른쪽 눈에 황반변성 진단으로 장애6...,"오른쪽 눈에 황반변성 진단으로 장애6급 판정을 받았습니다.

시력이 안좋은 왼쪽눈으로 생활하니 왼쪽눈이 많이 피로한 것 같아요.

근데 술을 조금 마셨다하면 눈이 빨갛게 충혈되고 눈물이 날듯한 모습입니다.

한쪽눈으로 생활하는데 혹시 이런 증상이 시력에 악영향을 끼치는지?",C9,,tri_llm_consensus
T-0812,2019,"영양제, 건강보조식품, #영양제, #눈, #50대여성, #비타민, #황반변성, #비타민A",안녕하세요 26살 여자입니다. 저희...,"안녕하세요 26살 여자입니다.

저희 엄마가 68년생인데 이번에 눈에 황반변성이라는 진단을 받았다고 하더라구요.. 눈에는 비타민 A가 좋다는데 혹시 눈에 좋은 음식이나 영양제 정확한 추천좀 부탁드리겠습니다.

또 50대 여성이 먹기 좋은 비타민도 추천부탁드립니다. 검색해보니 꽃송이버섯 추천이 많든데 뭐가 좋을지 모르겠네요,,",C5,,tri_llm_consensus
T-0813,2019,안과,눈에 황반변성이 있는데 매일 삶은 마늘 5개정도 먹는데 나쁠까요...,"눈에 황반변성이 있는데

매일 삶은 마늘 5개정도

먹는데 나쁠까요",C5,C9,tri_llm_consensus
T-0814,2019,"건강식품, 의약외품",황반변성 자가진단 해봤는데 영양제 추천해주세요,"티비에 황반변성 자가진단 방법 나오길래 저도 한번

알려주는 방법대로 황반변성 자가진단 해봤거든요.

다행히 이상은 없는 것 같았는데 요즘 눈이 너무 피로하고

건조해서 영양제 먹어보려구요.

괜찮은 영양제 알고 계시면 추천 좀 부탁드려요!",C5,C2,tri_llm_consensus
T-0815,2019,안과,황반변성 수술,가능한가요??황반변성!!,C3,,tri_llm_consensus
T-0816,2019,"안과, #안과, #황반변성",아버지께서 당뇨합병증으로 황반변성 진...,"아버지께서 당뇨합병증으로 황반변성 진단을 받고 주사치료를 받기로 했는데 병원에서 국내 임상실험참여 제의를 받았습니다. 기존 치료제와 같은 효과를 기대할 수 있는건지 전문가분들의 솔직한 의견이 궁금합니다.

국가정보포털에 따르면 기존 치료제가 전신부작용이 더 많다고 나와있던데..

결정에 도움을 꼭 부탁드립니다.",C3,C9,tri_llm_consensus
T-0817,2019,"건강식품, 의약외품",황반변성 치료 방법으로 좋은 음식 있을까요 ?,"황반변성 치료 방법 좋은 음식 추천해주세요 ?

시력도 많이 떨어지고 그래서 루테인 영양제 먹다가 황반변성 치료 방법 좋은 음식 먹어보려구 하는데..

뭐가 제일 좋은지? 황반변성 치료 방법 좋은 음식 추천 바랍니다",C5,,tri_llm_consensus
T-0818,2019,"건강에좋은음식, #황반변성에좋은음식, #눈건강관리, #지식인카드, #지식인카드답변, #플레이스URL, #눈건강관리, #눈질환, #지식인카드, #지식인카드답변, #플레이스URL",황반변성에좋은음식 그리고 영양제 추천...,"황반변성에좋은음식 그리고 영양제 추천 바랍니다

조금만 피곤해서 눈이 요즘 너무 힘드네요

저 황반변성 이라는데 시력도 더 떨어진것 같고 관리를 해야된다고 해서 알아보고 있습니다

황반변성에좋은음식 추천 바랍니다 영양제나 도움되는 식품같은 .

뭐든 황반변성에좋은음식 추천해주세요

아무거나 먹기보다는 잘알아보고 성분이랑 진짜 좋은걸로 먹으면 좋을것 같아서요 가족들도 함께 먹구요",C5,,tri_llm_consensus
T-0819,2019,안과,비문증이 보통 투명하고 벌레같은 거로...,"비문증이 보통 투명하고 벌레같은 거로 알고 있는데 한쪽눈에 불1~2 cm투명한게 보이네요. 병원가서 치료 받아야 하는 건가요??

다른 한쪽눈은 예전에 황반변성?? 이라 주사 맞고 했었는데 걱정이네욤....",C2,C9,tri_llm_consensus
T-0820,2019,안과,황반변성 초기...,"황반변성 초기

초기 면 수술 많이 받아야 하나요?

오늘 의사쌤이 왼쪽 4번 오른쪽4번 레이저 치료 해야 한다고 하더라구요..",C3,,tri_llm_consensus
T-0821,2019,안과,황반변성 초기 음식 관련 및 영양제,"황반변성 초기 인 사람들은

지아잔틴 먹으면 좋아지나요??

지아잔티 &루테인",C5,,tri_llm_consensus
T-0822,2019,안과,황반변성 레이저 치료 후 일 상생활,"황반변성 레이저 치료 후 일 상생활 바로 가능 한가요??

세수도 할 수 있고... 운동도 할 수 있고..

라섹 같은 경우는 아얘 침대에 드러 눕던데..",C9,C3,tri_llm_consensus
T-0823,2019,"안과, #안과",안과 안녕하세요 저희 아버지가 황반변...,"안과

안녕하세요 저희 아버지가 황반변성 이라는 병에 걸리셧는데 황반변성은 물체가 굴곡져 보인다는데 저희 아버지는 굴곡져 안보이고 희미하게 보인다고 합니다 황반변성이 맞나요?

그리고 완치할 방법이 있나요?

내공 100",C2,C3,tri_llm_consensus
T-0824,2019,"건강식품, 의약외품",황반변성 영양제 있을까요?,"사실 쓰면서도 아직도 황반변성 영양제가 어디에 필요 한지

제가 왜 이런 걸 먹어야 하는 지 모르겠는데

병원에서 먹으라고 하니까 ㅠㅠ 먹긴 해야 할 거 같은데요...

눈이 어떻게 됐길래 이런 걸 먹으라고 하는지....

정말 너무 억울하고 속상하고 그래요 ㅠㅠ

이러다 장님 되는 거 아닌지 ㅠㅠ

아무튼 병원에서 저는 황반변성 영양제를 꼭 먹어야 된다고 하는데

좋은 거 있을까요?",C5,C1,tri_llm_consensus
T-0825,2019,"안과, #검색질문, #통합검색궁금증, #통합검색질문하기","하남안과추천,노인황반변성","하남안과추천,황반변성

아버지 연세가 82세인데  황반변성이 의심되서요..

2년전 아산병원에서 검사하고 올 4월에도 안과검사 했을땐 이상없다고 했다는데..

요며칠  휘어져서 보이고 앞도 잘 안보인다고

연락이 와서 걱정이 많이 되네요..

하남지역에도 큰병원이 있나요..

병원추천 부탁드려요..

강동,천호  아니면 더 멀리가야 할까요...

제가 함께 살지 않아 하남지역쪽 병원 잘 몰라서요..",C8,C2,tri_llm_consensus
T-0826,2019,안과,하남 지역 황반변성 잘보는 안과 추천,"아버지 연세가 82세인데 글자가 휘어져 보이고 앞도 침침하다고

황반변성 같다고 연락이 오셨어요

2년전 아산병원에서 눈검사하고 올 4월엔 동네에서 검사했을때도 괜찮다고 했다는데

갑자기 그럴수도 있나요?

하남이나 천호동 강동..

제가 모시고 다니기 어려워서 집에서 가까우면 좋을텐데

잘하는 안과 추천 부탁합니다..",C8,C2,tri_llm_consensus
T-0827,2019,"안과, #눈, #안과, #황반변성","황반변성 진단 10년 전쯤 받았고요,...","황반변성 진단 10년 전쯤 받았고요, 진료는 한번도 안했습니다. 얼마전에 시력검사했는데 한쪽 눈 시력 거의 없다고 하네요.. 다른 눈도 심각하다고해요. 실명 확실한건가요? 병원가서 무슨 진단을 받을 수 있을까요",C6,C2,tri_llm_consensus
T-0828,2019,안과,황반변성 치료는 오전? 오후?...,"황반변성 치료는 오전? 오후?

언제 수술 받는게 낫 나요?",C3,,tri_llm_consensus
T-0829,2019,"한방 안과, 이비인후과, #안과",황반변성이요 ~!!!!,건성입니다 건성에서 항체주사는 치료못하나요??해달라고하면!!,C4,C3,tri_llm_consensus
T-0830,2019,안과,황반변성증상 치료가능할까요?,"황반병성증상이 의심되서 병원에 방문할 예정인데 치료 가능한건가요?

요즘 눈이 좀 침침한거 같아서요...

루테인은 먹어도 도움이 안되는거 같고 찾아보니까

완도정우청해원 해복진액이 전복들어가고 좋은게 많이들어가서 눈에 좋다고 하더라구요

음식을 좀 잘 챙겨먹으면 괜찮을거같은데 어떤걸 주로 먹어야 하나요?",C3,C5,tri_llm_consensus
T-0831,2019,안과,안과 황반변성 녹내장,"모친이 종합변원에서 황반변성에 출혈도 보인다고 합니다

백내장이나 녹내장보다는 쉽게 치료가 가능한지의 여부와

시술에 종류나 치료기간이 궁금하네여????????????????????

지식인에 소견을 부탁드립니다",C3,C6,tri_llm_consensus
T-0832,2019,안과,아버지가 황반변성입니다 다행이 심각하...,"아버지가 황반변성입니다 다행이 심각하지는 않아서 주사 한두번이면 되는데 이번에 왼쪽 눈에 주사를 맞고 안과에서 일주일동안은 눈을 씻지 말라고 했다네요 아버지가 직업 특성상 먼지도 많고 땀을 흘리지 않을수가 없는데 인공눈물이랑 거즈로 먼지나 눈곱을 닦아내도 괜찮은건가요 일을 죽어도 나가겠다고 하시네요

아 병원에서 준 안약을 투약중이긴 합니다.",C9,C4,tri_llm_consensus
T-0833,2019,안과,안녕하세요....,"안녕하세요.

제가 황반변성으로 작년 6월부터 올해4월까지 매달 아바스틴주사를 11회 꾸준히 맞아오고 있는데요. 그럼에도 불구하고 시야가 지워져보이거나 어두워지는 현상은 더 안좋아지고 있습니다.몇달전부터는 안압까지 높아져서 안약도 3가지 넣고 독시움약도 복용중입니다. 저 같은경우는 지워져보이는 부분이 더 좋아지거나 시력이 (0.9에서 0.5로 떨어짐)회복되기는 힘들까요.그리고 아바스틴주사를 매달 맞아도 부작용은 없는지 궁금합니다.

매일매일이 힘드네요. 좋은 답변 부탁드립니다.",C6,C4;C9,tri_llm_consensus
T-0834,2019,안과,요즘 몇분동안 폰이든 책이든 무슨 일...,요즘 몇분동안 폰이든 책이든 무슨 일에 집중하다가 딴곳을 갑자기 보면 잠시동안 흐릿합니다. 그리고 눈부심을 더 많이 느낍니다. 원래 시력이 안좋은데 황반변성같이 실명과 연결되는 병으로 이어지지는 않겠죠?,C2,,review_pool_R1_v5b
T-0835,2019,"안과, #황반변성, #관절염, #동영상답변, #지식iN동영상답변, #지식인카드, #지식인카드답변, #플레이스URL, #황반변성병원, #안구질환, #지식인카드, #지식인카드답변, #플레이스URL",황반변성 자가진단 치료법이나 좋은음식 있나요,"눈 시력도 점점 떨어지고 건조함도 심하게 안좋네요

황반변성 자가진단 어떻게 하는지 좀 알려주세요

황반변성 가족력이 있어서요 병원가보면 알겟지만 그전에 궁금하기도 하고 걱정도 되서 ..

황반변성 치료법으로 좋은음식 같은것도 추천해주세요

저희아버지보니까 평생 눈관리 해야된다고 말은 하시면서 방치해서 더 심해지셨어요

저도 이대로는 안되겠어서 황반변성 자가진단 해보고 치료법 알아보고 좋은음식이라도 먹고

관리하려구요 도와주세요",C5,C2,tri_llm_consensus
T-0836,2019,안과,안녕하세요 제가 지금 황반변성으로 1...,"안녕하세요

제가 지금 황반변성으로 1년동안 아바스틴주사 매달맞고 있는 상태에서 몇달전부터 안 압도 높아져서 안약도 3가지 같이 넣고 있습니다.

가려진 시야나 시력도 자꾸 떨어지고 있어요 .황반부은것도 이제 많이 좋아졌다는데도 눈상태가 계속 안좋아질 수 있나요. 그리고 얼마전부터 햇빛이나 빛을 보면 빛번짐이나 눈부심이 생겨서 너무 불편합니다. 녹내장에는 색깔 안경 쓰는게 좋다고 하는데 무슨색깔을 사용해야하는지 궁금합니다. 그리고 일년동안 안구주사를 11번 맞았는데도 계속 안좋아지고 녹내장같은 합병증도 흔하게 오는 게 맞는지도 궁금합니다. 시야흐림이나 가려져보이는 부분이 앞으로 호전 될 수도 있을까요 . 매일매일이 너무 힘들고 걱정되네요. 도움답변 부탁드립니다.",C6,C9;C4,tri_llm_consensus
T-0837,2019,안과,5일전 왼쪽눈에 황반변성 진단으로 안...,5일전 왼쪽눈에 황반변성 진단으로 안구주사를 맞은후 시력이 떨어져 병원에 다시갔더니 눈에 도수가 생겼다는데 혹시 안구주사 부작용으로 시력이 떨어질수도 있을까요? 주사맞기전 시력은 1.2 였는데 지금은 아주 안보이는데 의사선생님말은 대부분 다시 회복되니 괜찮다는데 불안해서요 그리고 눈을 감거나 깜빡일때 눈동자 모양이 계속보이는데 이건 비문증이라는데 맞을까요 ?,C9,C4,tri_llm_consensus
T-0838,2019,안과,선생님 안녕하세요....,"선생님 안녕하세요.

제가 지금 황반변성에 안압까지높아서 안압 안약도 3가지 넣고 있습니다. 몇일전부터 갑자기 머리도 아프고 자고 일어나면 한두시간정도 시야도 흐려졌다가 조금 나아지기를 반복해서 동네안과에 갔더니 아세타졸 하루3번 먹으라고 하셔서 하루 먹고 다음날 안압재어보니 20정도 나와서 아세타졸 먹지말라고 하셔서 안먹었더니 하루만에 또 머리도 아프고 시야도 흐려지네요. 화요일에 원래 다니던 종합병원예약이 되어 있는데 이대로 두고보다가 가야할 지 가지고 있는 아세타졸을 계속 복용하다가 병원에 가는게나을지 너무 고민도되고 걱정도 됩니다.

좋은답변 부탁드립니다",C9,,tri_llm_consensus
T-0839,2019,피부미백,서면황반변성 치료하는곳?,"황반변성이면 안과에서 수술해야 하나요?

수술 하면 효과가 있는지..

수술 말고도 치료 가능한 곳 있으면

알려주세요!!

치료하는 방법두요~",C3,C8,tri_llm_consensus
T-0840,2019,"안과, #황반변성, #안과, #눈, #의사, #아르기닌",황반변성에 관한 궁금증,"황반변성 발병시에는 항산화 식품을 많이 먹는 것이 중요하다고 들었습니다.

항산화 식품을 통해 노화속도를 낮춘다고 하는데 성장호르몬을 촉진하는 L-ARGININE 섭취시에

황반변성을 촉진시키는 것에 관해 궁금합니다.

안과전문의님의 의견기다리겠습니다.읽어주셔 감사합니다.",C5,C1,tri_llm_consensus
T-0841,2019,안과,황반변성 레이저 치료 관련 질문,"아는 지인이 황반 변성 걸렸는데요...

황반변성 레이저 치료를 여덟번 받는 다고 하더라구요...

여덟번 받는 이유가 뭔가요?",C3,,tri_llm_consensus
T-0842,2019,"한방 안과, 이비인후과, #황반변성, #황반변성치료",황반변성증상 치료에 좋은 음식 추천해주세요,"저희할아버지가 황반변성증상으로 고생중이신데요

황반변성증상 치료에 좋은 음식이라도 추천받아서 제가 챙겨드리고 싶어서요

눈영양제라도 먹어야되는게 아닌가 생각하는데

지금 연세가 70대초반이시구요 활방변성증상 노안도 있을테고 점점 더 심해지고 있다고 하셔서요

시력도 엄청떨어졌구 ..

황반변성증상이 심하면 실명까지 된다고 해서 ....ㅜ

저희할아버지 드실만한걸로 황반변성증상 치료에 좋은 음식 추천해주세요",C5,,tri_llm_consensus
T-0843,2019,"영양제, 건강보조식품, #영양제",건성 황반변성으로 오큐바이트 처방 받...,"건성 황반변성으로 오큐바이트 처방 받았는데

성분을 보니 비타민 A.C.E이고 루테인이 들어있지

않은데 따로 먹어주는 것이 좋을지요?

그리고 황반변성에 좋은 영양제 추천부탁드립니다.",C5,,tri_llm_consensus
T-0844,2019,안과,황반변성 노인성질환에 들어가나요?...,"황반변성 노인성질환에 들어가나요?

근로복지공단 요양비대출건으로 의사소견서를 받았는데 황반변성 진단 받았습니다.

검색하니 황반변성이 노인성질환에 속하던데

노인성질환으로 인정 될까요?",C7,C1,tri_llm_consensus
T-0845,2019,안과,건성 황반변성인데 시력이 떨어집니다....,건성 황반변성인데 시력이 떨어집니다. 황반변성 때문일까요? 치료법이나 늦추는 방법이 있을까요? 60대 남자입니다.,C3,C6,tri_llm_consensus
T-0846,2019,"아시아, #황반변성, #습성황반변성, #루테인, #지아잔틴, #황반변성치료, #황반변성치료법, #황반변성증상, #오큐실, #녹내장치료, #녹내장치료법, #녹내장증상, #눈주사",친척 어르신께서 습성 황반변성으로 어...,"친척 어르신께서 습성 황반변성으로 어려움을 겪고 계십니다. 정기적으로 눈주사를 맞고는 있는데, 듣기로는 '루테인+지아잔틴'이 함유된 영양제가 효과가 있다 해서 검색해보니, 건성에 효과가 있다고 하나 습성에는 어떤지 말이 없네요... 혹시 이 영양제가 습성 황반변성에도 효과를 볼 수 있을까요?",C5,,tri_llm_consensus
T-0847,2019,안과,제아잔틴과 아스타잔틴 같이 먹어도 되나요?,"황반변성 레이저 치료 8번 받았습니다.   왼쪽 4번 오른쪽 4번...

거기 간호사님 께서

루테인 제아잔틴 먹으면 좋다고 하네요 ~

그래서 루테인+제아잔틴 먹고 있는데..

엊그제 크릴오일 이란것을 섭취 하고 있습니다.

크릴오일 성분을 보니 아스타잔틴도 들어 있더라구요...

결론:  제아잔틴 과 아스타잔틴 같이 먹어도 되나요 ?",C5,C9,tri_llm_consensus
T-0848,2019,안과,황반변성 치료 중 비문증 발생,"황반변성으로 대학병원에서 1년 반째 치료 중입니다.

초기에 한 달에 한 번씩 아바스틴 주사를 4~5차례 정도 맞은 후

지금은 두 달에 한 번씩 병원에 내원하여 경과를 관찰하고 있습니다.

그런데 며칠 전 소프트 렌즈를 착용하고 수영장에 다녀온 당일 저녁부터

황반변성을 앓는 쪽 눈에 비문증이 생겼습니다.

알아보니 노화나 염증에 의해 흔하게 발생하는 증상이라고는 하지만

비문증의 원인 중 망막에 문제가 생겨 발생하는 경우도 있다고 하여

황반변성을 앓고 있는 중이라 걱정이 됩니다.

일주일 전에 이번 달 경과는 보고 왔는데,

다시 교수님께 말씀드리고 진료를 받아보는 것이 좋을까요?",C9,C2;C4,tri_llm_consensus
T-0849,2019,"약 효능, 성분",제아잔틴과 아스타잔틴 먹어도 되나요?,"황반변성 레이저 치료 8번 받았습니다.   왼쪽 4번 오른쪽 4번...

거기 간호사님 께서

루테인 제아잔틴 먹으면 좋다고 하네요 ~

그래서 루테인+제아잔틴 먹고 있는데..

엊그제 크릴오일 이란것을 섭취 하고 있습니다.

크릴오일 성분을 보니 아스타잔틴도 들어 있더라구요...

결론:  제아잔틴 과 아스타잔틴 같이 먹어도 되나요 ?",C5,C9,tri_llm_consensus
T-0850,2019,"한방 안과, 이비인후과, #안과, #황반변성, #암슬러, #동영상답변, #지식iN동영상답변",황반변성 집에서도,"황반변성 집에서도

암슬러로 판단할수있나요??",C2,,tri_llm_consensus
T-0851,2019,"영양제, 건강보조식품, #오큐바이트프리저비전, #오큐바이트프리저비전정, #황반변성, #황반변성치료, #황반변성영양제, #황산화비타민, #눈, #망막, #영양제, #황방변성예방",황반변성 영양제 질문입니다.,"안녕하세요.

아버지께서 10년 전부터 황반 병성을 앓고 계시는데요.

현재 상태는 수술하고 좋지 않은 시력을 유지하기 위해 오큐바이트 프리저비전정을 복용하고 계십니다.

지방에 거주하고 있기 때문에 한정된 약국에서만 구할 수 있는 불편을 겪고 있습니다.

혹시 오큐바이트 프리저비전정을 대체할 수 있는 시중에서 구하기 쉬운 약이나 비교적 조금 더

저렴한 카피약이 있을까요?",C5,,tri_llm_consensus
T-0852,2019,안과,황반변성도 무서운 병인지요,"녹내장

망막병증이랑요

같이요

제가

1형 당뇨

망망병증이 있는 사람이라서  심하지 않지만요

걱정이 되고 궁금도 해서 그래요

제가 말한 그 병도 3대 눈 질환중 무서운 병인가요",C1,C6,tri_llm_consensus
T-0853,2019,안과,황반변성에 대하여,"형광망막검사를 안하고도 세극등과 기본적눈촬영만으로도  건성이나 습성의 진단이 가능한가요?

이유는요?",C2,,tri_llm_consensus
T-0854,2019,"가구, 인테리어소품, #LED, #조명, #자외선, #황반변성, #검색질문, #통합검색궁금증, #통합검색질문하기, #지식인카드, #지식인카드답변, #플레이스URL",가정용 LED조명에서 자외선이 방출될까요,"6개월 전 새아파트로 이사하였는데, 침실 화장대 양쪽에 길게 설치된 조명이 너무 밝아서

켤 때마다 눈이 부실 정도였습니다.   형광등이 2개씩 들어있어 보이는데 조립나사도 많고

제가 뺄 수 있는 것 같지 않아 아파트 AS센터에 전화를 하였습니다.  기사분이 방문하여

열어 보시더니 형광등이 아니라 LED조명이라고 하시더군요.  밝기가 너무 심하여 눈부심이

매번 불편하다고 하였더니 전선같아 보이는 것을 조절해주고 가셨습니다. (수월하지 않은

작업으로 보였습니다)  이후에도 밝기가 그렇게 낮아진 것 같지는 않아서, 조명을 켜면 눈을

조금씩 찌푸리게 됩니다.

그런데, 황반변성으로 자외선을 조심해야 하는 가족이 있어서 화장대 조명이 너무 밝아 켤 때마다

그리고 켜져 있는 내내 불빛이 편하지 않다 보니, 문득 LED조명에서 자외선이 나오는 게 아닌지

걱정되기 시작하였습니다.  인터넷 검색을 하다 보면, 가정용 LED조명에서 자외선이 방출되는지

여부가 확실하지 않은 것 같았습니다.  일단 아파트 AS센터에 해당 조명의 모델명과 국산인지

중국산인지 확인하여 알려달라고 한 상태입니다.

일반 가정용 LED조명에서 자외선이 나오는지, 너무 밝아서 눈부심이 있는데 황반변성을 비롯한

눈건강에 괜찮은 건지 정말 궁금합니다.  전문가분들의 답변 기다리고 있겠습니다.

미리 감사드립니다.",C1,C5,tri_llm_consensus
T-0855,2019,"안과, #오큐실, #녹내장, #황반변성, #황반변성치료, #녹내장예방, #녹내장치료, #아미넥스코리아, #아미넥스",오큐실에 대해서 아시는분?,아미넥스 오큐실이 녹내장과 황반변성을 호전시킬수 있다고 하는데 효과를 기대해도 될까요?,C5,,tri_llm_consensus
T-0856,2019,"의료기관, 의료인, #안과, #오큐실, #녹내장, #황반변성, #커큐민, #황반변성치료, #녹내장예방, #눈건강, #눈영양제추천",아미넥스 오큐실...,"아미넥스 오큐실이라는 녹내장과 황반변성에 좋은 약이 있는데요.

실제로 녹내장과 황반변성에 효과가 있는지 해서 문의드립니다.",C5,,tri_llm_consensus
T-0857,2019,"사주, 궁합",황반변성증상 나타나면 백퍼센트 변성인가요?,"안녕하세요 제가 최근에 시력에 문제가 생긴 것 같아서 주변에 말했더니 황반변성증상일 수도 있다고

한번 확인 해보라고 하더라구요 ㅠㅠ 그래서 검색해 봤더니,

아주 초기의 황반변성증상이네요...... 이런 변성을 조금씩이라도 늦추고, 할 방법이 없을까요..

병원은 진짜 너무..무서운데 ㅠ ㅠ",C2,C6,tri_llm_consensus
T-0858,2019,신발,황반변성 예방하는 방법 없나요?,"안녕하세요 저희 엄마 연세가 많으셔서,

이번에 황반변성 예방을 해주는게 좋다고 하더라구요

황반변성 관련하여 예방할 수 있는 방법과, 관리해주는 방법 등을 알려주세요

당장 발병한건 아니지만 미리미리 알고 있는 것이 좋으니까요

방법좀 알려주세요",C5,,tri_llm_consensus
T-0859,2019,안과,황반 변성 치료후 바로 잘 안보이나요?,"눈이 침침해서 안관 가보니

황반변성 이라고 하네요

2달간 레이저 치료를 받아서

1달전 치료 끝났는데

눈이 침침한다고 해야 하나??

하..

원래 잘 안보이나요?

2달 정도는 지켜 봐야 하나요?

3주후 백내장 검사 하긴 하는데

그때 물어 봐도 되지만

여기서 질문 드립니다.",C6,C3,tri_llm_consensus
T-0860,2019,"안과, #황반변성, #오큐실, #녹내장, #황반변성치료, #황반변성예방, #황반변성증상, #당뇨성황반변성, #아미넥스코리아",혈당 조절 잘 못하면 눈이 뿌었나요? (황반변성 관련),"엊그제 황반변성 레이저 치료 받았거든요.. (왼쪽 4번, 오른쪽 5번)

2달정도 치료 받았어요~

치료를 받고 1달이 지나도

눈이 뿌었다 해야하나?

침침하다고 해야하나?

아무튼 눈이 정상이 아닌것 같아서

금일

안과 의사쌤 한테 물어보니

당뇨 때문 이라고 하네요, 혈당 조절 못하면

눈이 이렇다고 ...

예전에는 혈당 조절 못해도 아니였떤것 같기도 한데..

혈당 조절 잘 못하면 눈이 뿌었나요?",C9,,tri_llm_consensus
T-0861,2019,안과,황반변성 레이저 치료 vs 주사치료,"치료 방법이 2가지가 있던데..

별로 심하지 않으면 레이저 치료

많이 심하면

주사치료 인가요?

의사 선생님 마다 치료 요법이 다른것 같은데

레이저 보다 주사치료가 더 부작용 없나요?

레이저 치료는 대략 왼쪽 오른쪽  각각 4번씩 맞아야 한다고 하더라구요",C3,C4;C9,tri_llm_consensus
T-0862,2019,안과,암슬러격자로 확인 할 수 있는 질환들,"현재 눈 상태 증상을 검색해보니 황반변성이라는 질환과 증상이 같은 것 같습니다.

자가진단으로 암슬러격자 테스트를 해보니 중심점 왼쪽 윗쪽이 휘어보이는데요.

이런 증상이 나타날 수 있는 다른 안 질환들이 어떤 것들이 알고 싶습니다.

황반변성에서만 이런 증상이 나타나는 건가요?",C2,,tri_llm_consensus
T-0863,2019,"의료기관, 의료인, #눈질환, #황반변성, #지식인카드, #지식인카드답변, #플레이스URL, #황반변성수술, #황반변성, #황반변성치료, #황반변성치료법, #동영상답변, #지식iN동영상답변, #지식인카드, #지식인카드답변, #플레이스URL, #안과한의원, #황반변성수술, #지식인카드, #지식인카드답변, #플레이스URL",황반 변성 수술,"제가 분덩서울대 병원 안과를 다니는데, 거기서는 황반 변성 수술은 안 된다고 하더라고요.

혹시 국내서 황반변성을 수술할 수 있는 병원이 있나요?",C3,C8,tri_llm_consensus
T-0864,2019,"안과, #안과, #황반변성, #건성황반변성, #습성황반변성, #황반변성건성에서습성으로",황반변성!!!!황반변성 건성에서,"습성으로 갈러면 몇달쯤 걸리나요??

황반변성은!!!!",C6,,tri_llm_consensus
T-0865,2019,안과,황반변성에 대하여,"지인의 질문입니다.

만약 눈에 습성황반변성주사를 맞게 된다면 맞는순간 아프지않나요? 그리고 주사구멍으로 유리체액이 세지는 않나요? 그리고 주사맞은후 안대는 지속적으로 하고 있나요?",C9,C9,tri_llm_consensus
T-0866,2019,"비뇨의학과, #안과, #황반변성, #황반변성치료, #황반변성증상, #황반변성한의원, #황반변성병원, #삼출성황반변성, #비삼출성황반변성, #삼출성황반변성치료, #비삼출성황반변성치료, #동영상답변, #황반변성, #황반변성치료, #황반변성치료, #황반변성한의원, #지식인카드, #지식인카드답변, #플레이스URL, #황반변성, #지식인카드, #지식인카드답변, #플레이스URL, #오큐실, #아미넥스코리아, #황반변성, #안과, #녹내장, #황반변성증상, #황반변성주사, #황반변성전문, #황반변성치료, #황반변성예방",황반변성이요 ......,습성으로 발병할러면 보통 얼마나걸리나요???,C6,,tri_llm_consensus
T-0867,2019,안과,황반변성 증상 .. 치료관리..,"점점 시력도 떨어지고 안좋아지고 있습니다

황반변성 증상 치료 도움되는것줌 알려주세요

황반변성 치료 어떻게 하세요

병원에서 하는 치료 말고

황반변성 관리 하는 방법 조언 부탁드려요

이상한답은 사양입니다",C5,C3;C2,tri_llm_consensus
T-0868,2019,안과,저희엄마가 77세이신데 현제 황반변성...,"저희엄마가 77세이신데 현제 황반변성으로

치료중에있어요 .양쪽눈 번갈아가며 주사를맞고계시는데

엄마는 효과없다하시네요

지인분이 수술하셔서.잘보인다고하시나봐요

엄마도 수술하시고싶다고 하시는데

어찌하면좋을까요?

금액도 비싸단데...",C3,C4;C6,tri_llm_consensus
T-0869,2019,안과,"녹내장, 황반변성 예방검사를 받을때, 안저검사로만 가능한가요?","저는 마이너스10 정도의 고도근시라서,

일 년에 한번 정도 정기적으로 안과를 찾아가서 녹내장과 망막(황반변성) 검사를 받는데요

동공을 확대시키는 점안액을 넣으면 하루종일 불편하더라고요

그런데, 안저검사라고, 사진촬각 하는 것만으로 검사받을수도 있다는데..

저는 안과 갈때마다 점안액도 넣고, 안저검사도하고 둘다 했던것 같습니다.

질문은, 점안액넣어서 동공확대시키는 것은 필수가 아니라 선택인가요?",C2,C2,tri_llm_consensus
T-0870,2019,안과,우안 황반변성 시작이라는 데..,"눈이 불편해서 안검사를 했는데 우안이 변성이 시작되어 현재 건성이라고 합니다.  광학CT촬영하니까

신경분포가 황반바로 밑이 위로 솟구쳐 오른 현상이 보이는데  걱정이 많이 되네요.

주치의는 2개월에 한번씩 진행정도를 점검하자고 하지만 언제까지 해야되고 시력은 어떻게 되는지

궁금하고요.  지금은 우안이 찜찜한  느낌이 많이 듭니다.",C6,C2,tri_llm_consensus
T-0871,2019,"안과, #황반변성, #시기능이상, #시기능훈련, #비전테라피, #시기능재활훈련",안녕하세요 저의눈에이상한 초콜릿모양 같은게보여요,"안과에서. 아무런 이상없다고 했어요

그런데 제시야에요

밤에특히 잘보이는데요 시야에

하얀선같은게 투명한게 얆은 선같은것들이 막 나란히 있고요

특히 자다 깨거나 하면 천장에 십자가 같은게 나란히

이어져서 수십개가 있는 느낌이에요

이게 요즘 진하게 더 잘보이는 느낌인데

제가 눈이 황반변성에 여러가지 이상해서

하루에도 수십번씩 눈가리고 체크하고 눈가리고 체크하고를 매일반복하니 눈도자주 욱신거리고

그런것때문에 눈이혹사되서 이상증세가 온걸까요?

제증상이 밤에 자다일어나서 눈뜨면 일시적으로 하얀선같은 십자가모양들이 이어지듯이 무슨 초콜렛 오록볼록한 그런느낌으로 징그럽게 보이고요 눈뜰때만 그러고 사라져요 그리고눈깜빡거리며 몇십초있거나 불키고 있다끄고하거나 하면 사라지고요 생활에 불편함은 없는데 징그러운 형상처럼 되서 기분나빠요

그리고 이것만이 아니라 황반변성등등 여러가지로 정말 걱정이 많네요..

(아그리고 황반변성 주사 3번 아바스틴이란거 맞았는데 병원에선 그거때문일수도있다는데요 그게맞은지 2달쯤이라 이제와서 그럴거같지 않아서..

그리고 제가정신적으로 불안감 집착감 같은게 많아서 당연하겠지만 건강염려증이 생긴건지 붛안해서 매일 하루에 수십번씩은. 눈가리고 확인하고 가리고 확인하고 깜빡거리며 체크하고 눈도욱신거리고 매일 이러는데 이러면 멀쩡한 눈에도 시기능이상이라던가 이상한 증상이오겠죠?

어제 한쪽눈가리면 반대쪽눈이 겹쳐지듯 부분적으로 어두웠다 되돌아왔다 증상으로질문을했는데 박사님이 답변주셔서 제글에 설명해준 사람이 처음이라 마음이 조금은 편해지고 정말 감사했습니다

무서웠는데 그냥지내도된다고 하셔서 일단 경과를 지켜보고 있습니다

하루만에 또증상 보내서 죄송합니다 글읽어주시면 감사합니다..",C9,C9,tri_llm_consensus
T-0872,2019,"안과, #맹점",선생님 제눈에맹점이 커져요..,"사람눈에 맹점이요.. 사람은 원래 안보이고 느낄수가 없대요 근데 저는 딱 맹점위치에 아예안보이고 빨간색이면 그주위색이 있는거고 맹점이진짜맞아요..

한쪽눈씩 봐야 보이고 두쪽눈으로보면 안보여요..

서울병원까지가서 여러검사했고 시야결손이나 뭐 암점이나 다른거아니고 제가 아주아주아주 예민하면 그럴수도있다고 들었어요.. 이해 안가더라도 진짜 맹점이라고 생각하고 봐주세요..

어쨋든 그맹점이요 제가 초등학교때부터느꼇고 신경안쓰고 살았는데 4달전 황반변성치료를 받고 구멍이하나 있다고 레이저를 받았거든요.. 근데 그레이저 받고 나서부터 그 맹점 거짓말아니라 그시야가 텅 안보이는 딱 그부분에 동그랗게 감싸졌다고 해야되나 그렇게 하얀빛이 깜빡깜빡 거렸어요 그게 레이저 하고남은 찌꺼기라고 해서 신경 안썻어요..

근데 오늘 확인해보니 왼쪽 맹점안보이는 부분보다 오른쪽 맹점부분이 더 안보이는 범위가 커졌고 맹점이 더 커진것같아요..

이걸 대체 어떻게하죠? 맹점크기검사를 다시 해봐야되나요 맹점이 보인다는건 상식적으류 불가능하다고 의사선생님들도 생각하셔서 진짜 너무 두렵고 무서워요 만약 이맹점이 계속 커져서 눈이 안보여지면 어쩌나요 아니면 두눈으론 정상인데 계속 커져도 두눈뜨면 보일까요?? 맹점크기도 멀리보면 커지고 작지도않아요..

진짜 상식적으로 불가능한 증상들 때문에 화날정도에요 제가 하루에도 몇십번씩매잏을 눈가리고 깜빡하며 다른증상들 체크하고 그래서매일 눈이 아프고 안구건조증도생기고 그랬는데 그래서 그런걸수도있나요?

맹점이 점점 커져서 시야가 안보이면 어쩌죠?? 너무두려워요.. 이증상에대해 알지 못하셔도 조언하나라도 부탁드려요.. 너무두려워요",C9,C6;C9,tri_llm_consensus
T-0873,2019,"안과, #맹점, #암점, #시기능재활훈련",안녕하세요... 저진짜어떻게 해야될까요,"제눈에 맹점이 보이는데요 사람은 맹점 못느낀다는데

저는 맹점이맞아요 .. 아주아주아주 예민하면 그럴수도 있다고 그래썽요선생님이.. 빨간색에 글같은거 맹점부분에 보면빨간색으로 보이거나 그런맹점 부분들도 다 맞고 진짜 맹점이맞아요.. 서울병원에서 여러검사 다했고 시야결손이나 암점이나 비문증이나 여러가지 절대 아니고 이해가 안되더라도 진짜 맹점이라 생각하고 봐주세요.. 초등학교때부터 그랬고요 한쪽눈으로만 봐야 보이고 두쪽눈은 괜찮은데요 신경안쓰고 살아가 4달전에 황반변성 치료받고 망막레이저 구멍하나있다고 받았는데요.. 오른쪽눈만받았는데 그눈에 맹점 딱 그안보이는 부분에 .. 그안에 채워지듯이 하얀빛이 깜빡깜막 자주 일어낫습니다 현재까지요.. 근데 오늘보니까 왼쪽눈에 안보이는 맹점부분보다 오른쪽 맹점부분이 더 크다는것을 인지했어요.. 제가 하루에도 수십번씩 매일 눈을 깜막거리거나 가리고보거나 하며 검사하고 매잏눈이 욱신거리기도하는데 그런 원인으로 인한 커짐일까요 아니면 진짜 막 이게 맹점이 커져서 안보여질까봐 너무 미치도록 겁이나요.. 어차피 어느병원가도 맹점이 보인다는건 비정상이라 괜찮다고 정상이라고 그럴거같아요.. 근데 진짜 전맹점이 보이고 그맹점이 오른쪽눈에 더커졌어요.. 그래서이게 막 계속커지다 안보여조 혹시 두쪽눈으로보면 만약 그렇다해도 정상으로보일까요?? 이런 비정상적인 증상에 너무 스트레스고 박사님도 잘 모르실거라 생각해요.. 이 맹점이 계속 커질까봐 너무 두렵고 계속 검사하니 엄마가 최선이뭐냐고 그러면서 눈좀냅두라고 계속 그러는데 정말 이맹점이 계속 커져서 눈이 안보일까봐 맹점이 오른쪽이 더 커졌는데 안보이는부분이.. 이게계속 커지면 어쩌죠? 잘 모르시더라도 조언하나라도 부탁드려요 너무 무서워요 정말 이맹점이 멀리볼수록 크고 크기가 작지도않고 제가있는황반변성에 몇배로 큰데 이게 계속 커질지가 너무 무서워요.. 이맹점이 계속 커져도 두눈으로보면 안보이는데 맹점이.. 그럼 두눈으로보면 이게 계속커져도 괜찮을까요?? 비상식적인 증상들로 너무 스트레스를 받아요 .....하. .",C9,C6;C9,tri_llm_consensus
T-0874,2019,"안과, #황반변성, #황반변성치료, #황반변성증상, #황반변성예방",황반변성이 정확히 어떤 건가요?,"요즘 어머니가 눈이 좀 침침하다고 말씀하십니다. 시력이 좋았다 안좋았다를 계속 반복하는 느낌이라고 하시는데 나이는 60대이고요, 원래 안경은 안쓰셨습니다 근데 어머니의 증상을 찾아보니 황반변성이라는 질환이 눈에 많이 보이네요 아직 안과를 같이 가보기 전이긴 한데 황반변성이 정확히 어떤 질환인가요? 치료를 할 수 있는건가요? 실명되거나 그런건 아니죠..?",C1,C3;C6,tri_llm_consensus
T-0875,2019,"의약외품, #동영상답변, #지식iN동영상답변",건강보조제약드시고계시는데 조합이 괜찮은지좀 봐주세요,"엄마께서 건강보조제약을 드시고계시는데 조합이 괜찮은지좀 봐주시면 감사하겠습니다

나이는 54세이고 현재 몸상태는 황반변성진단받으시고 폐경되셨는데 자궁에 근종과선종이있다고 하시네요..

드시고 있는약은

센트롬 실버우먼

뉴트리원-루테인지아잔틴

인테로- 코엔자임Q10

GNM-칼슘 마그네슘 아연 비타민D

과다복용하고있거나 더 추가해야될약 있는거 알려주시면 감사하겠습니다",C5,C9,tri_llm_consensus
T-0876,2019,"건강에좋은음식, #황반변성치료, #녹내장, #오큐실, #루테인, #오큐실루테인, #황반변성녹내장오큐실, #백내장, #황반변성증상, #동영상답변, #지식iN동영상답변, #황반변성치료, #황반변성",황반변성 증상 치료에 좋은음식 있을까요???,"시야가 일그러지고 시력도 떨어졌길래 병원을 가봤더니 황반변성 증상이라고 하네요

지금 치료를 받는중인데 혹시 도움이 될만한게 뭐가 있을까요??

좋은음식이라든지 먹는것 관리를 하면 증상들이 호전되지 않을까 싶어 알아보는중인데

어떤게 있는지 아시는분 답변 좀 해주세요",C5,,tri_llm_consensus
T-0877,2019,"안과, #황반변성치료, #오큐실황반변성, #오큐실, #황반변성에좋은음식, #황반변성원인, #아미넥스, #알파실, #루테인, #오메가3, #황반변성에좋은음식, #안과한의원, #지식인카드, #지식인카드답변, #플레이스URL, #황반변성치료, #황반변성원인, #동영상답변, #지식iN동영상답변",황반변성 증상 원인 뭔가요?? 치료에 도움되는건??/,"병원을 다니는중인데 치료에 도움되는건 뭐가 있는지 알아보다가 글 남기게 되었습니다

황반변성 증상이 나타나는 원인이 뭐가 있는건가요??

문제가 될만한것들을 개선해야지 증상들이 호전되고 좋아질수 있을것 같아서 알아보는중이거든요

그리고 이것 말고도 음식 영양제 약초 등 치료에 도움되는것들도 먹어보려고 그러는데

황반변성으로 고생해보셨거나 아시는분 계시면 답변 좀 해주세요",C1,C5,tri_llm_consensus
T-0878,2019,안과,황반변성 주사 맞은후 렌즈는 언제부터 끼면 좋을까요?,"주사맞은후 일주일정도 있다가 껴도되나요?

제가 매일끼거든요 일욜빼고요

일회용 렌즈예요",C9,C4,tri_llm_consensus
T-0879,2019,안과,안과황반변성,"종합검진을 받고 황반변성이 의심스럽다 안과 진료를 받아라고 통보를 받았습니다

가까운 동네 의원에 연락을 해보니 검사 후 당 병원에서 가능한지 아닌지 알수 있다고 하네요

아니라고 하면 또 큰병원에 가서 검사를 받아야 하잖아요

그래도 동네의원을 먼저 가고 큰병원으로 가는게 맞는지

처음 부터 큰병원으로 가는제 맞는지

물론 개인의 선택이지만

이런 병명에 대해 아는게 없어 의견을 구하고자 합니다",C8,C2,tri_llm_consensus
T-0880,2019,"의료기관, 의료인",서면황반변성 고민이 많아요ㅠㅠ,"저희 남편 쪽이 워낙 눈건강이 안좋은 편이라

남편이 최근 눈이 뻐근하고 증상을

말하니 왠지 황반변성이 의심되요

다소 생소한 질환이라 검색해보니

방치해두면 시력까지 잃을수도 있다해서

걱정되어 이렇게 질문 남겨요.

부산에 거주하고 있어서

서면역 근방에서 치료받을 수 있는곳

추천해주시면 좋을것 같네요ㅎㅎ

서면황반변성 치료 잘하는곳 어디 있을까요?",C8,C2,tri_llm_consensus
T-0881,2019,"건강식품, 의약외품",루테인이 눈 영양제중 가장 좋나요?,루테인이 눈 영양제중 가장 좋나요? 황반변성을 막아준다는데 이게 젊었을때도 중요하나요?,C5,,tri_llm_consensus
T-0882,2019,"안과, #황반변성, #주사, #망막, #안과, #망막질환, #의사",황반변성 주사,"망막에 주사 놓는다는데

의사가 손으로 주사 놓는 건가요?

아니면, 기계로 조작해서 주사 놓는 건가요?

그리고 주사 눈알에 놓는건데 아픈가요?",C4,,tri_llm_consensus
T-0883,2019,"의료기관, 의료인, #황반변성, #안과, #주사, #망막질환, #눈",황반변성 주사 후 당일 출근,"황반변성 진단받고 주사 맞기로 했는데

주사맞고 출근 가능하나요?

지하철 1시간 이상 걸립니다",C9,C4,tri_llm_consensus
T-0884,2019,"장애인복지, #검색질문, #통합검색궁금증, #통합검색질문하기",황반변성으로 취업에 도움되는 복지카드 문의입니다,"45년생 남자입니다

2년전부터 오른쪽 눈에 황반변성이 나타나 희귀질환 혜택으로 안과에서 주사치료중입니다

장애인 복지카드 발급이 가능한지요?

어디서 어떻게 받아야 하나요?

취업에 도움이 될까해서 문의드립니다.",C7,,tri_llm_consensus
T-0885,2019,환경공학,led 형광등이나 전등이 망막에 영향을 주나요?,"제가 얼마전에 안과를 갔었는데 드루젠 초기 (건성황반변성) 이라는 진단을 받았습니다

집에 led 형광등이나 전등이 몇개 있는데 제가 키가 크다보니 불빛을 많이 바라보는

경우가 많았거든요

이런것도 영향이 있을까요?

가정에 led 도 망막에 영향이 있는지 궁금합니다",C1,C5,tri_llm_consensus
T-0886,2019,"대체의학, #메나리, #루테인, #메나리루테인, #눈영양제, #비문증, #황반변성, #녹내장, #백내장, #광시증, #사쿠라노모리코리아, #황반변성원인, #오큐실, #황반변성치료, #황반변성, #눈주사, #녹내장, #루테인, #오메가3",황반변성 원인 뭔가요? 예방할 수 있는 방법이 있을까요?,"황반변성 원인이 뭔가요? 그리고 예방할 수 있는 방법이 있을까요?

건강 프로그램을 보다가 황반변성에 대해 살짝 들었는데

황반변성 원인은 모르겠어서요...

그리고 이게 나빠지게 되면 실명까지 초래할 수 있다고 해서

미리 예방도 하려고 하거든요..

알려주세요!",C1,C5,tri_llm_consensus
T-0887,2019,"약학, #황반변성, #안과질환",황반변성 치료는 어떻게 하나요?,"아버지가 7월에 황반변성을 진단 받으셨는데

그 당시에는 습식과 건식의 경계라고 진단받앗다고 합니다

레이저 치료는 권하지 않았고 약물만 먹고 계시다는데

3개월동안 하루가 다르게 시력이 저하되고 있다고 하세요

그럼 이미 건식이 아니라 습식 황반변성이라고 봐야하는거 아닌지

그러면 약물만 쓸게 아니라 레이저나 주사치료도 병행되야하는건 아닌지 궁금합니다.",C3,C4;C1,tri_llm_consensus
T-0888,2019,안과,한쪽눈에 앞쪽에 흰자부분 노란색이껴있는데 황반인가요??,한쪽눈 흰자쪽 노란색이 껴있는데 이게 췌창암증상일수있는거고 혹시 이런게 황반이낀건가요??ㅜㅜ황색같기도하고ㅜㅜ 황반변성인가요??,C2,,review_pool_R1_v5b
T-0889,2019,"응급의학과, #안과, #황반변성, #황반, #암슬러격자, #눈, #시야",암슬러 격자가 휘어보이는데...황반변성일까요?,"최근 며칠 동안 암슬러격자로 테스트를 해보았는데 10초이상 보면 격자가 휘어보입니다.

눈 깜빡이면 다시 제대로 보이는데 깜빡이지 않고 10초? 15초 이상 길게 보면 휘어져요. 물결모양으로.

이게 도대체 몇초간 봐야하는지도 모르겠고... 어떤분들은 처음에 눈떠서 봤을 때 정상이면 괜찮다고 하던데 이게 맞는걸까요? 지금 밤새고 눈도 뻑뻑하고 피곤해서... 이렇게 보일 수 있는건가요 한달인가 두달전쯤엔 전혀 문제 없었거든요. 걱정됩니다...",C2,,review_pool_R1_v5b
T-0890,2019,안과,백내장 녹내장 황반변성등 안질환...,"백내장 녹내장 황반변성등 안질환에

안찜질이 도움이 되나요?

얼마나 해야 되나요?",C5,,tri_llm_consensus
T-0891,2019,"의료, 상해 보험, #황반변성주사, #안과치료, #지식인카드, #지식인카드답변, #플레이스URL, #황반변성치료, #안구건조증, #결막염, #동영상답변, #지식iN동영상답변, #지식인카드, #지식인카드답변, #플레이스URL, #황반변성, #황반변성한의원, #지식인카드, #황반변성치료, #황반변성",황반변성 질문합니다,황반변성시 항체주사 한번으로 효과가 나타나나요?,C4,,tri_llm_consensus
T-0892,2019,안과,황반변성 자가진단이 있길래,해봣더니 한쪽 눈을 가리고 휴대폰 화면을 오래 보면 휴대폰 화면이 검은점빼고는 다 검은색으로 뒤덮여요 그래서 눈깜빡이면 다시 되돌아오고 또 오래 보면 그렇게 보여요.. 그냥 두눈 다 떴을땐 안그러는데 유독 한쪽눈 가리고 보면 화면이 검은색으로 뒤덮이다가 또 깜빡이면 없어지고.. 심각한 상황인건가요ㅜㅜ,C2,,review_pool_R1_v5b
T-0893,2019,안과,황반변성 주사치료,"저희 아버지께서 항반변성으로 인해서 항체주사치료를

주기적으로 받고계시는데 계속주기적으로 주사맞고관리하면

더 좋아지지는 않더라도 유지는계속될수있나요?

완치는안된다고하던데 하루하루 겁에 질려사는아버지를보니 피눈물이나옵니다

그리고 주사치료는 계속주기적으로맞아야되는건지요",C4,C6,tri_llm_consensus
T-0894,2019,건강상담,서면황반변성 한방치료하는곳 있나요?,"언젠가부터 사물을 볼 때마다

조금 휘어 보이는 것 같아서

걱정되서 증상을 찾아보니

황반변성이라는 질환이 있더군요

수술을 꼭 해야 하는 질병인건지...

한의원에서 치료해주기도 하던데,.

서면황반변성 한방치료

잘하는곳 알고 있으신가요?

추천부탁드립니다.",C8,C3,review_pool_R1_v5b
T-0895,2019,"의료기관, 의료인, #황반변성, #황반변성치료, #황반변성한의원, #황반변성병원, #동영상답변, #지식iN동영상답변, #지식인카드, #지식인카드답변, #플레이스URL, #황반변성, #황반변성치료, #황반변성, #황반변성한의원, #지식인카드, #지식인카드답변, #플레이스URL",황반변성에 대하여,황반에 노란색의 드루젠이 있다고 하는데 건성황성변성이 아닐수도 있나요?,C2,C2,tri_llm_consensus
T-0896,2019,안과,안구 황반변성 안대 착용,외출이 잦은데 안대 착용하는게 도움이될까요?,C5,,tri_llm_consensus
T-0897,2019,"영양제, 건강보조식품",헤마토코쿠스에 대해 궁금해요~,"안녕하세요~

황반변성 초기라는 진단을 받았어요.

루테인(20mg)과 아스타잔틴(헤마토코쿠스) 6mg 함유된 눈영양제와

크릴오일을 함께 먹어도 괜찮은지 궁금해요.

크릴오일엔 아스타잔틴이 20.7 마이크로그램 들어있다고 하는데 눈영양제랑 같은

오남용이 아닌가 걱정스러워서요~

그리고

루테인 +지아잔틴 영양제와 크릴오일을 먹는게 나을까요?

아님

헤마토코쿠스 함유된것과 크릴오일 먹는게 나을까요?

현제 크릴오일을 먹고 있는데 눈 영양제 하나 더 먹으려구요~",C5,,tri_llm_consensus
T-0898,2019,안과,녹내장 검사하면 황반변성 찾을 수 잇나요?,"삼주정에 녹내장 검사햇는데 산동액 넣고 하진 않앗가든요

근데 요새 황반변성 증상이 잇는 것 같습ㄴ다...

안과 가보긴 할건대 보통 녹내장 검사에 안나오나요?",C2,,review_pool_R1_v5b
T-0899,2019,"안과, #황반변성치료",황반변성 레이저 후 눈 초점이 안맞아요.,"황반변성이 있어서 양쪽 다 레이저 치료를 월요일 받았습니다 월요일 저녁에 눈 초점이 안맞는 느낌? 앞이 흐릿하게 보이는 느낌이 들었는데 산동제 때문이라 생각하고 잠들었고 화요일에도 그냥 하루 종일 눈 앞이.흐릿하게 보입니다 눈이 좀 충혈되어있구요

전에 레이저치료를 했을때는 하루 지나고 나서까지 눈 앞이 흐릿하진 않았던것 같은데 이상이 있는건가요?",C9,C3,tri_llm_consensus
T-0900,2019,"대체의학, #황반변성안과, #안과질환, #지식인카드, #지식인카드답변, #플레이스URL, #황반변성치료, #안구질환, #지식인카드, #지식인카드답변, #플레이스URL, #황반변성, #황반변성치료, #황반변성, #황반변성치료법, #동영상답변, #지식iN동영상답변, #지식인카드, #지식인카드답변, #플레이스URL",부산황반변성 수술말고 방법이 없나요?...,"부산황반변성 수술말고 방법이 없나요?

최근 사물이 흐릿하게 보이고 눈이

남들보다 부시는 느낌이 강하게 나타나서

검진을 받았더니 황반변성을 진단 받았어요

황반변성은 놔두면 실명으로 이어진다해서

치료를 진행해보려고 하는데 좀 신중한

선택으로 여러 군데 알아보고 있어요

근데 제가 직장인이라 레이저 치료는

시간이 없어서 좀 어려울것 같은데

다른 치료할 수 있는 방법이 없을까요?

제가 지금 부산에 거주 중이라

부산황반변성 유명한 곳 추천 좀 부탁드려요~!",C3,C8,tri_llm_consensus
T-0901,2019,"기타, #황반변성, #황반변성",황반변성이 뭔가요?,"황반변성이 뭔가요?

실명위험까지 될 수 있다던데...

증상 알려주세요!",C1,C2,tri_llm_consensus
T-0902,2019,"건강에좋은음식, #황반변성영양제, #황반변성치료, #황반변성, #오큐실, #녹내장증상, #황반변성증상, #아미넥스코리아, #amynex, #net, #황반변성, #황반변성치료, #황반변성한의원, #황반변성치료, #지식인카드, #지식인카드답변, #플레이스URL",황반변성에 좋은음식 알려주세요........ 치료제 영양제 같은건 없을까요??,"주사 치료를 받는중인데 시력이 많이 떨어졌고 사물이 여전히 찌그러져 보이기도 해서

치료에 도움되는것들을 먹으며 관리를 한번 해보면 어떨까 싶어서

황반변성에 좋은음식과 치료제 영양제 알아보다가 글 남기게 되었습니다

효과 좋은건 무조건 먹을 생각인데 어떤게 치료에 도움이 되는지 아시는분 답변 좀 해주세요",C5,,tri_llm_consensus
T-0903,2019,장애인복지,장애진단서 문의요,"할머니께서 황반변성으로 시력을 잃어가고 계신데요

한쪽눈은 아예 초점도 안맞고 로컬안과 의사말로는

거의 실명상태라합니다 다른한쪽눈도 황반변성이 진행되고 있는상태라하고요

그래서 시각장애인 등록을하고싶은데

로컬안과에서는 장애진단서발급이 안된다하는데

대학병원가서 진료보고 받아야되나요?

장애등급이 나올까요? ㅠㅠㅜㅜㅜㅜ",C7,C8,tri_llm_consensus
T-0904,2019,질환영양,황반변성 치료 중인데 좋은음식 같은게 있을까요??,"병원을 다니는중인데 황반변성 치료에 도움되는것들을 알아보다가 글 남깁니다

황반변성에 좋은음식 같은걸 먹으면 증상이 호전되지 않을까 싶어 알아보는중인데

어떤걸 먹으며 관리를 해야지 치료에 도움이 될수 있는건지.....

경험 있으시거나 아시는분 답변 좀 해주세요",C5,,tri_llm_consensus
T-0905,2019,"건강식품, 의약외품",황반변성 증상 치료에 도움되는건??/ 영양제 같은게 있을까요???,"지금 병원을 다니면서 황반변성 치료중인데요

혹시 황반변성 증상에 좋은 영양제 같은게 있을까요????

치료에 도움되는것들을 알아보는중인데 먹는것 관리를 하는게 좋을것 같아서

챙겨먹을만한 영양제 알아보다가 이렇게 글 남기거든요

효과 좋으면 무조건 먹을 생각인데 어떤게 도움이 되는지 아시는분 답변 좀 해주세요",C5,,tri_llm_consensus
T-0906,2019,"안과, #황반변성, #황반변성치료, #안구질환, #황반변성, #지식인카드, #지식인카드답변, #플레이스URL, #시력저하, #황반변성, #결막염, #동영상답변, #지식iN동영상답변, #지식인카드, #지식인카드답변, #플레이스URL",황반변성 자가진단 어떻게 하나요?? 치료에 대해서도 조언 좀....,"사물이 찌그러져 보이는데 알아보니간 황반변성이라고 그러네요

시력이 좀 떨어진것도 있어서 병원을 가보려는데

혹시 황반변성 자가진단 어떻게 하나요????

그리고 치료는 어떻게 받아야지 일그러진 시야가 원래대로 돌아오고

시력도 떨어지지 않을까요????

아시거나 경험 있으신분 계시면 어떻게 해야 좋아질수 있는건지 답변 좀 해주세요",C2,C3,tri_llm_consensus
T-0907,2019,"영양제, 건강보조식품",황반변성 영양제 추천 좀 해주세요,"주사 치료중인데 먹는것 관리를 한번 해보려고

황반변성 영양제 알아보는중인데 어떤게 치료에 도움이 될까요???

효과 좋은건 무조건 먹을 생각인데 어떤게 있는지 아시는분 답변 좀 해주세요",C5,,tri_llm_consensus
T-0908,2019,"안과, #황반변성, #황반변성증상, #황반변성, #눈질환, #지식인카드, #지식인카드답변, #플레이스URL, #황반변성에좋은음식, #황반변성, #지식인카드, #지식인카드답변, #플레이스URL, #황반변성증상, #황반변성치료, #동영상답변, #지식iN동영상답변, #지식인카드, #지식인카드답변, #플레이스URL",황반변성 수술 받아야 하나요??? 주사로 완치 힘들까요??,"주사 치료 중인데 완치 힘들까요???

시야 일그러진것도 그렇고 시력이 많이 떨어졌거든요

어찌해야 좋을지 고민중에 글 남기게 되었는데 황반변성 수술 받아야 하는건지...

아니면 주사 치료로 좋아질수 있는건지....

경험 있으시거나 아시는분 답변 좀 해주세요",C3,C4,tri_llm_consensus
T-0909,2019,질환영양,황반변성 원인 치료에 대해 답변 좀.... 좋은음식 같은건 뭐가 있을까요??,"주사 치료중인데 혹시 황반변성 원인이 뭐가 있나요????

그리고 치료에 도움이 될만한 좋은음식 같은건 어떤게 있을까요????

병원을 다니고 있지만 좋아지는게 없는것 같아서

제가 할수 있는것들을 뭐든 시도를 하고 개선을 해보려고

황반변성 원인과 치료에 좋은음식이 뭐가 있는지 알아보는중인데

혹시 아시는분 계시면 답변 좀 해주세요",C5,C1,tri_llm_consensus
T-0910,2019,대체의학,황반변성 주사 어떤가요?? 치료에 대해 조언 좀....,"시야가 일그러져보였는데 자가진단을 해보니 황반변성이더라구요

그래서 치료에 대해 알아보다가 글 남기게 되었는데

황반변성 주사 효과 어떤가요??

꾸준히 맞으면 좋아질수 있을까요???

그리고 치료를 받는중 제가 따로 해야 할 관리가 있을까요???

시력도 좀 떨어진것 같아서 그러거든요

안과를 가봐야 알겠지만 어떻게 치료를 받아야 하는지.....

경험 있으시거나 아시는분 조언 좀 해주세요",C4,C5;C2,tri_llm_consensus
T-0911,2019,분자생물학,노인성 황반변성인가요?,"- 평소 당뇨, 고혈압, 고지혈증 있음(약 잘안챙겨먹음)

- 50년째 흡연

- 과체중

- 추운겨울날 길을 걷다 어지럼증을 느껴 기둥을 잡고섰는데 힘이빠지면서 한쪽눈이 흐릿하게 보임

- 앉아서 몇 분 쉬고나니 완화됨

심장문제가 아니라면 황반변성이 제일 그럴듯 한데 무슨 질환의 증상일까요? ㅜㅜ",C2,C1,tri_llm_consensus
T-0912,2019,"장애인복지, #장해진단서, #시각장애인, #장애인등급판정, #시각장애등급, #장애인등급신청",시각장애 진단 가능여부,"저는 13년도쯤에 아이 뒷머리에 좌안을 부딫혀 좌안 중심부에 출혈이 있어 주사를 맞은후

혈액이 좌안 중안신경에 굳어 중앙 시신경이 손상됐습니다.

그로부터 4년뒤 17년말에 우안도 황반변성 진단을 받고 치료중입니다.

좌안은 그떄 출혈로 인해 황반변성이었는데 그걸 모르고 치료를 늦게해 시신경이 손상된것입니다.

현재는 우안은 황반변성 주기적으로 치료중으로 그나마 잘보이는편인데요.

좌안은 중앙신경손상으로 인해 눈 중심부는 안보이고 테두리만 보이는상태입니다.

김안과병원에 문의해보니 전체가 다보이지 않는 이상 장애판정이 어렵다는데요.

저는 좌안으로 사람을 보면 사람 얼굴이 안보입니다. 몸통만 있는 귀신처럼요.

그리고 운전중에 우안을 잠시 감고 좌안으로 보면 운전이 불가능합니다. 중앙이 안보이니까요.

그런데 만약에 운전중 우안에 뭐라도 들어간다 치면 생각만해도 끔찍한데요.

좌안은 생활에서 전혀 쓸수가 없는 지경인데요

가운데만 안보인다는 이유로 장애가 인정 안된다는건 이해가 가지 않아서 질문드립니다.

제 지인중에 시각 장애인분이 있는데 김안과병원을 안좋게 이야기 해서요.

장애진단이 안나오는게 맞는겁니까?

개인적으로는 진짜 이해가 안가서요. 현재 좌안이 안보이는 상태에서

혹여 우안도 안좋아질까봐 노심초사 하고 있는데요.ㅜㅜ

정확한 장애 진단을 위해 어느병원을 가보는게 나을지 조언좀 부탁드립니다.

안보이고 사는데 너무 억울하잖아요.. 이제 40초반인데 우울합니다..",C7,C8,tri_llm_consensus
T-0913,2019,"안과, #황반변성, #안과",황반변성 수술후,"황반변성 가스주입후 엎드려 있어야된다해서

그러고있는지 3일짼데

계속 엎드리고 또는 고개를 숙이고 있어서 그런지

눈 꺼풀?? 눈동자를 덮는 살이 부어버렸는데 다래끼나서 부엇는거처럼 부엇는데

계속 엎드리고 고개를 숙이고 있어서 그런가요??ㅜ

아프진않은데 부엇네요ㅜㅜ심하게ㅠ",C9,C3,tri_llm_consensus
T-0914,2019,안과,아버지께서 왼쪽 눈 아래쪽이 뿌옇다고 하십니다.,"그제(11/7) 눈이 좀 빨가셨었는데

오늘(11/9) 오후 1시쯤부터 왼쪽 눈 아래쪽이 뿌얬다고 하십니다.

통증은 없고 시력 저하도 없다고 하시네요.

토요일이라 퇴근 후에 병원 가기가 어려워서 월요일에 가려고 하는데,

백내장 녹내장 황반변성 이런 건 아닐지 걱정됩니다.

평소 건강체질이시고 운동도 가끔 하십니다. 수면시간이 길지는 않고 위장 문제도 없습니다. 정기 건강검진에서도 큰 문제 없는 걸로 나옵니다. 혈압은 약간 있는데 당뇨 같은 건 없구요 오늘 스트레스 받는 일이 좀 있었습니다.

찾아보니 무슨 증상이면 몇 시간 이내에 병원을 가야 하고 뭐 이런 게 있어서...월요일에 병원 가 보셔도 괜찮은 거겠죠...? 걱정되네요.",C2,,tri_llm_consensus
T-0915,2019,건강보조기구,서면황반변성 추천 좀 부탁드립니다....,"서면황반변성 추천 좀 부탁드립니다.

저희 아버지께서 어느 순간부터 눈이

잘 안보이시는 것 같아서 검진하였더니

황반변성 진단을 받았습니다.

들어보니 증조부께서도 안구관련 쪽으로

건강이 안좋으셔서 시력이 점차 잃으셨다던데

저희 아버지도 유전적 요인인 것 같아서

걱정이 이만저만 아닙니다.

황반변성은 시력을 잃을수도 있다하여

치료가 시급한데요 약물복용 하시는 것이

많아서 양방 쪽으로는 힘들 것 같고

한방쪽으로 치료를 생각 중인데

거주지가 서면이라 근방에서 진료 받았으면 합니다.

서면황반변성 잘하는 곳 추천 좀 부탁드립니다.",C8,C3,tri_llm_consensus
T-0916,2019,안과,노인성 건성황반변성,"지인의 경우입니다.

노인성 환반변성인데 건성이라고 하더군요 형광검사는 몇년전에도 안했습니다.

그런데 건성인데도 계속 시력이 나빠지고 있다고 해서 질문입니다.

이경우는 습성의심인가요 아니면 건성도 노인인경우 나빠지는 경우가 있나요?",C1,C2,tri_llm_consensus
T-0917,2019,안과,황반변성 원인 좀 알려주세요..,"제 동생이 황반변성 판정을 받았다네요.... 증상을 들어보니까 저랑 비슷한데...

저는 아직 괜찮거든요 ... 황반변성 원인이 뭔가요... 알아야 예방을 할 수 있을 것 같아서요...

가능하면 황반변성 원인이랑 예방 관리 방법까지 알려주시면 감사하겠습니다..",C1,C5,tri_llm_consensus
T-0918,2019,안과,황반변성 노안오면서 같이?,"노안이랑 백내장 차이 알아보고있었는데

황반변성은 또 다른 분류인가요??

노안이랑 백내장 차이부터 정확히

집고 넘어가고싶어요..",C1,,tri_llm_consensus
T-0919,2019,"건강식품, 의약외품",황반변성 영양제 알아보는데 어떤 걸 살까요?,"안녕하세요 이번에 TV를 보고 황반변성 영양제 사려고 하는데 어떤 걸 사야할지 모르겠어요ㅠㅠ

루테인을 사야하는지 오메가3를 사야하는지 헷갈리는데 황반변성 영양제 추천 좀 해주세요~",C5,,tri_llm_consensus
T-0920,2019,건강상담,부산황반변성 잘하는 곳 추천부탁드려요,"아버지께서 눈이 잘 안보이신다 하여

그냥 노안 이겠거니 하고

돋보기 안경을 맞춰드려야 하나 고민하다가

계속 보이지 않는다 말씀하셔서 검진을 받았더니

황반변성이 이미 진행된 상태라고 진단받았습니다.

이제라도 치료를 시작하려 하는데

제가 어디가 잘하는지 몰라서요

혹시 부산 쪽에 거주하고 있어서 그런데

부산황반변성 치료 잘하는 곳 이나

효과를 보신분 있으시면

추천 좀 부탁드립니다!",C8,,tri_llm_consensus
T-0921,2019,"건강식품, 의약외품",황반변성 자가진단 해봤는데 건강 챙기려면 어떤게 좋을까요?,"안녕하세요 이번에 TV를 보고 황반변성 자가진단을 해봤는데 황반변성 자가진단 결과

좀 안좋은 것 같아서요 그렇다고 병원갈 정도는 아니고 영양제를 먹을까 하는데 어떤 걸 사야할지 모르겠어요ㅠㅠ

황반변성 자가진단 해봤을때는 검색해보니 루테인을 사야하는지 오메가3를 사야하는지 헷갈리는데 영양제 추천 좀 해주세요",C5,C2,tri_llm_consensus
T-0922,2019,안과,황반변성증상일까요?,어느날 갑자기 오른쪽 눈이 뻑뻑하더니 시야에 뭔가 번쩍이는게 보이는듯해서 안과병원에서 검사를 했습니다.별 이상이 없다해서 처방해준 안약만 투여했는데 계속 심해집니다.왼쪽을 가리고 보면 오른쪽 눈으로는 후레쉬빛도 감지가 안되고 신호등도 감지가 안됩니다.아예 거의 검게 보입니다.며칠전에는 부분적으로만 검게 보이던게 더 심해진겁니다...,C2,,review_pool_R1_v5b
T-0923,2019,"의료기관, 의료인, #안과, #황반변성수술, #오큐실, #황반변성을극복하는사람들, #녹내장, #루테인, #제아잔틴, #눈주사, #알파실, #황반변성, #황반변성치료",황반변성 수술가능하나여?,황반변성 수술가능한가여??!!!,C3,,tri_llm_consensus
T-0924,2019,"외과, #탈모약부작용, #탈모치료잘하는곳, #머리숱많아지는방법, #부산탈모전문병원",습성황반변성과 탈모미녹시딜관계,"황반변성으로 아바스틴주사2회맞았고

망막에도 레이져치료했읍니다

그러는중 탈모로 미녹시딜바른지2주되었는더

미녹시딜바르면 안압이높아진다는데 괜찮을까요

또한 황반변성의 신생혈관이생성될까걱정도됩니다",C9,C4,tri_llm_consensus
T-0925,2019,성인영양,황반변성 영양제좀 추천해주세요..,"제가 이번에 황반변성 위험 단계라며 관리를 해줘야 한다는 소리를 듣게 됐어요...

황반변성 영양제 이런게 요즘 잘 나와 있다고 먹어보라는데... 종류도 너무 많고

뭐가 좋은 건지 구별하기가 어렵네요... 직접 드셔보신 황반변성 영양제로 추천부탁드립니다.",C5,,tri_llm_consensus
T-0926,2019,건강상담,부산황반변성 치료해야되요ㅠㅠㅠ,"다름이 아니라 저희 부부가 맞벌이라

어머니께서 저희 아들을 봐주고 있으신데

최근 무리를 하셔셔인지

원래 시력이 좋지 않으시긴 하지만

유독 선?이나 물체를 보고 비뚤어져

보인다는 말씀을 하세요

지금 저희집에 있는김에 진료받고

만약 문제가 있다고 하면 치료도

받아볼 생각인데,,

부산황반변성 치료하는곳

추천부탁드립니다.

참고로 어머니 나이는 50대 입니다.",C8,C2;C3,tri_llm_consensus
T-0927,2019,"안과, #혈액순환에좋은운동, #발목펌프운동",황반변성 증상,"얼마전 오른쪽 눈에 황반변성 진단을 받았는데요,물체의 중심이 희뿌였게보여 글씨를 알아볼수 없습니다.그런데 어느 순간부터 두눈을 감고있으면 마치 칠흙같은 어두운 야밤(운전중)에 상대방 차량의 상향 라이트를 본것처럼 강력한 섬광이 짧은순간에 오른쪽 눈에만 하루에 한두차례 정도 나타났다 곧바로 사라지곤 합니다,증상이 더 악화되는 현상인지 혹시 이와 비슷한 경험을 가지신 분의 경험담이나 안과 전문의 분의 고견을 듣고자 문의 하오니 시원한 답변을 기대합니다. 아울러 치료법은 없는지 궁금합니다.",C6,C2;C3,tri_llm_consensus
T-0928,2019,"한방 안과, 이비인후과, #황반변성, #황반변성음식, #황반변성치료, #황반변성관리, #황반변성루테인",황반변성에좋은음식 뭐가 있나요?,"안과검진으로 황반변성이 있다는 진단을 받았습니다

평소관리가 중요하다고 해서 황반변성에좋은음식을 챙겨 먹어볼까하는데

황반변성에좋은음식으로 추천하는 게 있다면 알려주세요~",C5,,tri_llm_consensus
T-0929,2019,안과,황반변성은 망막정밀검사로 알수있나요?,제곧내에요 황반변성은 망막정밀검사로 알수있는건가요?,C2,,tri_llm_consensus
T-0930,2019,"안과, #황반변성수술, #황반변성병원, #지식인카드, #지식인카드답변, #플레이스URL, #황반변성병원, #황반변성한의원, #지식인카드, #지식인카드답변, #플레이스URL, #황반변성, #눈건강관리, #동영상답변, #지식iN동영상답변, #지식인카드, #지식인카드답변, #플레이스URL",황반변성 수술가능한가요??,,C3,,tri_llm_consensus
T-0931,2019,국민기초생활보장,기초수급자 근로능력평가,"57년생 63세입니다

사기를 당해 국가에 파산신청해두었으니 재산은 전혀없고 제 통장도 없습니다

살길이 막막해 기초수급자신청을하려니 근로능력이 없음이 나와야된다는데 가능한지 봐주세요

30년이상 간질약 복용중인데 가끔 나타나지만 약 먹으면 거의 발작은 없습니다

한쪽눈 황반변성으로 두달마다 시술들어갑니다

어릴때한쪽 귀 고막을 들어내서 없습니다

가능하다면 세 곳다 병원에서 진단서를 끊으면되는지요

아참 자식은 둘 있는데 둘다 부양의무자 소득보다 밑이라 걸림돌이 되지않습니다",C7,,tri_llm_consensus
T-0932,2019,안과,혈압과 황반변성의 관계는 뭔가요~,고혈압이면 안압검사만 하면 되는 줄 알았는데 황반변성도 검사해 봐야 한다한다던데요 어떤 상관관계가 있나요~,C1,C2,tri_llm_consensus
T-0933,2019,"안과, #안과, #황반변성, #루테인",황반변성 질문요,"인터넷으로 그 초점 보는거봣는데

아주 살짝 왼쪽만 휘어져보이는데 병원가서

검사해야되나요? 해야된다면 검사비용은얼마나되나요?",C2,C7,review_pool_R1_v5b
T-0934,2019,"안과, #황반변성, #망막변성, #오큐실, #아미넥스코리아, #아미넥스USA, #녹내장, #황반변성치료, #황반변성증상, #눈영양제",황반변성 자가진단 검사 눈관리 어떻게 ...,"황반변성 자가진단 검사 하는 방법 아세요 ?

눈관리 열심히 잘 해야 된다고 황반변성 방치하면 더 심해진다고 병원에서 그러는데

어떻게 해야 황반변성 잘하는건지 검사 방법 조언 해주세요

황반변성 때문에 시력도 떨어졌고 ..

눈관리 방법 조언 해주세요",C2,C5,tri_llm_consensus
T-0935,2019,국민기초생활보장,별도가구 인정특례(자녀와함께 거주),"저는 39살 4인가구(남편 저 8세 4세)

8세아들이 심한장애

맞벌이로 500쯤 월수익 사기당해 재산은없음

친정어머니 63세 황반변성으로 산정특례(근로능력없음)

파산면책작년에받아 재산도 없음

여기까지 조건으로는 저희가구에 중증장애인이 있어 제가 부양의무없어

친정어머니 기초수급자 신청 가능하다고 들었습니다

엄마가 주거급여받아서 200에 28만원짜리 월세 구하려는데

4인가족이(저 아들둘 남편) 엄마와 함께 등본에 올라가도 엄마가 수급받는데 문제없을까요?

결혼한 자녀는 별도가구 인정특려로 인해 엄마와 등본상 같이 있어도 엄마가 1인가구로 보는것이 맞는지요?

저희가 500벌어도 큰아들 치료비와 사기당해 빚이 많이 갈곳이 없어 엄마집에 다같이 있으려하는데

딸과 함께 등본상 같이 있어도 되는지 궁금합니다",C7,,tri_llm_consensus
T-0936,2019,"건강식품, 의약외품",의약품과 건강보조제 복용,제가 혈압약 엑스포지 정 5/80 황반변성약 레티나 정 250mg 복용중입니다 근데 제가 직업상 식사 시간이 일정 안해서 센트룸 비타민c 비타민d 오메가3 루테인 이렇게 같이복용해도 괜찮은지 궁금합니다 혹시 복용방법이나 순서등 알려주시고 피해야 하는 건강보조제가 있는지 알려주세요,C9,C5,tri_llm_consensus
T-0937,2019,미용도구,황반변성증상에 효과 좋은거?,"황반변성증상에 효과 좋은거?

눈이 이상해서 병원에 가보니 황반변성 질환이라고 듣게 되었는데요.

그래서 치료를 받으면서 도움이 되는 영양제를 먹어보려고 합니다.

황반변성증상에 괜찮은거 아시는분 답변부탁드릴게요!",C5,C4,tri_llm_consensus
T-0938,2019,미용도구,황반변성영양제 찾고있는데요...,"황반변성영양제 찾고있는데요

얼마 전부터 물체들이 이상하게 보여서 병원에 가보니

황반변성이라고 했답니다. 그래서 황반변성영양제 먹어보려

하는데 어떤 것이 좋은 지 몰라서요.",C5,,tri_llm_consensus
T-0939,2019,안과,황반변성원인과 도움되는거 알려주세요!,"황반변성원인과 도움되는거 알려주세요!

자꾸 물건들이 이상하게 보여서 걱정이 되는 마음으로

병원에 가게 되었습니다. 황반변성이라는 말을 듣게

되었습니다. 황반변성원인에 대해 도움되는거 뭐가있나요?",C1,C5,tri_llm_consensus
T-0940,2019,안과,황반변성증상때문에 고민입니다ㅠ,"황반변성증상 때문에 고민이에요 ㅠ

단순히 시력이 떨어진 것인 줄 알았는데 병원에 가지

황반변성증상 생겼다는 말을 듣게 되었어요.

치료는 받을거구요 도움되는거 있으면 좀 알려주세요",C5,C2;C3,tri_llm_consensus
T-0941,2019,안과,황반변성치료에 도움되는거 찾고있어요,"황반변성치료에 도움되는거 찾고있어요

집에 있는 가구들이 자꾸 찌그러져서 보이기에 병원에 갔어요.

그런데 황반변성이라는 말을 들었습니다.

황반변성치료 받으면서 도움이 되는거 있으면 알려주세요.",C5,C3,tri_llm_consensus
T-0942,2019,미용도구,황반변성치료제 함께 먹으면 좋은거 있나요?...,"황반변성치료제 함께 먹으면 좋은거 있나요?

자꾸 선이 휘어져서 보이는 증상들이 나타나서

안과에 방문을 했는데 황반변성이라고 합니다. 그래서

황반변성치료제 복용을 하면서 같이 먹으면 좋은거 있으면

구입을 해서 먹어볼까 해요.",C5,,tri_llm_consensus
T-0943,2019,안과,아일리아나 루센티스 부작용 안압 상승,"황반변성에 아일리아 루센티스 맞을때요 부작용 중에 안압 상승은 단순히 약물이 눈 안에 들어가니까 유리체강 내 액체가 많아지는 셈이니까 그런건가요 ?

아니면 약물 작용 자체가 안압을 상승케 한다든지 그런 건가요?

+오저덱스도 안압상승 있던데 그것도 눈에 뭐가 더 들어가니까 그런건가요 아니면 덱사의 작용으로.. 뭐.. 안압상승케하는 그런건가요?",C9,C4,tri_llm_consensus
T-0944,2019,안과,안경에 물 묻은 상태로 일상생활을해도 괜찮은가요?,"안경을 항상 찬물로 닦는데요.

최근 안경닦이가 낡아서 코팅이 벗겨진 상태라

다른 수건으로 안경을 닦으면 렌즈에 흠집이날까봐

안경을 아예 안닦고 물방울이 잔뜩 맺힌채

물기가 마를때까지 그냥 tv도보고 스마트폰도 합니다.

그렇게 생활한지 한달짼데요.

문뜩, 돋보기효과(물이 잔뜩 든 투명 비닐봉지로 햇빛을 비추면 무언가를 태울 수 있음) 가 생각나며

물이맺힌 안경렌즈부분에 비친 빛이 제 눈을 태우지 않을까 걱정이 돼서 글을 올립니다.

물 묻은 안경렌즈로 햇빛을 보거나

Tv,스마트폰 등 을 보면

물방울에 비친 빛이 눈을 태우듯이 하여, 녹내장에 걸리거나 황반변성이 걸릴 수 있나요ㅠ ㅜ?

답변주시면 감사하겠습니다.",C1,,review_pool_R1_v5b
T-0945,2020,"안과, #황반변성, #오큐실, #아미넥스코리아, #녹내장, #눈수술, #백내장, #루테인, #지아잔틴, #황반변성치료, #안과한의원, #지식인카드, #지식인카드답변, #플레이스URL, #황반변성치료, #황반변성, #지식인카드, #지식인카드답변, #플레이스URL",황반변성과 백내장 수술 후 이물감,"저희 어머니께서 서울대병원에서 황반병성과 백내장 수술을 같이 받았는데 그 이후 원인모를 이물감이 눈을 너무 피로하게 만든다고 하세요. 이게 저로써는 어느정도 스트레스 인지 감이 안오더라고요 어머니께서는 이 스트레스 때문에 이명까지 오고 눈을 감아도 이물감에 시달린다 하십니다. 그나마 다행인건 하루 종일 그러는 것이 아니라 조금 적응 할 만큼의 이물감이었다가 또 심해지고 이런다고 하세요 그래서 병원 다시 가셔서 말씀드렸더니 대학병원 의사선생님들은 너무 바빠서 대답도 안해주고 차트만 보고 ""수술 잘 됐어요"" ""검사 해보니 괜찮아요"" ""나아 질꺼예요"" ""어느정도는 감수 하셔야 해요"" 이런씩의 답만 하고 말 끝나지도 않았는데 다른방으로 옮겨 간다고 합니다.

현재는 수술이 1년이 지난 지금도 나아지지 않았고 아직도 이물감에 대해서 말씀하시고 이물감 때문에 더 피로 하다고 하십니다. 수술 해주신 의사분께 다시 진찰 신청하면 3개월이 걸리고 그것도 기다려서 가면 위에 말씀드렸듯 저렇게 말씀만 하시고는 가신답니다. 저는 의사선생님의 태도가 정말 불쾌하지만 이 글은 태도를 지적하고자 작성한 것이 아니라

이물감에 대해서 왜 이런것인지

다른 분들은 이렇지 않은지

나아질 방도가 있는지

황반변성 수술이 문제인건지 백내장 수술이 문제였는지

가 궁금합니다.

주위에 황반변성 수술을 받아보신 분이 없어 이렇게 지식인에 자문해봅니다.",C9,C3,tri_llm_consensus
T-0946,2020,안과,황반변성 장애진단 문의,"한쪽눈이 황반변성으로(건식) 시력 교정이 안되는데 장애진단이 가능한지요.

두눈으로는 글자 읽기 운전이 가능한데 나쁜눈으로는 글자 읽기 운전등 불가능합니다",C7,,tri_llm_consensus
T-0947,2020,"광주, 전라권 여행, #검색질문, #통합검색궁금증, #통합검색질문하기, #지식인카드, #지식인카드답변, #플레이스URL, #수성구한의원, #안과한의원, #황반변성, #오큐실, #아미넥스코리아, #아미넥스닷넷, #알파실, #아미넥스, #녹내장, #백내장, #습식황반변성, #안구질환, #황반변성한의원, #지식인카드, #황반변성치료",전라도 순천 황반변성 전문 병원,"제목 그대로 전라도 순천에 황반변성 전문 병원이 있나요?

아님 안과중 큰병원이나 대학병원중 좋은곳 아시는분 알려주세요.. 저의 아버지께서 습식이여서 급 시력이 않좋아지고.. 너무 걱정되여ㅠㅠㅠㅠㅠ 도와주세요",C8,C3,tri_llm_consensus
T-0948,2020,"영양제, 건강보조식품",황반변성 증상이 어떤건가요..좀 알려주세요..,"저희 언니가 요새 자꾸 갑자기 눈이 침침하고 뿌옇게 보이고 그런다네요...

알아보니까 황반변성 증상일 수도 있다는데....

황반변성 증상좀 정확히 알려주세요...

가능하면 황반변성 원인이랑 예방 관리 방법까지 알려주시면 감사하겠습니다..",C2,C1;C5,tri_llm_consensus
T-0949,2020,"건강에좋은음식, #황반변성, #오큐실, #아미넥스코리아, #녹내장, #아미넥스닷넷, #알파실, #아미넥스, #눈영양제, #안과, #눈질환",황반변성 증상 치료 영양제 좋은건 어떤게 ?,"어머님모시고 안과다녀왔는데 황반변성 증상 이라고 하는데 눈약이랑 영양제만 받아왔어요

이게 알아보니까 최악의경우 실명까지된다고 하는데 어떻게 관리해야되는지

눈관리에좋은것 황반변성 증상 심해지면 좋아지지않는다고 하던데 치료에 좋은건 어떤게

잇을지 황반변성 증상 치료 좋은 음식이나 영양제 추천 좀 해주세요 둥굴결명진액 같은 눈관리에

좋은음식이 꾸준히먹어주면 좋다고하던데 어떨지 ?

연세많은신분이 안전하게 먹고 황반변성 증상 더심해지지않게 예방관리되는걸로 추천해주세요",C5,C2,tri_llm_consensus
T-0950,2020,"안과, #황반변성예방, #황반변성치료법, #망막박리, #망막레이저, #녹내장치료, #안과질환",황반변성에 관하여...,황반변성은 아직까지 전세계적으로 고치기 힘든가요?,C3,,tri_llm_consensus
T-0951,2020,"외과, #오큐실, #눈주사, #황반변성, #아미넥스코리아, #녹내장, #눈영양제, #황반변성치료, #녹내장증상, #안과, #황반변성, #황반변성치료, #황반변성, #안구질환, #지식인카드, #지식인카드답변, #플레이스URL, #황반변성안과, #수성구한의원, #지식인카드, #지식인카드답변, #플레이스URL",엄마가 황반변성인데요,"지금 병원에 주사 치료를 받으셨고 지금은 가끔 검사만

받으러가시는데 시력이 자꾸 떨어져서 지금은

글씨도 돋보기로 겨우 봐야 조금 읽을 수 있고 옷에 물을 흘려서

얼룩이 크게 났는데 그것조차 안보일정도로 시력이 많이

떨어지셨어요

어머니가 너무 무섭고 겁나셔서 의사한테 시력이 자꾸 떨어지는데 주사는 필요없냐고 물어봤더니

병원에선 조금이라도 보이는거에 감사하고 살라는 말만 하고 아무런 치료도 안해주신다는데 방법이 없는건가요?

이대로 실명이 되는건가요?",C6,C4,tri_llm_consensus
T-0952,2020,안과,형광등 아래에서 동공이 청색 혹은 잿빛을 살짝 띄는데 어떤 질병인지?,"60대 중반 남성이고, 황반변성이 있고요(건성으로 천천히 진행된다고 합니다)

최근에 형광등 아래에서 동공이 청색 혹은 잿빛느낌이 나더라고요

완전히 색이 변한건 아니고요. 그런 느낌이 든다?하는 정도입니다.

백내장이나 녹내장을 의심해야봐야 할까요?

아니면 그냥 노화현상일까요?",C2,,tri_llm_consensus
T-0953,2020,"영양제, 건강보조식품",황반변성 영양제 아무거나 먹어도 좋나용?,"저희 할머니가 얼마전에 황반변성 진단을 받으셨는뎅 이게 유전이라길래용

저희 엄마랑 아빠랑 다같이 챙겨먹을 황반변성 영양제를 찾는데 뭐가 좋은지 잘 모르겠어서용

루테인이 좋다던데 루테인 들어가있는거 아무거나 먹으면 되나용??

(내공100)",C5,,tri_llm_consensus
T-0954,2020,"안과, #안과, #황반변셩, #휘귀질환, #본인부담금, #황반변성, #아미넥스코리아, #오큐실, #대릭김, #녹내장, #눈실명, #백내장, #안과, #황반변성예방, #황반변성치료, #황반변성치료, #안과한의원, #지식인카드, #지식인카드답변, #플레이스URL, #황반변성치료, #황반변성병원, #지식인카드, #지식인카드답변, #플레이스URL, #안과, #황반변성예방, #동영상답변, #지식iN동영상답변",안과질환인 황반변성 치료시 본인부담금에 대해서 알고싶습니다.,"안녕하세요.

저희 어머니께서 81세신데 2년전 안과 희귀질환으로 등록된 황반변성 진단을 받아 서울의 유명 안과에서 한달에 한번 주사처방을 받고 있습니다.

희귀질환이라 본인부담금이 10% 적용되고 있는데 얼마전 경기도로 이사하게되어 다른 병원으로 옮긴다고 하니

담당 의사가 다른 병원으로 옮기게 되면 황반변성 진단을 못받게 될 수있어 그러면 본인부담금이 30%로 올라갈수 있다고 합니다.

다른 병원에서 다른게 진단이 나올수 있는지요?

이런 경우 어떻게 해야하나요?",C7,C4,tri_llm_consensus
T-0955,2020,"안과, #지식인카드, #지식인카드답변, #플레이스URL, #황반변성, #안과한의원, #황반변성병원, #황반변성한의원, #지식인카드, #지식인카드답변, #플레이스URL, #황반변성, #황반변성치료",부산에황반변성치료잘하는곳좀알려주세요,제가황반변성진단받은지 한달됐는데요당장무슨치료를하자는말씀도없으시고 3달에한번씩 주기적으로 경과관찰해보자는말씀만하시는데요 부산에 검사잘하고 치료잘하는곳좀알려주세요 아무것도아는것이없어서 막막합니다..ㅜ,C8,C6,tri_llm_consensus
T-0956,2020,"건강상담, #황반변성, #오큐실, #아미넥스코리아, #건강상담, #안과, #녹내장, #눈영양제, #루테인, #한방, #눈치료, #안과한의원, #황반변성, #지식인카드, #지식인카드답변, #플레이스URL, #황반변성한의원, #황반변성, #지식인카드, #지식인카드답변, #플레이스URL, #황반변성, #눈질환, #동영상답변, #지식iN동영상답변, #지식인카드, #지식인카드답변, #플레이스URL",서면황반변성 원인이 뭐죠?,"시력이 점점 안좋아지는게

느껴져요ㅠㅠ

예전에는 단순하게

노화라고 생각했는데..

그런데 최근 사물이 조금 휘어져

보이는 듯해요

사물이 휘어져 보이는 게

황반변성이라하는데

다른사람들 증상 찾아보니

저랑 비슷한거 같아요

초기에 치료해야한다는데

저는 지금은 늦지 않았나 하는

불안감이 몰려 오네요....

빠른 시일내에 치료하는 것이 좋을것 같은데

황반변성은 처음이라 어디서 진료 받는 것이

좋을 지 선택을 못하고 있습니다.

서면황반변성 치료받고 계시거나,

받으신 분들 아시는 곳 있으면

추천 부탁드립니다",C8,C1;C2,review_pool_R1_v5b
T-0957,2020,"안과, #황반변성치료, #건강",황반변성 치료법,아는 사람이 황반변성에 걸렸다는 소식을 들었습니다. 황반쪽에 물이 차서 이대로 냅두면 실명 위기까지 있다는 소식에 치료법을 검색해보니 약물 주사를 눈에 맞거나 광역학요법을 사용한다고 하는데 약물 주사를 맞으면 완치가 되는건가요??,C3,C4;C6,tri_llm_consensus
T-0958,2020,"이비인후과, #황반변성주사, #안과한의원, #지식인카드, #지식인카드답변, #플레이스URL, #황반변성, #눈질환, #안질환, #황반변성치료, #황반변성주사, #황반변성증상, #동영상답변, #지식iN동영상답변, #황반변성, #황반변성치료, #지식인카드, #지식인카드답변, #플레이스URL, #황반변성치료, #황반변성",황반변성 치료 주사를 맞으라고 합니다.,"시골에 사시는 어머니(77세)가 눈이 불편하다고 하셔서 시골병원 안과를 다녀왔습니다.

결론은 황반변성이라고 말씀하시면서 바로 주사를 맞아야 한다고 해서

며칠 있다가 다시오겠다고 하고는 돌아왔습니다. 큰 병원을 가야할지? 그냥 치료해도 될지?

잘 알지 못해서 그런데 주사를 맞아야 하는 것이 맞는지?  전문가들의 고견을 구합니다.

그리고 보험이 안된다고 하시면서 서너번 맞아야 한다고 했습니다.

주사를 맞는 것이 힘들지는 않는지도 알려주시면 감사하겠습니다.

주사에 대해서 너무나 두려워하셔서요?

비용도 알려주시면 감사하겠습니다.

답변하시는 분 대박나세요!! ^^~~~",C4,C8;C7,tri_llm_consensus
T-0959,2020,안과,노안수술 후에 황반변성 진단을 받았습니다,"저희 이모가 60대후반 여성이십니다

노안수술을 받고 6개월이 지났는데

눈이 이상해서 안과에 갔더니 황반변성 진단을 받으셨습니다

제가 여쭤보고 싶은것은요

1) 노안수술과 황반변성의 연관성이 있을까요?

혹시 노안수술 때문에 황반변성이 더 빨리 온건지, 혹은 어떤 악영향을 끼쳤을 가능성이 있는지 궁금합니다

2) 노안수술 이력때문에 황반변성 치료가 더 힘들어지거나 차도가 더디거나 할 수 도 있나요?

3) 노안수술을 한 뒤 6개월만에 황반변성 진단을 받았는데요 6개월만에 황반변성이 생길 수도 있나요? 아니면 혹시 노안수술 전 정밀검사에서 미처 황반변성을 발견하지 못한건가요?

4) 아직 황반변성이 한쪽눈만 왔는데요 나중에 다른쪽눈도 황반변성 증상이 생길수있나요?

질문이 많아 죄송합니다 좋은 하루 되세요",C9,C1;C2,tri_llm_consensus
T-0960,2020,"안과, #검색질문, #통합검색궁금증, #통합검색질문하기, #황반변성, #오큐실, #아미넥스코리아, #안과, #녹내장, #백내장, #오큘라레이드, #시신경손상, #황반변성치료, #녹내장영양제, #황반변성관리, #황반변성예방, #지식인카드, #지식인카드답변, #플레이스URL, #황반변성한의원, #황반변성치료, #지식인카드, #지식인카드답변, #플레이스URL, #황반변성, #황반변성증상, #황반변성, #결막염, #동영상답변, #지식iN동영상답변",황반변성 초기인데 오큘라레이드와 결환을 같이 먹어도 되나요?,"작년 11월 건강검진하면서 안저검사 결과 황반변성 의심 판정을 받고 안과에가서 정밀 검사 받았는데 황반변성(건성) 초기라고 해서 ""오큐 아레즈 투엠""을 먹고 있는데 약이 떨어져서 추가 구매를 해야하는데 인터넷 검색하다보니 오큘라레이드와 결환을 같이 먹어야 좋다는 글을 봤습니다. 어떻게 하는게 좋을까요? 병원에서는 4월초에 다시 정밀검사를 해보자고 했고요.

저는 현재",C5,C5,tri_llm_consensus
T-0961,2020,안과,질문이 있습니다.,"녹내장이나 황반변성 등이 질병으로 실명이 되었을 때 치료를 받게 되면 완치까지 기간이 얼마나 걸릴까요?

그리고 비용은 얼마나 드나요? 또 치료 과정은 어떻게 되나요?

급한 마음에 질문을 드립니다.

읽어 주셔서 감사합니다!!!",C3,C6;C7,tri_llm_consensus
T-0962,2020,"안과, #안과, #아미넥스코리아, #황반변성, #대릭김, #녹내장, #백내장, #안과, #눈영양제, #황반변성예방, #황반변성치료, #황반변성, #황반변성치료, #유리체절제술",황반변성    수술안되나요,황반변성 수술안되나요,C3,,tri_llm_consensus
T-0963,2020,"건강식품, 의약외품, #안과, #황반변성, #루테인추천, #눈영양제, #유전질환, #황반변성, #오큐실, #아미넥스코리아, #녹내장, #안과, #눈에좋은영양제, #루테인, #눈영양제, #시신경치료, #한방",저희 어머니가 최근 황반변성 진단을 받으셨어요.,"저희 어머니가 최근 황반변성 진단을 받으셨어요

.

질병은 아무래도 유전이 많이 된다고 하니 저도 미리미리 관리하고 싶은데요

.

어떤것이 도움이 될까요

?",C5,C1,tri_llm_consensus
T-0964,2020,"안과, #황반변성, #오큐실, #아미넥스코리아, #녹내장, #안과, #눈실명, #한방, #루테인, #백내장, #시신경, #황반변성, #황반변성치료, #황반변성의심, #황반변성진단, #황반변성실명",황반변성 동네안과/대학병원 어디로 가야되나요,"수원에 살고 있는 60대 남자입니다.

얼마 전에 황반변성 의심소견을 받았는데

검색해보니 치료안하면 실명이 될 수도 있다고 합니다.

치료하면 완치가 가능한건지 궁금하네요.

동네안과에서 치료 하면 되는지, 큰 안과나 대학병원으로 가야하는지도요.",C8,C3;C6,tri_llm_consensus
T-0965,2020,"의료기관, 의료인, #상계동안과, #상계안과, #황반변성, #황반변성치료, #안과추천, #황반변성주사",상계동 황반변성 치료 가능한 안과 찾아주세요,"종합검진을 받고 받고 황반변성이 의심스럽다 안과 진료를 받아라고 통보를 받았습니다

가까운 동네 의원에 연락을 해보니 검사 후 당 병원에서 가능한지 아닌지 알수

있다고 하네요

아니라고 하면 또 큰병원에 가서 검사를 받아야 하잖아요

그래도 동네의원을 먼저 가고 큰병원으로 가는게 맞는지

처음 부터 큰병원으로 가는제 맞는지

물론 개인의 선택이지만

황반변성에 대해서 잘봐줄수 있는 상계동 인근 안과 알려주세요",C8,,tri_llm_consensus
T-0966,2020,"의료기관, 의료인, #쌍문동안과, #쌍문안과, #강북구안과, #강북안과, #황반변성, #황반변성치료, #황반변성주사, #안과추천",서울 쌍문동 황반변성 전문 안과 있나요?,"제목 그대로 서울 쌍문동에 황반변성 전문 안과 있나요?

아님 안과중 큰병원이나 대학병원중 좋은곳 아시는분 알려주세요..

저의 아버지께서 습식이여서 급 시력이 않좋아지고.. 너무 걱정되여ㅠㅠㅠㅠㅠ 도와주세요",C8,,tri_llm_consensus
T-0967,2020,안과,황반변성질환,"제가 오른쪽 눈에 황반변성이 온 것같습니다.

병원에 가서 진료를 받아야겠지만 일주일 후에나 가능할것같은데 그동안 제가 개인적으로 주의해야 할거나 유익한 뭔가가있을까요?",C5,C6,review_pool_R1_v5b
T-0968,2020,"안과, #황반변성주사, #황반변성, #오큐실, #아미넥스코리아, #녹내장, #눈주사, #눈영양제, #황반변성치료제, #안과",황반변성 주사관련,"아버지께서 대구 카톨릭 대학병원에서 황반변성 진단을 받으셨습니다. 담당의께서 한 달에 한번씩 안구에 직접맞는 주사를 3개월에 걸쳐 3번을 맞고 경과를 지켜보자고 하셔서 저번달 2월10일경 1차로 안구에 주사를 맞으셨고 2차로 이달3월 18일에주사를 맞으셔야 하는데 지금 대구가 코로나상황이어서 병원 내방하기가 꺼려져

질문1)이번달은 거르고 다음달에

(원래 3차 주사맞기로한 4월22일)주사를 맞아도 되는지

알고싶습니다.

질문2)만약 두번째 주사를 맞으러간다면 검사를 또

해야하는지 아님 그냥 주사만 맞고 오면 되는지

질문3)그리고 시중에 판매되는 루테인 지아잔틴 영양제를 복용

하면 도움이되는지도 궁금합니다.

전문의의 답변 주시면 정말감사하겠습니다",C4,C9;C5,tri_llm_consensus
T-0969,2020,"안과, #안과질환, #황반변성, #주사",황반변성주사 내공300,"아버지께서 대구 카톨릭 대학병원에서 황반변성 진단을 받으셨습니다. 담당의께서 한 달에 한번씩 안구에 직접맞는 주사를 3개월에 걸쳐 3번을 맞고 경과를 지켜보자고 하셔서 저번달 2월10일경 1차로 안구에 주사를 맞으셨고 2차로 이달3월 18일에주사를 맞으셔야 하는데 지금 대구가 코로나상황이어서 병원 내방하기가 꺼려져

질문1)이번달은 거르고 다음달에

(원래 3차 주사맞기로한 4월22일)주사를 맞아도 되는지

알고싶습니다.

질문2)만약 두번째 주사를 맞으러간다면 검사를 또

해야하는지 아님 그냥 주사만 맞고 오면 되는지

질문3)그리고 시중에 판매되는 루테인 지아잔틴 영양제를 복용

하면 도움이되는지도 궁금합니다.

전문의의 답변 주시면 정말감사하겠습니다",C4,C9;C5,tri_llm_consensus
T-0970,2020,"의료기관, 의료인, #의정부안과, #의정부시안과, #신곡동안과, #안과추천, #황반변성, #황반변성치료, #황반변성, #오큐실, #아미넥스, #녹내장, #안과, #시신경, #눈건강, #눈영양제, #루테인, #백내장",의정부시 안과중에 황반변성 전문진료 가능한 안과 좀,"저희 이모가 60대후반 여성이십니다

노안수술을 받고 6개월이 지났는데

눈이 이상해서 안과에 갔더니 황반변성 진단을 받으셨습니다

의정부시에 황반변성 전문진료 가능한 안과에 대해서 아시는게있다면은

공유 부탁드립니다.",C8,,tri_llm_consensus
T-0971,2020,"의료기관, 의료인, #민락안과, #민락동안과, #민락2지구안과, #의정부안과, #의정부시안과, #의정부역안과, #황반변성, #황반변성치료, #황반변성안과",의정부 민락동 황반변성 잘보는 안과 가르쳐 줘요,"아버지가 연세가 82세인데 글자가 휘어져 보이고 앞도 침침하다고

황반변성 같다고 연락이 오셨어요

제가 얼마동안은 안과를 모시고 다녀야 할것 같은데

의정부 민락동에서 황반변성 잘보는 안과 가르쳐 ㅜ세요",C8,,tri_llm_consensus
T-0972,2020,"안과, #황반변성, #황반변성주사, #눈",황반변성 주사를 맞은 후 흰자가 부풀었어요,"원래 이런건지 아니면 뭔가 잘못된건지 시간이 늦어 주사를 맞은 병원은 전화를 받지않아서 급한 김에 글씁니다

아프진않지만 동공을 움직일때마다 이물감이 있습니다",C9,C4,tri_llm_consensus
T-0973,2020,"의료기관, 의료인, #동두천안과, #동두천시안과, #지행안과, #지행역안과, #황반변성안과, #황반변성, #황반변성치료, #황반변성치료법, #황반변성, #오큐실, #아미넥스코리아, #녹내장, #안과, #네이버페이, #황반변성수술, #네이버스마트스토어, #알파실, #아미넥스",지행역이나 동두천 황반변성 진료 안과 아시는 분,"지행역 부근과 동두천 부근에 황반 변성에 대해서 잘보고 황반변성 주사 맞을수 있는

안과 알고 싶습니다. 아시는 분 있으면은 알려 주세요",C8,C4,tri_llm_consensus
T-0974,2020,안과,황반변성과 근력운동,"황반변성에 대해 문의합니다

69세 남자로 젊어서 부터 운동도 좋아하고 꾸준히 몸관리도 해왔습니다

1달전 눈이 안좋아 안과에 진료 받으니 홤반변성을 진단 받었고 1년 전에는 눈에 가는 핏줄이 터져서

간단히 약만 먹고 치료 된적도 있습니다 제가 운동을 심하게 해서 안압때문에 생기는 건가 궁금합니다

턱걸이 엍드려팔굽혀펴기등 근력운동을 심하게 하는 편입니다

지금은 대학병원서 치료중입니다 앞으로 심한 근력운동은 하지말아야 하는지요?

운동과 황반변성의 연관성이 있는지요?

앞으로 어떻게 생활해야 되는지요?",C5,C1,tri_llm_consensus
T-0975,2020,"성인영양, #비타민, #미네랄, #오메가3, #유산균, #루테인, #지아잔틴, #아스타잔틴",눈건강비타민A 영양제 음식 추천 부탁드립니다,"눈건강비타민A 영양제 음식 추천 좀요

요즘 아버지때문에 걱정이많은데

나이가 드시다보니 눈이 점점 안좋아지시는 것 같더라구요.

눈 건조증도 심하고 황반변성 초기증상도 있고 여러모로 걱정되서 병원에서

눈건강비타민A 영양제 음식 챙겨먹어야 된다고 했다는데

혹시 도움될만한 시력관리 가능한게있을지 눈은 가족력이라고 하는데

아버지가 시력이 안좋고 병력이 있다보니 저까지 신경쓰이네요

안과에서도 조심하라고 하구요

저랑아버지랑 같이먹고 도움될만한 눈건강비타민A 영양제 음식있나요 ?추천 좀 해주세요",C5,,tri_llm_consensus
T-0976,2020,"안과, #황반변성, #오큐실, #아미넥스코리아, #녹내장, #안과, #대릭김, #황반변성예방, #황반변성치료, #눈영양제, #눈주사",황반변성자가진단 증상 치료 조언 ....,"황반변성자가진단 방법 좀 알려주세요

황반변성자가진단 증상 있어서요 치료 좋은것 뭐가 있나요 ?

눈 시력도 점점 더 떨어지고 건조함도 더 심해졌고

외출할때 안약없으면 할수가없을정도예요

병원에서 최대한 늦추도록 예방을 잘하는것밖에는 방법이없다고하던데

시력이 그래야 더 떨어지지않는다며..

황반변성자가진단 증상 치료 조언좀 해주세요",C3,,tri_llm_consensus
T-0977,2020,"안과, #황반변성, #오큐실, #아미넥스코리아, #녹내장, #대릭김, #안과, #황반변성에좋은영양제, #황반변성에좋은음식, #황반변성영양제, #눈영양제",황반변성 자가진단 있잖아요,"어제밤에 밥먹구 가족끼리 모여서 이야기를 하다가

황반변성 자가진단할 때 보는 그 격자무늬를 같이 보게되었는데..

아버지가 유난히 구불구불하게 보인다고 하시네요

핸드폰으로 봤던 거라 자가진단이 얼마나 맞는건지 잘 모르겠는데ㅠ

수원에 황반변성 검사 가능한 병원 있나요?",C2,C8,tri_llm_consensus
T-0978,2020,건강에좋은음식,황반변성에좋은음식 추천 좀 해주세요 ? 시력예방..,"최근 몇달사이에 눈알이 빠질것처럼 눈아플때가 자주있더니 황반변성 이라고 합니다

예방 치료 해야될것 같습니다 안경 늘 착용하고 관리했었는데 눈 나쁘고 안좋은건

어쩔수없나봐요 황반변성에좋은음식 추천 좀 해주세요 시력 더이상 나빠지지않게

예방이라도 되고 꼭 시력을 지킬수있게 해줄만한게 있을지 황반변성 관리에 좋은게있나요 ??

도와주세요 황반변성에좋은음식 추천 부탁드려요 꼭 완치하고 싶은데 가능할지 ?",C5,,tri_llm_consensus
T-0979,2020,"성인영양, #황반변성, #눈건강, #루테인, #영양제, #황반변성, #오큐실, #아미넥스코리아, #녹내장, #대릭김, #안과, #백내장, #황반변성에좋은음식, #녹내장에좋은음식, #황반변성영양제",황반변성 증상 원인 뭔가요 영양제 추천 부탁드려요,"시력도 많이 떨어지고 최근에 황반변성 증상 때문에 많이 불편해요

치료해도 별로 나아지는것도 없고 그래서

황반변성 증상에 좋은 영양제나 음식 같은거라도 먹으면 훨씬 낫지싶은데

혹시 황반변성 증상 원인이 뭔지 치료에 도움되는영양제는 어떤건지 추천 부탁드려요",C5,C1,tri_llm_consensus
T-0980,2020,안과,노인눈은 왜 테두리에 회색빛이 나요?,"할머니 할아버지 눈동자를 보면 테두리에 회색빛이 나던데

왜그런건가요?

슬픈건 저희아빠는 황반변성이 있는데 그러세요...

이게 눈질환과 관련있는건가요?

노안이면 그러는건가요?

안그런 노인분들도 계셔서요",C2,,tri_llm_consensus
T-0981,2020,"세시풍속, 명절, #황반변성, #오큐실, #아미넥스코리아, #녹내장, #대릭김, #황반, #안과, #시신경, #황반변성치료, #황반변성주사",황반변성 가족럭이 있어서 눈건강이 걱...,"황반변성 가족럭이 있어서 눈건강이 걱정인데

어떤것이 뉸에좋은가요?",C5,C1,tri_llm_consensus
T-0982,2020,"건강식품, 의약외품",눈 영양제 추천 부탁드립니다.,"50대 후반 입니다.

눈 영양제를 복용하려고 하는데

황반 변성 및 눈 건조에 도움이 되는 것으로

될 수 있으면 국내산으로 추천 부탁드립니다.",C5,,tri_llm_consensus
T-0983,2020,"안과, #황반변성, #오큐실, #아미넥스코리아, #대릭김, #녹내장, #안과, #습성황반변성, #눈검사, #눈주사, #시신경손상",황반변성 질문,"어머니가 대학병원에서 습성 황반변성이라고 진단을 받았습니다 근데 진료비가 주사한번에 100만원이상 검사비가 50만원 씩 해서 한달에 한번씩 주사와 검사을 해야한다고 헀습니다 근데 제가 네이버에 알아보니 요즘엔 개인안과에서도 주사를 놓고 보험도 적용이되서 14회까지 11~15만원 정도로 저렴하다고 하네요

질문 드립니다

1.

정말 개인병원에서 저정도가격맞나요??

2.

치료가 100%안된다고 하던데 그럼 주사을 끈으면 실명이 되나요??

3.

만약 개인의원에서 진료가된다면 서울이나 수원쪽 안과 추천부탁드립니다",C7,C4;C8,tri_llm_consensus
T-0984,2020,"안과, #황반변성, #각막이식, #안과질환, #황반변성, #지식인카드, #지식인카드답변, #플레이스URL, #황반변성, #황반변성치료, #황반변성, #오큐실, #아미넥스코리아, #대릭김, #녹내장, #안과, #황반변성치료, #황반변성주사, #습성황반변성, #노인성황반변성",황반변성 각막이식,황반병성이 심해져서 눈을 실명하였거나 실명위기일때 각막이식을 하면 돌아올 수 있나요?,C3,C6,tri_llm_consensus
T-0985,2020,안과,황반변성증상,제가 선이 위로 올라가게 보이는데 치료방법이 있나요?,C3,C2,review_pool_R1_v5b
T-0986,2020,안과,황반변성유전성,"안녕하세요. 저희 큰이모님께서 황반변성인데

저희 엄마한테 유전적으로 대물림 현상이 오나요?",C1,,tri_llm_consensus
T-0987,2020,안과,황반변성 진단착오...,"황반변성 진단착오

1차 병원진단 황반변성

2차 다른병원 황반변성 아니라고 백내장 수술함

3차 다른병원 황반변성이 맞다고 진단함

백내장 수술한 2차병원 상대로 고소나 고발 혹은 병원비등 환자가 요구할 수 있는게 있을까요?",C9,C2,tri_llm_consensus
T-0988,2020,순환기내과,장애 등급 발급과 혜택,"안녕하세요..

친정 어머님이  83세 (호적상 만 80세) 입니다.

약 22년전부터   심장의 혹으로 인한 뇌졸중으로  병원 진료와 투약중이시고

황반변성도 치료 받아왔었으나  차도가 없고  여러가지 약 복용으로  힘드셔서

황반 변성은 치료를 중단하신지 몇년 되었습니다.

보청귀도 거의 10년째 사용하고 계시고요.

이에 이젠 장애 등급을 받으려고 하는데 (황방변성 또는 청각)

어떤 의료 기관에서 어떤 절차를 밟아야 하는지요?

그리고 장애 등급이 나온다면 장애수당 또는 장애 연금이 가능한지요?

그런 혜택을 받기 위해서는 재산상 어떤 위치에 있어야 하는지도 궁금합니다.",C7,,tri_llm_consensus
T-0989,2020,"안과, #황반변성, #아미넥스코리아, #오큐실, #녹내장, #대릭김, #알파실, #아미넥스, #황반변성치료, #황반변성예방, #황반변성증상",황반변성으로 실명했을 때 루센티스 효과있을까요,"어머니가 습식황반변성(삼출성)으로 15년전 한쪽 눈이 완전히 보이지 않게 되었습니다

루센티스 아일리아 아바스틴 같은 약물이 완전히 실명된 경우에도 회복될 가능성이 있는지 궁금합니다",C3,C6,tri_llm_consensus
T-0990,2020,"의료기관, 의료인, #의정부안과, #민락2지구안과",민락2지구안과 중에서 황반변성 잘보는 안과요,민락2지구안과중에서 황반변성 잘보는 안과 추천해주세요,C8,,tri_llm_consensus
T-0991,2020,안과,안과 기본검사,"안과에서 시력측정 안압측정하고 의사쌤이 눈보는기계로 눈에후레쉬비추고 끝나는 기본검사를했는데요

이런검사로 황반변성 안압정상녹내장을 확인할수있나요? 아님 일년마다 정밀검사받아야되나ㅗ요?ㅜㅜ집이 시골이라 큰안과도 없고 고도근시라서 걱정됩니다",C2,,tri_llm_consensus
T-0992,2020,"의료기관, 의료인, #노원안과, #노원구안과, #안과추천, #황반변성치료, #황반변성안과",노원안과 중에서 황반변성 잘보는 노원안과요,황반변성이 망막질환으로 알고 있는데 안과 중에서도 안과 전문의 있는 노원안과 추천해주세요,C8,,tri_llm_consensus
T-0993,2020,"의료기관, 의료인, #덕정안과, #덕정동안과, #양주안과, #양주시안과, #황반변성",양주시 덕정동에서 황반변성 진료 받으러 어디 안과가야 하죠?,양주시 덕정동에서 황반변성 진료 받으려면은 어디 안과가야 하죠?,C8,,tri_llm_consensus
T-0994,2020,"의료기관, 의료인, #의정부안과, #금오동안과",의정부 금오동 황반변성 진료 가능한 안과,의정부 금오동에 황반변성 진료 가능한 안과 추천,C8,,tri_llm_consensus
T-0995,2020,외과,어머님 나이는 60대초반 입니다 현재,"어머니 나이는 60대초반 입니다

현재 질병을 많이 앓고 있습니다

유방암과 갑상선암 황반변성 만성질환 고지혈증약 복용중 족저근막염 관절염 앓고계세요

키는 145에 몸무게는 60이세요

너무 복합적으로 앓고 계셔서

식단조절 운동어떻게 해야되나요? 막막하네요..

질환들은 치료가 가능할까요?",C9,C5,tri_llm_consensus
T-0996,2020,"의료기관, 의료인, #동두천안과, #지행역안과, #황반변성치료, #황반변성, #오큐실, #아미넥스코리아, #녹내장, #안과, #녹내장치료, #황반변성치료, #대릭김, #눈영양제, #황반변성예방",동두천 안과중에서 황반변성 잘보는 안과,동두천 안과 중에서 황반 변성 잘 진료해주는 안과 찾습니다.,C8,,tri_llm_consensus
T-0997,2020,안과,황반변성에 대하여,이 병에 걸릴 가능성이 얼마나 되죠?,C1,,tri_llm_consensus
T-0998,2020,안과,암슬러 격자 질문,"한쪽눈 가리고 딱 보면 괜찮은데 뚫어져라 쳐다보고 있으면 착시현상처럼 약간 주변이 어두워보이고 더 오래 쳐다보면 약간 ㅡ흐물흐물해보여요. 그리고 눈깜빡이면 다시 괜찮아 보이고요.

오랫동안 쳐다봤을때 그런 이상보여도 황반변성일 수 있나요?",C2,,review_pool_R1_v5b
T-0999,2020,"의료기관, 의료인, #의정부안과, #민락2지구안과",민락2지구안과 중에서 잘보는 안과,어머니가 황반변성 진단을 받으셔서 잘보고 큰 안과를 가보려 합니다. 추천 부탁합니다.,C8,,tri_llm_consensus
T-1000,2020,안과,황반변성 백내장수술,황반변성 있는 상태에서 백내장수술 가능하나요??,C9,C3,tri_llm_consensus
T-1001,2020,안과,황반변성 백내장 비교,보건계열 공부를 하고 있는 학생입니다. 황반변성과 백내장을 비교하는것에 대해 설명좀부탁드립니다!!!,C1,,tri_llm_consensus
T-1002,2020,"미용도구, #황반변성, #안과, #눈, #눈시림증상, #눈시림, #황반변성, #오큐실, #아미넥스코리아, #대릭김, #안과, #녹내장, #아바스틴, #눈주사, #황반변성치료, #황반변성증상",황반변성 질문,"아버지가 황반변성이 있으셔서

아바스틴 주사를 맞고 오셨는데

오늘따라 유독 눈이 많이 시리다고 계속 눈물 흘리시고

눈을 잘 못뜨세요

이럴수도있나요?

일년 다되가는데 이렇게 눈뜨기 힘들정도로 아파하시는걸 처음봐서요

문제가 있는걸까요

이렇게 아플땜 어떻게해여 좀 나아질까요?",C9,C4,tri_llm_consensus
T-1003,2020,"안과, #황반변성, #아미넥스코리아, #오큐실, #녹내장, #안과, #안압강하제, #안압강하약, #황반변성주사, #녹내장치료, #녹내장예방",녹내장을 예방하기 위해서 안압하강약을 처방해주는 경우가 있나요?,"아버지께서 황반변성 치료를 받다 안압이 높아지셔서 코솝 잘라탄 알파간피를 처방받으셨는데요

스테로이드성 주사제로 치료중이셨거든요

어쨋든 약들 설명을 보니까 녹내장 약이더라구요

이게 녹내장이 생겨서 처방받으셨는지 아니면 안압이 높아졌으니 녹내장을 예방하고 안압을 낮추기 위해서 예방적으로 처방했는지 궁금하네요

아버지께선 녹내장이라는 말은 안하셨는데 그냥 제가 궁금해서요",C9,,tri_llm_consensus
T-1004,2020,"외과, #건식황반변성, #안과, #습식황반변성, #황반변성, #아미넥스코리아, #오큐실, #대릭김, #습성황반변성, #건성황반변성, #녹내장, #안과, #폐쇄각녹내장, #녹내장증상",건식황반변성,"50대 여자로 안과를 검진겸해서 몇년전부터 규칙적으로 다니고 있었는데

작년에 비문이 조금씩 보이더니 지금은 좀 큰것도 보여요

안과에 갈때마다 별다른 말도 없고 비문증은 본인도(의사선생님) 있다면서

망막에 점같은게 많다고 지켜보자고 했어요

(음 심각하게 얘기안했다는 뜻입니다.)

인공누액과 항생제안약 1개 주고 지금까지 계속 왔고 대학병원에 가봐야 되는건가요하니까

간호조무사가 그때가 되면 가라고 말씀해준다고 그랬어요

요즘 분홍색 알약이 노란색 필터낀것처럼 보이고 선명하지가 않아요

불안해서 더른 병원 망막센터에 갔더니 그때야 정확히 황반이라는 얘기를 해주며 ct단층 사진에서 아래로 꺼져있어야 될부위가 편평하게 진행 중이라고 해요

황반이 노화로 주름이 생겼고 약도 없고 지켜보는수밖에 없다고 해요

해서 인터넷에 찾아보니

건식황반변성이 습식황반변성으로 진행될수도 있다는데 충격입니다. 습식황반변성은 3대실명중에 하나로 꼽히는데 의사들은 왜 그런 얘기를 안해주나요 병증을 낫게 할수는 없겠지만 늦출 수 있는 방법도 있다고 하는데 3대실명중에 하나가 습식황반변성이라는데 겁이 좀 많이납니다

카토릭의대 칼럼을보니 비타민을 대량투여한다고 하는데

약국에서 상담받아 비타민등 먹어야할지

대학병원으로 가봐야할지 고민이 돼 글을 올립니다.",C6,C5;C2,tri_llm_consensus
T-1005,2020,"한방피부과, #습식황반변성, #주사치유기간, #궁금합니다, #아바스틴10일지남, #검색질문, #통합검색궁금증, #통합검색질문하기, #황반변성, #오큐실, #아미넥스코리아, #오큐실네이버페이, #오큐실네이버스마트스토어, #대릭김, #녹내장, #아바스틴, #황반변성치료, #황반변성예방, #한방안과, #황반변성, #지식인카드, #지식인카드답변, #플레이스URL, #황반변성, #안구질환, #지식인카드, #지식인카드답변, #플레이스URL, #황반변성, #황반변성치료, #황반변성치료, #안구질환, #동영상답변, #지식iN동영상답변, #지식인카드, #지식인카드답변, #플레이스URL",습식황반변성 진단받고 아바스틴주사를...,습식황반변성 진단받고 아바스틴주사를 10일전에 맞았는데요.주사맞기전하고 달라진게없네요.어느정도시간이지나야 효과를볼수있을까요?주사시술해주신선생님은 일주일뒤면좋아진다고 했는데 아직그데로네요.병원을다시가봐야하는건지 조금더기다려야하는건지 궁금하네요.,C4,C6,tri_llm_consensus
T-1006,2020,"신경과, #황반변성, #아미넥스코리아, #오큐실, #amynexkorea닷co닷kr, #안과, #녹내장전문의, #녹내장병원, #황반변성치료, #황반변성예방, #황반변성증상, #시력저하, #황반변성치료, #동영상답변, #지식iN동영상답변, #황반변성, #황반변성치료, #황반변성한의원, #황반변성치료, #지식인카드, #지식인카드답변, #플레이스URL",황반변성시력저하,저희 어머님께서 황반변성이예요 서울대학병원가서 눈검사 머리 Mri 시신경검사 혈액검사에서는 이상이 없다 하시는데 캄캄하다 뿌옇다 하시고 보었다 안보였다 기복이 심하세요 한의원에도 가보고 했는데~치매검사을 권유하는 분도 있으시고 어떻게 해봐야 할까요,C2,C6;C9,tri_llm_consensus
T-1007,2020,안과,황반변성일까요?,어제 스탠드켜두고 도면을 그리다 황반변성 증상처럼 글이 보이지않고 암점이 생겼다가 번져보임을 겪고 취침 후 괜찮아졌습니다. 황반변성이 하루만에 생기고 없어지기도 하나요? 병원을 가봐야할까요?,C2,,review_pool_R1_v5b
T-1008,2020,"안과, #녹내장, #오큐실, #아미넥스코리아, #안과, #황반변성, #황반변성치료, #눈주사, #당뇨합병증눈, #황반변성예방, #콤비간",황반변성ㅡ눈주사,"84세할머니 눈이

검은먹물터진건처럼

흐리고 뿌얗게보인다하셔서

안과가서 검진받았더니

황반변성이라고

조기에 치료안해서 많이 진행됬다고하더라구요ㅜ

병원에서 의사분께서

회복은 틀렸구

더진행안되게해야되지않겠냐하시더라고요.

일단 눈에주사맞아보자고하고

그뒤에 약처방해주실것같은데

눈주사 괜찮은걸까요?

눈알에 맞는걸까요

많이아프실까 걱정되네요

효과는있을까요?

얼마나자주 맞아야할까요?",C4,C6,tri_llm_consensus
T-1009,2020,"의료기관, 의료인, #노원구안과, #황반병성",노원구 황반변성 안과,노원구에서 황반 변성 잘보는 안과요,C8,,tri_llm_consensus
T-1010,2020,"의료기관, 의료인, #황반변성안과, #지행역안과, #동두천안과",지행역쪽에 황반병선 잘 봐주는 안과,"동두천 지행역쪽에 황반변성 잘보는 안과 찾습니다.

저희 어머니께서 황반변성이 오신것 같아서 검사 받아보게 해드리려고요",C8,,tri_llm_consensus
T-1011,2020,"의료기관, 의료인, #연천안과, #전곡안과, #황반변성",연천 전곡 안과 중에서요,"연천 전곡 안과중에서요

황반변성 잘보는 안과요",C8,,tri_llm_consensus
T-1012,2020,"의료기관, 의료인, #수유역안과, #수유안과, #수유동안과, #황반변성안과",황반변성 잘보는 수유역안과,황반변성 잘보는 수유역안과 어디인가요? 실력이 있다면은 다른 지역도 가보려 합니다.,C8,,tri_llm_consensus
T-1013,2020,"의료기관, 의료인, #수유역안과, #수유리안과",수유역 안과 중에서 황반변성 잘보는 안과요,수유역 안과 중에서 황반 변성 잘봐주는 안과 알려주세요,C8,,tri_llm_consensus
T-1014,2020,안과,대전에서 안과로 유명한 종합병원,"저희 아빠가 황반변성?이라는 병에 걸리셨다는데, 정밀 검사가 필요하다고 하더라구요.

대전에서 안과로 유명한 종합병원은 어딘가요?

내공 겁니다.",C8,C2,tri_llm_consensus
T-1015,2020,안과,황반변성 ㅡ 눈주사,"황반변성 눈주사 효과있나요?

그리고 이거 주사맞은뒤에3일정도 세수하지말랬는데

눈에 물들어갈까봐 그런것같은데

3일지나선 물들어가도되나요>?",C9,C4,tri_llm_consensus
T-1016,2020,"안과, #녹내장, #아미넥스코리아, #오큐실, #황반변성, #안과, #녹내장원인, #녹내장증상, #녹내장치료, #황반변성증상, #눈주사",황반변성 및 녹내장,"안과에 가면 의사선생님 현미경으로

황반변성 및 녹내장 알수 있나요?

또한 다양한 증상들을 알고 싶습니다.

죄송하지만 회복 및 완치률은 얼마나 되나요?",C2,C6,tri_llm_consensus
T-1017,2020,"의료기관, 의료인, #방학역안과, #방학동안과, #황반변성",황반변성에 일가견 있는 방학역 안과,황반변성 보는데 일가견이 있는 방학역 안과 알려주세요,C8,,tri_llm_consensus
T-1018,2020,"의료기관, 의료인, #고읍안과, #고읍동안과, #양주안과, #황반변성안과",양주 고읍쪽에서 갈수 있는 황반변성안과,"양주 고읍지구 쪽에서 가기가 좋은 황반변성을 잘보는 안과를 알려주세요

아버지 모시고 다녀야 하는데 의정부까지 갈수가 있어요",C8,,tri_llm_consensus
T-1019,2020,안과,저희 아버지가 황반변성,인가 그거라 하시는데 어쩌죠? 수술도 못 하는 거라는데.. 지금은 사물이 두 개로 보이신다하셔요. 나이들면 실명할 수 있다던데 어떡하죠??,C3,C6,tri_llm_consensus
T-1020,2020,안과,황반변성과 망막 혈관폐쇄증의 차이가궁금합니다.,"제목 그대로 황반변성과 망막 혈관폐쇄증의 차이가궁금합니다.

두질환이 비슷해보이는데 어떤차이가있나요?",C1,,tri_llm_consensus
T-1021,2020,안과,눈에 주사를 어떻게 나요?,황반변성은 주사를 맞는다는데 눈알에 맞아요 아니면 피부애 맞아요? 난알에 맞으몀 실명되는거 아니에요?,C4,,tri_llm_consensus
T-1022,2020,"미용도구, #황반변성, #황반변성치료, #치료법, #항체주사, #황반변성, #오큐실, #아미넥스코리아, #대릭김, #항체주사, #녹내장, #안과, #황반변성치료, #황반변성증상, #황반변성안과, #황반변성, #황반변성증상, #황반변성한의원, #황반변성병원, #지식인카드, #지식인카드답변, #플레이스URL, #황반변성예방, #안구질환치료, #동영상답변, #지식iN동영상답변, #지식인카드, #지식인카드답변, #플레이스URL, #황반변성, #황반변성치료, #지식인카드, #지식인카드답변, #플레이스URL",황반변성 치료법에 대해서 2가지만 알려주세요 내공 드려요,황반변성을 치료할 때 열레이저응고술을 쓰는 건가요? 아님 열레이저광응고술을 쓰는건가요? 또 항체주사에는 항 혈관내피성장인자 항체를 넣는 것이 맞나요? 이름이 비슷한 다른 항체를 넣는다는 사람들도 많아서요. 제발 빠른 답변 부탁드립니다.,C3,C4,tri_llm_consensus
T-1023,2020,"안과, #안과, #삼출성황반변성, #눈에가스주입, #눈, #시술, #황반변성, #오큐실, #아미넥스코리아, #녹내장, #안과, #습성황반변성, #삼출성황반변성, #황반변성치료, #황반변성안과, #황반변성주사",삼출성 황반변성 진단받고 가스주입 시술을 받았습니다.,"엄마가 저렇게 진단받고 시술을 받았는데, 하루 좀 넘게 지났는데 자꾸 물방울(?)처럼 앞에 검정색으로 뭐가 보인다는데 이게 가스를 넣어서 그럴걸까요..?

혹은 왼쪽 눈에 출혈이 좀 많았었는데, 그 피가 보이는걸까요?

어제부터 계속 엎드려있고 엎드려 자고 그랬는데

뭘 어떻게 해야할까요?

우선 내일 병원은 일찍 갈건데, 그 전에 조치를 어떻게 해야할지 모르겠습니다ㅠㅜ",C9,C3,tri_llm_consensus
T-1024,2020,인체건강상식,황반변성 치료를 진행해야 하는데..,"저희 할아버지가 눈이 불편하셔서 안과를 갔는데

한쪽눈에서 황반변성 초기진단을 받으셔서 오셨더라구요..

해서 요즘 황반변성 치료에 좋은 영양제나 뭐 이것저것 챙겨드리고 있는데요

수술 하는거 말고 제가 해드릴수 있는게 없을까요 영양제이런거 말고

황반변성 치료에 좋은 음식이라던지

아니면 황반변성 치료법이라던지 아시는거 있으면 공유좀 부탁드립니다",C5,C3,tri_llm_consensus
T-1025,2020,"안과, #황반변성, #황반변성원인, #황반변성치료, #황반변성, #오큐실, #아미넥스코리아, #대릭김, #녹내장, #안과, #황반변성증상, #황반변성치료, #황반변성예방, #당뇨망막증",황반변성자가진단 원인 뭔가요 치료법 알려주세요,"황반변성자가진단 해보려구요

황반변성 유전이라는데 원인이 그게 맞나요 ? 치료법 좀 알려주세요 시력이

점점 더 떨어지고 안좋아지고 있어서요

지금 관리안하면 순식간에 더 나빠지고 시력떨어지면 회복 어렵다고 하는데

혹시 황반변성자가진단 이후 치료법 이나 좋은것 알려주세요 둥굴결명진액 이라고

화순건강마을에서 파는게 유명하긴하던데 좋은재료로 달여서 만든거라...

어떤가요 황반변성 치료법 예방에 좋은 음식 찾고 있어요 추천 부탁드려요",C5,C1,tri_llm_consensus
T-1026,2020,"안과, #지식인카드, #지식인카드답변, #플레이스URL",당뇨성  망막병증이 잇어요 근데 녹내장 처럼 이것도  위험한건가요,"초기는 아니구 중기로 갈라구 한다고 합니다

인슐린 맞아요

2형 당뇨 구요

근데 녹내장도 어중간해서 현찮아서 언제든 안약이 들어 갈수잇다고 하구요

안압이 높아서 안약 넣을라구 하다가 (안약 낮추는 = 중간에 떨어져서 안넣어요 -이것도 평생 넣어야 하나요  넣기 시작하면

아무튼

녹내장처럼   (저는 이게 무섭다고 생각하는데

망막병증도 그러한가요

또 황반변성은 뭐며 이것도 무서운가요 (이건 왜 오나요 눈에",C1,C6,tri_llm_consensus
T-1027,2020,사람과 그룹,황반변성에대해서요,"황반변성증상이 이런가요?

저렇게 구부러져보이고",C2,,tri_llm_consensus
T-1028,2020,"의료기관, 의료인, #덕정역안과, #고암동안과",덕정역 안과나 고암동 안과 중에서 황반변성 진료 가능한 안과요,"덕정역 부근이나 고암동 부근에서 황반변성 안과 진료 가능한 안과 알려주시고요.

없다면은 다른 지역도 알려주세요",C8,,tri_llm_consensus
T-1029,2020,고등학교교육,황반변성 증상 초기로 보이는데 관리를 통한 개선이 가능할까요?,검사를 받아보니 황반변성 증상 이라고 망막하에 노란 침착물이 보인다고 하는데 그런 이유인지 황반변성 증상 때문에 눈이 침침하게 느껴지는 빈도가 잦아지는 듯 하네요. 아직 젊다고 생각했는데 벌써 노안이 온 건가 싶어서 그런지 우울하기도 하고요... 관리를 하면 개선될 수 있는까요?,C5,,tri_llm_consensus
T-1030,2020,"안과, #황반변성, #오큐실, #아미넥스코리아, #안과, #당뇨망막병증, #녹내장, #황반변성전문, #황반변성치료, #황반변성증상, #황반변성주사",자외선이 황반변성에,자외선이 황반변성에 미치는 원인이 무엇인가요?,C1,,tri_llm_consensus
T-1031,2020,"고용보험, #실업급여, #질병퇴사, #질병퇴사실업급여, #실업급여수급자격",질병(황반변성) 및 시력감퇴로 인한 자진퇴사 실업급여,"입사하기 전부터 저는 황반변성 질병이 있는데요 (왼쪽눈만)

입사하기 전 몇달간의 진료 및 치료 내역과, 진료 내용을 모은 CD (사진 기록들) 있구요

하루종일 컴퓨터만 바라보는 직업이라 슬슬 눈에 부담감이 커져서 퇴사했어요

안과의사는 눈에 부담감을 주는 직종은 이제 피하시라 하구요

1. 이 같은 경우에는 질병-자진퇴사로 실업급여 받을 수 있을까요?

2. 질병 실업급여는 완치 후 완치 서류를 입증해야 받는다는데 맞나요?

3.황반변성은 완치 질병이 아니고 평생 안고가는 질병인데 이것도 실업급여 인정될까요? (눈에 부담감 주는 직종을 피하고 다른 직종으로 이직을 한다하면)",C7,,tri_llm_consensus
T-1032,2020,"건강식품, 의약외품","안저검사로 황반변성, 녹내장 알 수 있나요?","눈이 뿌옇고 흐릿한 듯해요. 앞이 엄청 흐릿한 정도는 아닌데 그래도 불안해서 안저검사 받아보려고 해요.

안저검사 받으면 알 수 있을까요? 눈 문제 같은 경우 평소 관리가 필수라던데 검사 후 어떻게 관리해야 하는지도 알려주세요.",C2,C5,tri_llm_consensus
T-1033,2020,"안과, #황반변성, #아미넥스코리아, #오큐실, #녹내장, #안과, #습성황반변성, #폐쇄각녹내장, #황반변성전문, #녹내장전문, #녹내장병원",황반변성 눈 색깔,"저희아빠가 한쪽눈이 황반변성인데 건성이 아니라 습성?이라서 더 안좋은거에요

벌써 15년 넘은것같아요

몇달에 한번씩 주기적으로 병원가서 검사받고 의사가 안좋아졌다고 할때마다 눈에 주사를 놔줘요

근데 이번에 아빠가 눈이 더 안보이고 안좋아진것같다고 주사맞고싶다하셨는데

의사는 계속 괜찮다고 주사를 안맞춰줬대요

의사가 주사맞으라해야 보험혜택받을수있어서 그나마 덜비싸게 낼수있는데 환자본인이 맞는다하면 너무 비싸져서 맞을엄두도 못내요..

이런문제는 해결할방법이 없을까요?ㅠㅠ

그리고 아빠 황반변성 걸린 눈만

눈동자 테두리쪽에 회색빛 줄이 가있었는데 그게 점점 진해지는것같아요... 원래 황반변성이 그런가요?

더 상태안좋아지면 진해지는거에요?

이러다 아예 안보이시면 어쩌나 너무 걱정돼요ㅠㅠ",C7,C4;C2,tri_llm_consensus
T-1034,2020,"영양제, 건강보조식품",황반변성 증상 효과있는 제품은?,"저희 아버지께서 요새 눈이 침침하다고 하시고

글자도 잘 안 보인다고 하네요ㅠ

제가 보기에는 황반변성 증상 같아서 질문 드립니다.

황반변성 증상에 좋은 것이 뭐가 있나 찾아보니 루테인이 좋다고 하던데

정말 효과가 있나요?

좋다면 어떤 제품이 좋은지 답변 좀 부탁드릴게요~!",C5,C2,tri_llm_consensus
T-1035,2020,안과,"황반변성 진단 받았는데, 뭐부터 시작해야하죠?","안녕하세요. 저희 외할머니가 황반변성 진단을 받으셔서 지금 황반변성 주사 맞으러 다니시고 있거든요.

근데 병원에선 따로 눈 관리도 함께 해줘야 더 안나빠지고 좋아지는 방향으로 잡힌다는데, 뭘 어떻게 관리하는 걸 시작할지 막막하네요.

황반변성 관리방법 좀 알려주세요.",C5,C4,tri_llm_consensus
T-1036,2020,안과,이런증상은 왜그런건가요?,"저희아빠가 60대중반이신데 10년전에 한쪽눈이 황반변성에 걸리셔서 주기적으로 검사받으시고 안좋아지시면 주사맞으세요

근데 요즘에 시력이 더 떨어진것같다는데

황반변성걸린 눈동자에 회색빛 무늬가 진하게 생겨있어요

전에도 살짝 있긴했지만 훨씬 진해져서 잘보여요

그림처럼요..

이건 왜그런건가요??",C2,C6,tri_llm_consensus
T-1037,2020,"의료기관, 의료인, #황반변성안과, #옥정동안과, #황반변성, #오큐실, #아미넥스코리아, #안과, #대릭김, #알파실, #아미넥스, #녹내장, #황반변성치료, #황반변성주사",옥정동 안과 중에 황반변성 잘보는 안과,옥정동 안과 중에서 황반 변성 잘보는 안과 알려주세요,C8,,tri_llm_consensus
T-1038,2020,안과,망막박리랑 황반변성이랑 다른 질병인거죠? 다르다면 뭐가 더 해로운 질병인가요??,,C1,,tri_llm_consensus
T-1039,2020,안과,눈 지직거림,황반변성 자가진단표나 책을 오른쪽눈 가리고 왼쪽눈으로 한 15초정도 보면 눈 앞이 옛날 tv마냥 지지직거리면서 시야 일부가 까매지면서 모자이크처리한거처럼 안보이다가 다시 보이는걸 반복하네요..시야가 왜곡되어보이는 현상은 없는데ㅠ 최근 축구하다 왼쪽눈에 공 맞은적 있는데 이거때문에 그런건가요 아니면 황반변성인가요?,C2,,review_pool_R1_v5b
T-1040,2020,"미용도구, #황반변성, #오큐실, #아미넥스코리아, #안과, #대릭김, #녹내장, #황반변성주사, #눈주사, #황반변성전문, #녹내장전문",황반변성에 좋은 음식 뭐가 있나요?,,C5,,tri_llm_consensus
T-1041,2020,건강에좋은음식,눈에 좋은 음식들 권장량을 넘겨도 괜찮나요.? 내공100,"루테인약 / 깻잎 / 브로콜리 / 아로니아 / 메리골드

1        20장   1/4통       30알        3꽃

저희 할머니가 황반변성때문에 눈에 대한 걱정이 많으셔서 위글처럼 먹고 계십니다.

근데 권장량이라는게 있는데 지금 권장량을 엄청 오버했는데 크게 상관없을까요.?",C5,,tri_llm_consensus
T-1042,2020,안과,눈에 좋은 음식들의 권장량.. 이렇게 먹어도 되나요?,"깻잎 : 20

아로니아 : 30

루테인약 : 1일치

메리골드 : 2꽃송이

저희 할머니가 황반변성이 있어 눈에 좀 예민하십니다. 그래서 눈에 좋은음식을 거의다 드시는데요.

저러면 하루 권장량을 넘기는건가요? 아니면 이대로 섭취해도 괜찮을까요?",C5,,tri_llm_consensus
T-1043,2020,"신경과, #황반변성, #오큐실, #아미넥스코리아, #안과, #녹내장, #알파실, #아미넥스, #황반변성주사, #눈주사, #습성황반변성",황반변성 주사 후 통증,"어머니가 황반변성 주사를 3번째 맞고 있는데

오늘 맞고나서 두통이 심하고 속도 울렁거린다고 합니다

일단 진료받는 병원도 다 퇴근하고 약국도 문을 닫아 그냥 두통약 타이레놀 하나 먹었는데

나중에 자기 전에 타이레놀 더 먹어도 되는지요..",C9,C4,tri_llm_consensus
T-1044,2020,"건강식품, 의약외품, #황반변성, #오큐실, #아미넥스코리아, #대릭김, #녹내장, #안과, #습성황반변성, #알파실, #아미넥스, #녹내장전문",황반변성(습성)으로 치료중 병원에서...,"황반변성(습성)으로 치료중 병원에서 눈영양제 오큐바이트프리저비전정을 추천받아 복용하려구잎했는데 집에서 먹는 비타민영양제와 성분이 겹칩니다.

오큐에는 산아아현21.65mg 비타민영양제에는 30mg들어있

습니다 같이 복용해도 되나요?",C5,C9,tri_llm_consensus
T-1045,2020,"건강식품, 의약외품",황반변성 영양제 좀 추천해주세요,황반변성 치료를 얼마전에 받았었는데 재발할 수 있으니 관리를 잘해야한다고 하더라구요 그래서 황반변성 영양제라도 챙겨먹어보려고하는데 뭐가 좋은지 잘 모르겠네요 황반변성 영양제 좀 추천해주세요,C5,C6,tri_llm_consensus
T-1046,2020,"건강식품, 의약외품",황반변성 증상인지.. 눈이 침침해요,"오후마다 눈이 건조하고.. 피로하고... 침침해지더라구요..검사 받아보니까.. 완전 초기에 나타날 수 있는 황반변성 증상이라는데,, 관리를 하며 좀 괜찮아 질까요?",C2,C5,tri_llm_consensus
T-1047,2020,안과,한곳 집중해서 보면,한곳 집중해서 보다보면 그 부분은 보이는데 그 주변 물체가 뭔가 빤짝거리면서 안보이다가 좀 있으면 다시 보이네요 황반변성표로 테스트해봤는데 보다보니 뭔가 지직거리면서 시야 가렸다가 다시 보이네요 이거 망막박리인가요 황반변성인가요?,C2,,review_pool_R1_v5b
T-1048,2020,안과,황반변성증 관련,"저희 어머니가 오늘 안과를 가셨거든요.

원래는 렌즈삽입술을 하러 가셨는데 검사해보니까

오른쪽 눈이 황반변성증이라 시력이 안나오는것이고

치료할 시기는 늦고 상태를 쭉 두고 봐야한다.

렌즈삽입술은 해도된다. 대신에 시력은 최대 0.4정도만 나올것이다 하고 하셨거든여?

그러면 질문이

1. 루센티스? 이런 주사약물 써도 늦었다고 말씀하시는건가요?

2. 최대 실명까지 갈수 있다는데 어떻게 관리를 해야하나요?

3. 안과에서 렌즈삽입술을 그러면 하는게 의미가 있나요?(왼쪽눈에도 조금 노안이 있으시긴해요)

4. 관리를 잘해주면 일상생활에 무리없이 지내실수 있나요? 네이버 지식백과보면 65세이상부터는 실명

확률이 상당히 높던데요..",C3,C5;C6,tri_llm_consensus
T-1049,2020,안과,질문 드립니다. 아이천사님,"오늘 삼성 모바일 스토어에 갔습니다. 삼성 핸드폰이나 노트북 테블릿들을 다 전시 해놓고 파는 곳 아시죠..? 어쨋든 거기서 핸드폰 좀 구경하고 있었거든요. 핸드폰을 구경하는데 좀 화면이 많이 밝다 싶더라고요 그래서 확인해봤더니 핸드폰 밝기가 100까지 되어있는거에요 ㅠㅠㅠㅠㅠ  거기서 몇분 정도 폰 구경했는데 괜찮을까요? 제 눈? 과도한 광선노출로 인해 황반변성이 올까요??? ㅠㅠ 저 어떡해요

인터넷 찾아보니 중국의 한 여성이 매일 매일 핸드폰 밝기를 밝게 하고 사용했더니 눈에 아무리 인공눈물을 넣어도 효과가 없어 병원에 가보니 각막에 구멍이 몇십개나 뚫리고 망막도 안좋아졌다던데 저 진짜 괜찮을까요??? 너무 힘들어요 ㅠㅠㅠ 무서워서 아무것도 못하겟어요 진지하게 답변 부탁드려요/",C1,,review_pool_R1_v5b
T-1050,2020,안과,눈에 암점이 보였다 사라집니다.,"갑자기 어느 순간 검은색 동그라미가 눈에 나타났다가 1~2분 정도 지속 후 사라집니다.

비문증과는 증상이 다릅니다.

비문증은 사라지지 않지만 이 암점 (잔상)은 시간이 좀 지나면 사라집니다.

(비문증도 가지고 있어서 증상이 다르다는 것을 확실히 알 수 있습니다.)

그러다가 또 다시 나타나는데...

일과성 흑암시? 당뇨망막병증? 황반변성? 등 이것이 어떤 질병의 증상인 건지 궁금합니다.",C2,,review_pool_R1_v5b
T-1051,2020,"미용도구, #녹내장, #오큐실, #아미넥스코리아, #황반변성, #안과, #황반변성증상, #황반변성주사, #황반변성치료, #대릭김, #녹내장진행, #안과한의원, #황반변성, #지식인카드, #지식인카드답변, #플레이스URL, #황반변성, #황반변성치료, #지식인카드, #지식인카드답변, #플레이스URL, #황반변성, #황반, #황반변성, #백내장, #동영상답변, #지식iN동영상답변",백내장 수술 이후 증상과 황반변성과의 관련 문의,"50대 초반 이구요 얼마전에 백내장 수술이 필요해 검진을 했는데 황반변성이 양쪽 눈에 있다고 합니다.백내장 수술 후 진행을 보고 주사치료를 한다는 이야기를 의사에게 듣고 백내장 수술을 진행 했습니다.수술후 안대를 풀었는데 눈동자 밑쪽으로 까맣게 보여 시야를 가리고 있어요. 이건 왜 그런가요?

또. 왼쪽으로 눈을 돌리면 까만부분이 없어지고 오른쪽으로 옮기면 까만부위가 더 많이 보입니다.그래서 시야가 답답해요.

이 증상이 황반변성과 관계가 있나요?

정확한 답변 부탁드립니다",C9,C2,tri_llm_consensus
T-1052,2020,"안과, #황반변성, #오큐실, #아미넥스코리아, #대릭김, #안과, #녹내장, #황반변성주사, #황반변성전문, #황반변성진행, #황반변성협회",황반변성 말기,"저희 아버지가 82세신데 동네병원에서 황반변성같다고하여 안과전문병원에 가라하더군요. 그래서 큰병원으로 가 검사를 하였고,결과 너무 진행이되어 치료할 방법이 없다더군요.동네 병원에 정기적으로 가 안약만 처방 받는 방법밖에. 없다더군요.정말 고칠 방법이 없는건가요?혹시 루테인이 도움이 될까요?맘이 아픕니다",C3,C6;C5,tri_llm_consensus
T-1053,2020,"의료기관, 의료인, #의사, #오진, #안과",아버지가 안과 의사 오진 받으셔서 실명했습니다,"저희 아버지가 한쪽눈이 시력 저하를 느끼셔서

동네 안과를 가셨는데 거기 의사가 노안때문에 시력 떨어진다고

진단하셨어요

근데 날이 갈수록 너무 떨어져서 큰 병원 가셨는데

황반변성이라는 질환으로 이미 실명에 이르렀고

나머지 한 쪽 눈도 진행중이라고 합니다

이럴 때는 어떻게 해야하나요?

전문가의 답변 기다립니다 도와주세요ㅠㅠ",C9,,tri_llm_consensus
T-1054,2020,안과,황반변성이나 녹내장.백내장 질환에 걸리게되면...,"치료못하고 치료시기를 놓치거나 했을때 결국 말기쯤되면

눈 안보이는게 완전 깜깜하게 안보이는건가요? 조금에 밝음도없이 형체도안보이게 밤에 빛이없는실내에서 불끈것처럼 까만색으로 보이게되나요?",C6,,tri_llm_consensus
T-1055,2020,안과,황반변성 초기증상,"제가 두시간 정도 게임을 하다가 벽을 쳐다봤는데

벽이 흘러내리는듯이 보였어요 게임 잔상이라고 하기엔..음 어지럽거나 그렇진 않았고 너무 당황스러워서 멍때리고있었는데 10초 뒤에는 멀쩡해지더라고요 혹시 황반변성 초기증상인가요?",C2,,review_pool_R1_v5b
T-1056,2020,안과,황반변성 관련 질문,"한.. 5년 전부 건강검진만 하면

안저촬영검사에서 황반부 망막변성 의심된다..

안과 정밀검사 받아라~

이런 의견이 뜨는데..

그래서 매년 안과가서 정밀검사.. (망막 CT인가.. 눈에 안약 넣고 동공확장시켜 찍는 것) 을 하는데..

그걸하면 이상없다고 나옵니다.

안과의사는 별 이상 없다고만 하고..

하지만, 일상생활할때 가끔..

눈부심 현상이 있으면서 글씨가 잘 안보일 때가 있는데..

이게 황반변성이랑 연관이 있는건가요?

해당 병의 원인을 찾기 위해서는..

종합병원이나 그런데 가서 좀더 정밀 검사를 받아야 하는건가요?",C2,C8,review_pool_R1_v5b
T-1057,2020,안과,황반변성의 원인이 되는 음식이 있나요...,황반변성의 원인이 되는 음식이 있나요?,C5,C5,tri_llm_consensus
T-1058,2020,"안과, #안과, #안약, #황반변성",황반변성검사,"저희 어머니(76세)께서 8년전에 수원에 ㅁ안과에서 백내장수술을 했어요 근데 지금까지 안약 리블리스 와 리플루 라는 안약을 특별히 아픈곳은 없는데 8년동안 계속 넣으라해서 하루에 몇번씩넣으셨고 저번6월쯤에 약처방을 받으러 갔을때 문진중에 그냥 한쪽이 흐맀한거같다했더니 갑자기 황반변성끼가 있다며 검사받자고해서 이것저것(안저검사포함)검사한거같아요 그러면서 별말없이 한번더 보자며 또 8월7일에 예약을 했대요 근데 8월7일에 갔더니 안저검사등 검사도 없이 그냥 눈으로보는 현미경검사만보더니 좋아졌다고하며 또 안약2종류 리블리스와 리플루를 몇달꺼 처방해주며 하루6회씩 넣으라했대요 그리고 또11월예약을 잡아주더랍니다 제가 저희어머니께 이것저것 여쭤보니 시력검사도 안경안쓰고 했고 흐릿흐릿 안보이던것도 안경쓰면 보이고 고부러져보이는것도 전혀없고 암점도 전혀없대요

제가 궁금한것은

1.황반변성끼가 있다며 검사하고 두번째는 안저촬영검사도안하고 좋아졌다고하고 이것자체가 신뢰가전혀안가서요

황반변성끼가 있다면서 또 말도 안되게 백내장수술후 한달정도까지만 쓰는 두종류의 안약을 처방해주고 진짜 황반변성일지조차 의문이가고 이런식으로 경과비교검사도없이 황반변성의 경과를 지켜보는건가요? 그리고

2.안약 리블리스와 리플루 라는 안약을 가끔 안구건조증정도만있을뿐 아픈증상없이 8년정도 계속 넣어도 되는건지 궁금합니다

전문가님의 답변 부탁드립니다!!",C2,C9;C8,tri_llm_consensus
T-1059,2020,"영양제, 건강보조식품",부모님께서 드실만한 눈에 좋은 영양제 추천 부탁드립니다.,"점점 나이가 듦에 따라 노안이 오고.. 눈에 황반변성이 진행되며 , 하나 둘 혈관신생 또한 많아지는데요

눈이 노화가 진행되는걸 막아야 한다고 생각 듭니다,,

최대한 시력보호에 도움을 주는 영양제 추천 부탁드립니다.

( 그리고 눈에 좋은 영양분이 머가 있나요ㅜ 비타민A , 비타민D 루테인 밖에 몰라서..)

쏜리서치투퍼데이

쏜리서치 뼈영양소

쏜리서치 플라보노이드 비타민C

내츄럴팩터 비타민E

노르딕 오메가2000

이정도 영양제를 복용한다는 가정하에

해가 되지 않으면서 눈 보호를 위한 영양제를 추천 받고 싶습니다

부탁드립니다..",C5,,tri_llm_consensus
T-1060,2020,안과,황반변성의 관련,"수고 하십니다

황반변성이 희귀난치성 인가요",C7,,tri_llm_consensus
T-1061,2020,"안과, #컴퓨터, #스마트폰, #녹내장, #황반변성","컴퓨터.스마트폰을 많이 하면 녹내장, 황반변성에 걸릴 확률이 높나요?","오늘 의사 선생님에게 컴퓨터와 스마트폰을 하면 녹내장, 황반변성에 걸리냐고 물었는데 그거는 아직 모른다고 하더군요 그런데 제가 안과를 몇군데를 가는데 안과 선생님 2분은 녹내장,황반변성은 컴퓨터나 스마트폰을 많이 한다고 해서 걸리는건 아니라고 하던데 누가 맞나요?

또 컴퓨터.스마트폰을 많이 하면 녹내장, 황반변성에 걸릴 확률이 높나요?",C1,,tri_llm_consensus
T-1062,2020,"안과, #녹내장, #안압, #황반, #컴퓨터, #스마트폰, #황반변성","컴퓨터.스마트폰을 많이 하면 녹내장, 황반변성에 걸릴 확률이 높나요?","오늘 의사 선생님에게 컴퓨터와 스마트폰을 하면 녹내장, 황반변성에 걸리냐고 물었는데 그거는 아직 모른다고 하더군요 그런데 제가 안과를 몇군데를 가는데 안과 선생님 2분은 녹내장,황반변성은 컴퓨터나 스마트폰을 많이 한다고 해서 걸리는건 아니라고 하던데 누가 맞나요?

또 컴퓨터.스마트폰을 많이 하면 녹내장, 황반변성에 걸릴 확률이 높나요?",C1,,tri_llm_consensus
T-1063,2020,안과,"70대 어르신, 녹내장 검사 및 안과 종합 검진. 어떻게 받아야하나요?","안녕하세요.

어르신들 안과 검사 좀 받으려고하는데요.

녹내장검사 및, 백내장, 황반변성 - 이 정도 받으면

웬만큼 중요한건 받는다고 알고 있는데요.. 맞나요?

그리고, 녹내장은 안압만 정상이면 되는게 아니라,

시야검사, 동공촬영, 시신경 손상여부 등 꼭 체크해야한다고 하더라구요..

70대 어르신들, 안과가서 어떻게 꼼꼼히 확인해야...안과 검진 잘 받았다고 소문 날까요?^^ㅣ;;;

도움 말씀 부탁드립니다^^

감사합니다.",C2,,tri_llm_consensus
T-1064,2020,"의료기관, 의료인, #노원구안과, #망막안과, #망막전문의",노원구 안과 황반변성,"노원구 안과 중에서 황변변성과 같은 망막쪽 잘보는 안과 찾습니다.

동네 안과에서 진료 받았는데 큰 병원이나 망막 전문의 있는 병원 가라고 하네요",C8,,tri_llm_consensus
T-1065,2020,"주사, 약물 요법",황반변성 치료 지원요청,"2018년 양눈 백내장 수술을하고 한쪽눈은 망막수술을 하였습니다.

그런데 최근 이상이 발생하여 병원을 찾았더니 2일간 검사를 하고 황반변성을 판정받았습니다.

의사선생닌 말씀 치료방법은 레이져치료와 주사요법이있는데 저는 주사로 치료하는게 좋겠다고 합니다.

친절하게도 전에는 주사한번 맞는데 300만원이였는데 정부에서 그 십분의일 금액으로 치료를 받을수 있도록 하였다면서 8월31일, 9월29일, 10월29일 최소 3번은 맞아야 한답니다. 그렇다면 100여 만원이 소요 되는데 제 형편에 감당하기 버거울 것 같아 지원받고자 합니다. 단한번의 비용이라도 지원해주셨으면 합니다.

선처부탁드립니다",C7,C4,tri_llm_consensus
T-1066,2020,"주사, 약물 요법, #보아스사회공헌재단, #보아스재단, #의료비지원, #안과지원, #망막치료, #망막치료지원, #기초생활수급자지원, #취약계층의료지원, #지식인카드, #지식인카드답변",의료비 지원을받자면 어떻게 하여야하는지를 좀알려주세요,"저는 기초생활수급자로서 연령은 70대 후반이며 눈에 이상이 있어서 진단받은 결과 황반변성이라네요.

의사 선생님의말에 의하면 황반변성 치료는 레이져치료요법과  주사요법이있는데 저는 주사요법이좋겠다고 하며 주사를 3회 맞아야 합니다(한달에 한번 즉 8월31일.9월29일,10얼29일)

귀재단에서 지원을 받자면 어떤절차를 밟아야 하는지요,

또저같은 경우 얼마나 지원받을수 있는지를 상세히 알고 싶습니다.

선처를 부탁드립니다.",C7,C4,tri_llm_consensus
T-1067,2020,"자동차세, #황반변성, #오큐실, #아미넥스코리아, #녹내장, #안과, #대릭김, #황반변성검사, #황반변성치료, #황반변성전문, #황반변성증상",황반변성 관련,"수고 하십니다

황반변성이 희귀성 난치병으로 구분 되는지요",C7,,tri_llm_consensus
T-1068,2020,"성인영양, #황반변성, #루테인, #루테인복용법, #루테인부작용, #루테인영양제, #황반변성예방, #루테인복용, #루테인섭취, #황반변성에좋은음식, #황반변성, #오큐실, #아미넥스코리아, #루테인, #안과, #녹내장, #황반변성증상, #황반변성예방, #황반변성치료, #황반변성주사",루테인(황반변성) 복용법? 복용기간?,"64년생 어머니가 황반변성이 생길듯 하여 루테인을 복용하고 계십니다.

인터넷에 글을 보니 하루 권장량 20mg 즉 점심 식후 1회 복용과 2달정도 복용후 쉬었다가 다시 복용을 추천하던데

2달 복용 후 1달 쉬고 다시 2달 섭취하고 이런식이 맞는건지 궁금합니다.",C5,,tri_llm_consensus
T-1069,2020,"주사, 약물 요법, #황반변성, #오큐실, #아미넥스코리아, #녹내장, #안과, #황반변성주사, #황반변성전문, #황반변성치료, #황반변성예방, #황반변성병원, #황반변성, #결막염, #동영상답변, #지식iN동영상답변, #황반변성, #황반변성치료",황반변성 치료,"수고 하십니다

황반변성 치료에 치료 주사를 맞는데 주사 주입 회수가 정해저 있다고 하는데 주사 회수가 몆번으로 되여 있는지요?",C4,,tri_llm_consensus
T-1070,2020,안과,황반변성 자가검진 테스트,"오른쪽처럼만 안보이면 괜찮은 건가요?

한쪽씩 가리고 보면 왼쪽처럼 보이긴 하는데 계속 의식하고 보다보면 약간씩 움직이는 것처럼 보이긴 하거든요

근데 오른쪽처럼은 절대 아니에요. 그럼 괜찮은거죠?",C2,,review_pool_R1_v5b
T-1071,2020,안과,황반변성에 대하여,통증치료용 스테로이드주사가 황반변성에 미치는 영향이 어떠한가요,C9,,tri_llm_consensus
T-1072,2020,"건강식품, 의약외품, #황반변성, #오큐실, #아미넥스코리아, #대릭김, #녹내장, #안과, #황반변성치료, #황반변성증상, #황반변성전문, #황반변성주사, #황반변성, #황반변성한의원, #지식인카드, #지식인카드답변, #플레이스URL, #황반변성, #황반변성치료",황반변성 있는 사람이 MSM 먹어도 괜찮은가요?,"할머니께서 황반변성이 있어 한쪽은 실명에 가깝고 한쪽눈은 황반변성 진행중입니다. 연세가 있으시다보니 관절도 안좋으셔서 그동안 콜라겐 2타입을 드렸었는데요. 생각해보니 연골이 없는데 콜라겐을 먹어봐야 무슨 의미가 있나 싶어 MSM을 구입했습니다.

그런데 MSM 부작용중 안압상승이 있어서요. 안압이 황반변성과 관련이 있나요?

그리고 지금 할머니께서 아침 식후 쎄레브렉스캡슐200mg라는 진통제가 들어간 약을 드시는데 MSM 1000mg을 하루 한번이나 두번중 얼마나 드셔야 무리가 안가나요?

혹시 MSM을 먹으면 안된다면 콜라겐 2타입이 관절염에 도움이 되는지, 아니면 다른 관절에 좋은 영양제 추천 부탁드립니다.",C9,C5,tri_llm_consensus
T-1073,2020,안과,진짜 코로나때문에 계속 쉬면서 하루에...,진짜 코로나때문에 계속 쉬면서 하루에 휴대폰 10시간 이상하는데 찾아보니까 불루라이트가 황반변성일으킥고 막 그런다는데 저 걸리나요ㅠㅠ,C1,,review_pool_R1_v5b
T-1074,2020,"안과, #검색질문, #통합검색궁금증, #통합검색질문하기, #황반변성, #오큐실, #아미넥스코리아, #녹내장, #안과, #대릭김, #황반변성검사, #황반변성주사, #황반변성예방, #황반변성치료, #시력저하, #황반변성, #동영상답변, #지식iN동영상답변, #황반변성, #황반변성병원, #지식인카드, #지식인카드답변, #플레이스URL, #황반변성자가진단, #황반변성, #지식인카드, #지식인카드답변, #플레이스URL, #황반변성, #황반",한쪽눈은 정상인데 황반변성으로 한쪽눈...,"한쪽눈은 정상인데 황반변성으로 한쪽눈의 촛점부분을 실명하여 옆으로만 빛을 그낄수있어서 항상 어지럽고 속이매스껍고 책을볼수가 없어요 그런데 아픈눈위에 손가락두개를 살짝벌려서 가리면 어지러움이덜하고 책을볼수가 있어서 손가락대신 같은역할을하는 특수안경을 제작하여 쓰고싶은데 가능한지요

그런안경을 제작하는곳을 아시는분은 답을 달아주시면 고맙겠읍니다

눈의 촛점이 맞지않아 항상 입덧하는것처럼 살아가려니 너무힘들어서 부탁드려봅니다.",C9,,tri_llm_consensus
T-1075,2020,"안과, #안과, #황반변성, #황반변성치료, #황반변성주사, #황반변성수술, #검색질문, #통합검색궁금증, #통합검색질문하기, #오큐실, #아미넥스코리아, #황반변성, #안과, #대릭김, #황반변성진단, #황반변성치료, #황반변성예방, #녹내장, #황반변성주사",황반변성 수술과 부작용,"어머니가 최근에 눈이 나빠져서 안경을 새로 하셨는데, 그래도 안좋아서 병원에 갔더니 황반변성이라고 진단을 해주셨다고 합니다.

그러면서 동네안과 의사가 무조건 수술을 해야하며, 수술하면 백내장이 올꺼라고 했다는데요.

인터넷에서 다 알수는 없겠지만 아무리 찾아봐도 그런 말이 없는데요.

황반변성 아주 초기라고 하는데, 주사와 레이저 치료 외에 수술적인 방법이 있는지, 혹시 다른 부작용은 없는지, 또 서울쪽에 안과관련 대형병원을 혹시 추천해주실 수 있을까요?",C3,C8;C9,tri_llm_consensus
T-1076,2020,"안과, #검색질문, #통합검색궁금증, #통합검색질문하기, #황반변성, #오큐실, #아미넥스코리아, #안과, #대릭김, #알파실, #아미넥스, #황반변성원인, #황반변성치료, #황반변성예방, #지식인카드, #지식인카드답변, #플레이스URL, #황반변성한의원, #안구질환, #지식인카드",황반변성 문의드립니다,"황반변성으로 어머니 나이가 44년생으로 눈이 거의 안보이셔서 앞에서도 거의 안보이십니다 좋은 병원은 다 가봤는데도 방도가 없네요

해결책이 있을까요? 이식까지도 생각해 봤는데 지식이 없어서 모르겠네요 도움 부탁드립니다",C3,C8,tri_llm_consensus
T-1077,2020,안과,망막 검사로 황반변성인지 아닌지도 알 수 있나요?,"며칠 전에 망막 검사를 받았습니다.

황반 상태도 어떤지 알고 싶은데 망막 검사를 하면 황반 상태도 알 수 있나요?

아니면 따로 황반 검사를 해야 하나요?

답변 부탁드립니다.",C2,,tri_llm_consensus
T-1078,2020,"약 효능, 성분","루테인,지아잔틴","루테인,지아잔틴

이 눈에 좋은줄 알고 하루에1알씩 먹었는데....

알고보니까 이게....황반변성?여기에 좋고 오히려 폐에 안좋을 수도 있다는데 맞는지요?",C5,C9,tri_llm_consensus
T-1079,2020,안과,큰 창문으로 들어와서 바닥까지 들어오는 햇빛을 바닥을 보면서 보게됐는데 이런 경우에도 황반변성이 나타날 수 있나요?,,C1,,tri_llm_consensus
T-1080,2020,안과,황반변성..괜찮을까요?,"저희아빠가 60대중반이신데 10년전쯤 한쪽눈이 황반변성에 걸리셨어요..그것도 건성이아니라 더 안좋다는 습성으로요..

일년에 몇번 정기적으로 대학병원에 가서 검사받는데요

눈에 물이 차있으면 주사를 놔주는데

예전엔 잘 놔줬거든요

근데 오히려 요즘엔 계속 의사가 주사를 안놔줘요

의사가 주사놔야겠다고 결정해야 보험혜택받을수있거든요..

작년부터 오히려 아빠가 전보다 잘 안보이는것같다그러세요

근데 의사한테 눈이 더 안좋아진것같다며 주사놔주라고 요청해봐도 그럼 보험없이 맞으시라고한다네요...

결국 그냥 오시고..ㅠㅠ

정말 괜찮아서 안맞으라한걸까요?.. ㅜ

아빠는 눈이 더 안좋아지신것같다는데 이대로 둬도 괜찮을까요?",C4,C6;C7,tri_llm_consensus
T-1081,2020,"의약외품, #부모님영양제, #노인영양, #성인영양제, #종합비타민, #영양제복용법, #어른영양제, #칼슘추천, #칼슘, #칼슘제, #칼슘영양제, #칼슘제추천, #칼슘비타민d, #부모님영양제, #부모님영양제추천, #영양제추천, #비타민추천, #영양제",60대 아버지 영양제 드셔도 될까요?,"저희 아버지 영양제를 사드리려고 하는데요

나이도 있으시고 드시는 약 및 지병이이 있으셔서

아무리 영양제라고 해도 같이 먹어도 되는지... 해서요

지금 고혈압 약, 눈

(황반변성)

약, 팔 통증 약, 오메가

이렇게 드시고 있는데요

제가 이번에 영양제를 샀는데 저희 아버지와 같이 먹어도 되는지 여쭤봅니다.

- 라이프익스텐션 투퍼데이 종합 비타민

- 비맥스 메타정

- 블루보넷 킬레이드 마그네슘

이렇게 3가지 인데 아버지 드셔도 될까요?

그리고 추가적으로 아버지가 드시면 좋을약이 어떤것들이 있을까요?

황반병성으로 눈에 주사 맞으셨고 약 드시고 계시고

고혈압 약간 있으셔서 약드시고 계십니다.

6-70대 어르신들이 드시는 약이 어떤게 있을까요?",C9,C5;C4,tri_llm_consensus
T-1082,2020,"안과, #황반변성, #주사",정상 눈에 황반 변성 주사 시 문제,"정상인 눈에 황반 변성 주사 맞아도 문제 없나요 ?

안과에서 실수로 반대쪽 (정상눈)에 주사해서요?

두눈을 한번에 맞아도 괜찮은가요?",C9,C4,tri_llm_consensus
T-1083,2020,안과,황반변성의 원인이 뭔가요?...,"황반변성의 원인이 뭔가요?

진행이 더이상 안되는 경우도 있나요?",C1,C6,tri_llm_consensus
T-1084,2020,"안과, #지식인카드, #지식인카드답변, #플레이스URL",70대 황반변성 치료법,"70대 초반 아버지께서 종합병원에서 황반변성 진단을 받으셨습니다.

수술일정을 잡으셨다고 했는데 수술의 필요성과 치료(수술, 시술, 약물치료 등)방법들이

어떤것들이 있는지 알고 싶습니다.

주요 증상은 통증이나 흐릿(뿌옇)함은 없고 원래 시력은 원래 안좋으십니다.

일정하지 않지만 때때로 사물을 보는중 어느 지점이 ""빈공간""처럼 해당 부분이 안 보이신다고 하십니다.

""빈공간""이라고 말씀하시는 위치는 매번 위치가 같지도 않고 매번 그런 증상이 있으신것도 아니라고 하십니다.

이 증상이 황반변성이 맞는지, 치료법, 수술필요성에 대해서 알려주시면 감사하겠습니다.

특정약물 복용(루테인, 오메가 등) 혹은 식품 섭취에 대한 답변은 정중히 사절하겠습니다.

내공? 100을 추가했습니다. 부디 적절한 답변 부탁드립니다. 감사합니다.",C3,,tri_llm_consensus
T-1085,2020,안과,황반변성 망막 잘보는 안과 있나요?,"저희 엄마가 노안 증상이 있긴 하셨는데 요근래 오랜만에 통화드렸더니

눈에서 점 같은게 보인다고 하시더라구요. 눈도 자주 비비시길래

눈 자꾸 비비면 안좋다고 들어서 얼마 전에 엄마 모시고 같이 동네 근처에 안과에 갔었는데

망막은 괜찮다면서 안약만 좀 주시더라구요?? ㅠ ㅠ

왠지 좀 찜찜해서 엄마가 얘기하셨던 증상들 검색해봤는데

(점 같은게 보이거나 물건이 휘어져 보이는거) 황반변성인가

이거 실명할 수 있는 병이라고 하던데 덜컥 겁나더라구요ㅠㅠ

이 증상들 황반변성 맞는거죠?? 혹시 제주 안과 잘 보는데 추천해주실곳 있나요?

규모 있고 사람들이 많이 가는 곳이요!",C8,C2;C6,review_pool_R1_v5b
T-1086,2020,"안과, #황반변성, #아미넥스코리아, #녹내장, #대릭김, #오큐실, #안과, #황반변성검사, #황반변성진단, #황반변성치료, #황반변성주사, #황반변성, #눈질환, #지식인카드, #지식인카드답변, #플레이스URL, #황반변성한의원, #안구질환, #지식인카드, #지식인카드답변, #플레이스URL, #황반변성, #황반변성치료",황반변성 저명한 의사,"엄마가 황반변성인데, 이분야에서 유명하신 전문의나, 황반변성치료로 유명한 병원 알고싶어요...ㅜㅜ",C8,,tri_llm_consensus
T-1087,2020,안과,황반변성 관련 질문,"저희 어머니가 왼쪽눈 황반변성(습성) 진단을 받은지 오래되었고,

주사(아바스틴)를 꾸준히 맞으시다가, 효과 없는 것 같다고 스스로 중단하셨습니다.

그때 당시 검사를 했을 때에 이미 황반변성이 발생한 왼쪽눈 외에 오른쪽눈에도 발생할 기미가 있다는 말을 들었는데,

며칠전부터 엄마가 오른쪽 눈에도 증상이 나타난다고 하시네요ㅠㅠ

그래서 일단은 진료 받았던 병원에서 검사 받아보려고  하는데

12월 3일에 진료가능하대요

한달 정도 기다려야 하는데 그동안 더 심각해지거나 치료시기를 놓칠까봐 걱정돼요...

더 빨리 진료볼 수 있는 곳으로 가야 할까요?",C8,C6;C4,tri_llm_consensus
T-1088,2020,안과,황반변성 관련 질문있어요,"아버지께서 오늘 황반변성 진단을 받으셨습니다. 집 근처 병원 의사

선생님께서 망막에 물이 찼다고 대학병원에 얼른 가야하는 수준이라고

하시더군요. 아버지께서는 술담배도 하지 않으시고 58세이십니다. 무엇

보다 실명에 이를 수 있다는 점이 많이 걱정이 됩니다. 2년안에 실명

이 된다고 하는 인터넷 정보를 보았거든요... 대학병원은 다음주로 예

약되어있구요..

1. 황반변성 완치는 불가하나요? 불가하다면 치료를 통해 더 나빠지는

것을 막을 수 있나요? 치료비는 얼마이며, 효과는 보장되나요?

2. 황반변성 원인으로 스트레스, 인스턴트 섭취 등이 영향을 미치나요?

3. 황반변성에 걸렸더라도 실명을 막을 수 있나요?

4. 황반변성 수술이 있나요?

5. 유전적, 술담배 전혀 안하고 문제가 없으시고 평소 건강하신 분인데

왜 이 증상에 걸리신걸까요?

가족들이 모두 걱정하고 있는 상황입니다. 현실적으로 답변해주시면

감사하겠습니다.",C6,C3;C1,tri_llm_consensus
T-1089,2020,"의료기관, 의료인, #노원구안과, #황반변성, #황반변성, #오큐실, #아미넥스코리아, #대릭김, #안과, #녹내장, #황반변성전문, #황반변성치료, #황반변성수술, #황반변성진단",노원구 안과 중에 황반변성 잘보는 안과,"아버지가 황반변성이 의심 되신다고 동네 안과에서 이야기를 해서 망막전문의가 있는 안과로

가라고 했는데요. 망막전문의 잘하시는 분이 있는 안과 알려주세요",C8,,tri_llm_consensus
T-1090,2020,안과,..병원에서 황반변성 진단받았는데,병원에서 황반변성 진단받았는데 의사가 황반변성이긴한데 흉진거처럼 보인다고 아마 더이상진행은 안될거라고하면서 자가진단하면서 휘어짐이 심해지면 그때조치하고 지금은딱히 할게없다는데 황반변성은 신경이문제라 완치가안된다고합니다 제가아는황반변성은 주사치료도하고 뭘해야되는데 이런경우가있는지 궁금합니다 ㅠㅠ,C3,C6,tri_llm_consensus
T-1091,2020,안과,황반변성..,"황반변성 진단을받았는데 습성인지건성인지를 못들었습니다

네이버를 찾아보니 변시증이있으면 무조건 습성황반변성이라는데 이게 사실인가요..?

또는 황반변성이긴한데 흉이져서 더이상진행이안될거라는데 이게 가능한일인가요?",C1,C2,tri_llm_consensus
T-1092,2020,"안과, #혈액순환에좋은운동, #발목펌프운동, #황반변성, #아미넥스코리아, #오큐실, #대릭김, #안과, #녹내장, #황반변성수술, #황반변성치료, #황반변성주사, #황반변성증상",황반변성 시술 해야할까요,"아버지가 60대 고혈압진단 받으셨고

황반변성 진단을 받으셔서

주사치료는 1회 받았는데

의사선생님께서 진행속도가 빨라

가스 시술 치료도 하자고 하시더라구요

혹시몰라 다른병원도 가봤더니

다른병원에선 주사치료만 하자고 하시구요

눈이라 잘못될까봐 너무 걱정이네요",C3,C8,tri_llm_consensus
T-1093,2020,안과,황반변성 등 실명 예방하려면 어떻게 해야하나요?,"오메가3 섞인 루테인 영양제를 매일 먹고있는데

이것 말고 예방할수 있는 방법이 있을까요?",C5,,tri_llm_consensus
T-1094,2020,"의약품, #황반변성, #퓨리탄, #눈, #노인질환, #신경약, #황반변성, #오큐실, #아미넥스코리아, #대릭김, #안과, #녹내장, #황반변성치료, #황반변성예방, #황반변성증상, #황반변성주사",퓨리탄 루테인 (황반변성),"퓨리탄 루테인을 직구 하려고 하는데 저희 조부모님이 약간 황반변성이 있습니다

아모디핀정

아스트릭스 캡슐 100mg

바이토린정

넥실렌이정

유로시트라케이서방정

글리아티린연질캡슐

카마제핀정

좀 많죠ㅜㅜ 이렇게 (혈압 +비뇨 +신경) 약을 드시고 계신데 루테인 영양제 드셔도 될까요",C5,C9,tri_llm_consensus
T-1095,2020,안과,눈에 햇빛을 어느정도 쫴야 적절한가요?,제가 우울증이 좀 있어서 눈에 햇빛을 주기적으로 쬐려고하는데 많이쬐면 또 황반변성이나 다른 망막 질환이 생기는 것으로 알고있어서 하루에 몇분씩 눈에 햇빛을 쬐면될까요?,C5,C1,tri_llm_consensus
T-1096,2020,안과,황반변성 등 실명 예방하려면 어떻게해야 하나요,"오메가3 섞인 루테인 영양제를 매일 먹고있는데

이것 말고도 예방할수 있는 방법이 있을까요?",C5,,tri_llm_consensus
T-1097,2020,"의료기관, 의료인, #황반변성, #황반변성안과, #의정부안과, #망막전문의",의정부 안과 중에서 황반변성 안과,"아버지가 동네 안과에서 황반변성 진단을 받으셨는데 망막 전문의가 있는 안과로 가라고

하시는데 망막 전문의가 있고 황반변성 잘보는 의정부 안과 알려주심

감사하겠습니다.",C8,,tri_llm_consensus
T-1098,2020,"의료기관, 의료인, #노인성황반변성, #황반변성, #황반변성주사, #황반변성, #오큐실, #아미넥스코리아, #대릭김, #안과, #녹내장, #황반변성주사, #황반변성치료, #황반변성예방, #황반변성전문, #안과질환, #안과치료, #안구질환, #황반변성치료, #지식인카드, #지식인카드답변, #플레이스URL",황반변성 주사 부작용,"아버지가 황반변성으로 주사를 맞으셨어요.

총3회 한달간격 맞아야 한다했대요.

1회차 주사 후 다음날 눈이 더 안보인다고 걱정하시며 병원에 가셨는데 이상 없다고 괜찮아 지실거라고 해서 집에 오셨고 다음날 되니 호전이 있으셨대요.

한달후 2차 주사를 맞았는데 이번에도 다음날 안보여서 전처럼 하루 지나야 좋아지나보다 생각했는데 지난번보다 더 안보여서 병원을 가셨어요.

이번엔 염증이 생겼다고 세균감염 같다고 하시며 급하게 수술을 진행했어요. 염증을 긁어냈다고 말씀하셨어요.

입원 5일 하셨고 2차 주사 맞기전 80 프로 보이던게 지금은 50 프로 보인다고 불안해하시고 불편해하십니다.

의사샘은 눈이 부어 안보이는거라고 시간 지나면 좋아질거래요.

이대로 병원 처방대로 기다려야할까요?

대학병원에 가야할까요?

3차도 원래 주사맞았던 날로부터 한달 뒤에 맞자시는데 그렇게 해도 되나요?

의사샘을 더 믿고 가도 되는건지. 다른 곳에서 검사를 해봐야하는건지 모르겠어요.",C9,C4;C8,tri_llm_consensus
T-1099,2020,"안과, #황반변성, #오큐실, #아미넥스코리아, #안과, #녹내장, #대릭김, #알파실, #황반변성치료, #황반변성주사, #황반변성예방",황반변성 아바스틴,"저희어머니가 황반변성판정을 받고.2주 전쯤 아바스틴 주사맞았는데요...맞기전보다 더 안보인다고하세요...이전에는 그냥 보려는 부분이 살짝 어둡게 보였는데 이젠 모든 게 다 휘어 보이고 저희.얼굴도 이상하게 보이신대요ㅜㅜ

제생각엔 부작용이라기보단 주사가 별로 효과가 없고, 황반변성이 더 진행되어 악화된거같은데...

걱정이네요

다음주사일정은 12월중순쯤인데...

그전에 내원을 해보는게.좋을까요

이",C9,C4;C6,tri_llm_consensus
T-1100,2020,"안과, #황반변성, #눈, #회복",황반변성 회복 이렇게 느리나요?,"얼마전 10월에 황반변성이 재발하였는데 재발했던 당일 날에 주사 치료를 했습니다. 그리고 그 다음달에 11월에 병원을 가 또 주사치료를 하였는데 아직까지 굴절 되서 보이는게 조금 남아있고 주변 흑점들도 남아있습니다. 2개월 뒤에 또 보자고 하시는데 또 주사치료를 할까 걱정됩니다. 경제적으로도요

그리고 주사치료 원래 이렇게 아팠나요? 몇년전에 치료했을 땐 그냥 따끔거리기만 한거 같은데 최근에 치료했을 땐 마취를 두 번 정도 해도 너무 아프더군요. 주사 맞고 며칠동안 두통이 생기기도 했습니다.",C6,C4;C9,tri_llm_consensus
T-1101,2020,"안과, #황반변성, #오큐실, #아미넥스코리아, #안과, #녹내장, #황반변성전문, #황반변성치료, #황반변성증상, #황반변성진단, #황반변성주사",황반변성 진행이 되는 질환인가요?,,C6,,tri_llm_consensus
T-1102,2020,"안과, #황반변성, #혈액순환에좋은운동, #발목펌프운동, #황반변성, #오큐실, #아미넥스코리아, #안과, #대릭김, #알파실, #아미넥스, #황반변성증상, #황반변성주사, #황반변성치료, #눈건강관리법, #황반변성에좋은음식, #지식인카드, #지식인카드답변, #플레이스URL, #황반변성, #안구질환, #황반변성치료, #황반변성영양제, #결막염, #안구통증, #동영상답변, #지식iN동영상답변, #지식인카드, #지식인카드답변, #플레이스URL",황반변성 영양제 봐주세요!!,아버지가 황반변성 진단을 받으시고 주사치료를 5회정도 받으셨습니다. 도움이 될만한 영양제를 검색하다가 이제품을 발견했는데 황반변성환자들이 복용해도 괜찮은 영양제인가요??,C5,C4,tri_llm_consensus
T-1103,2020,"의료기관, 의료인, #강북구안과, #황반변성안과, #황반변성, #오큐실, #아미넥스코리아, #대릭김, #황반변성증상, #황반변성치료, #황반변성예방, #황반변성수술, #황반변성주사, #황반변성전문",강북구안과 중 황반변성 안과,"강북구 안과 중에서 황반변성 진료에 일가견이 있는 안과 알려주세요.

아버지가 황반변성이 의심 된다고 하셔서 큰 안과 알아보라고 해서요",C8,,tri_llm_consensus
T-1104,2020,"정신건강의학과, #황반변성증상, #백내장관리, #동영상답변, #지식iN동영상답변, #지식인카드, #지식인카드답변, #플레이스URL, #황반변성, #황반변성증상, #황반변성, #안과질환, #지식인카드, #지식인카드답변, #플레이스URL","황반변성, 정신병, 환각?","전에 황반변성인지 아닌지 질문한 사람인데요

스트레스 때문에 눈이 그럴수도 있다고 해서

제가 지금 눈으로 뭔가를 볼때 항상 오른쪽이 눈에 제대로 안들어와요 다른 배경이랑 겹쳐진다고 해야하나 한번에 눈에 확 들어오지 않고 초첨이 안 맞는 것 같아요 흐려진다거나 그런건 없는데 눈이 인식을 못하는 것 같아요 다 보이긴 보이는데 무언가의 오른쪽이 항상 제대로 안보이고 뒷배경이랑 묻혀보여서 딱 안들어와요 갑자기 10분전부터 또 이래서 글 쓰는데 지금은 오른쪽 눈이 쥐 났을 때 처럼 막 파지직 하는 느낌으로 뭔가 있어요

병원에 또 가봐야할까요 아니면 혹시 이런 정신병 증상 있나요 뭐 귀신 낀건가요? 제가 스트레스 받긴하는데 심리치료도 받고 우울증 약도 살짝 먹었었는데 최근엔 죽고싶다는 생각 뿐이고 말해봤자지라 생각해서 계속 말 안하고 삭혔는데 스트레스가 원인이 되 수 있나요? 환각 같은 그런 정신병 문제일까요?? 아니면 그냥 눈병일까요..

+오늘은 나가려고 거울을 봤는데 뭔가 눈이랑 얼굴이랑 코랑 입이 이상하다고 해야하나 내 얼굴이 아닌 것 같이 얼굴에 안 붙어있는 것 처럼 보이더니 전처럼 다 오른쪽이 이상하게 보였어요 진짜 그냥 갑자기요",C2,C2,review_pool_R1_v5b
T-1105,2020,안과,황반변성,핸드폰 많이 하면 황반변성을 걸리수 있나요?,C1,,tri_llm_consensus
T-1106,2020,안과,"백내장, 황반변성, 눈 중풍","저희 어머니가 이번에 안과를 다녀왔는데 오른쪽 눈에 백내장, 황반변성, 눈 중풍이 왔다는 진단을 받았습니다. 안과에서는 백내장 수술 후 황반변성 치료를 하자고 하는데 궁금한 점이 있어서 질문드립니다.

내일 일반 안과에서 백내장 수술을 앞두고 계신데 큰 병원에 가면 백내장 수술과 황반변성 치료를 같이 받을 수 있나요? 아니면 큰 병원 가도 백내장 수술하고 나서 황반변성 치료를 들어가나요?

이 분야에 대해 잘 아시는 분 답변 부탁드립니다.",C9,C3;C8,tri_llm_consensus
T-1107,2020,"안과, #황반변성, #오큐실, #아미넥스코리아, #녹내장, #안과, #황반변성칠, #황반변성병원, #황반변성예방, #황반변성증상, #녹내장전문",황반변성은 시간이 지나면 실명하나요?,,C6,,tri_llm_consensus
T-1108,2020,"안과, #오큐실, #아미넥스코리아, #대릭김, #안과, #녹내장, #황반변성치료, #황반변성주사, #황반변성증상, #황반변성증, #황반변성예방",황반변성 치료제가없나요?,,C3,,tri_llm_consensus
T-1109,2020,"신경과, #안과, #황반변성, #장애인등급, #황반변성, #오큐실, #아미넥스코리아, #대릭김, #녹내장, #황반변성주사, #황반변성치료, #황반변성전문, #황반변성안과, #황반변성예방",황반변성으로 인한 실명-장애등급 받을 수 있나요?,"안녕하세요.

74세 아버님을 모시고 있는 딸입니다.

아버지께서 한쪽눈의 시력이 점점 약해지다가 병원 진료 결과 황반변성이라고 검사 결과가 나왔습니다.

그 이후 지속적으로 관리하고 눈에 주사를 맞고 유지하다가,

최근에는 더 안좋아졌다고 하네요.

이 질환으로 실명을 하게 된다면

장애인 심사를 받을 수 있나요?

아님 지금 상태에서도 한쪽눈은 거의 제 기능을 못하는데, 지금도 신청이 가능할런지요.

답변 부탁드립니다.",C7,C4,tri_llm_consensus
T-1110,2020,"한방 안과, 이비인후과",습성 삼출성 황반변성 입니다 . 출혈된상태인에 구기자차 마셔도될까요,"구기자차가 눈에좋다하여 마시는데 ,근데 구기자차가 출혈인 사람에겐 안좋다는 글을봤어요. 그 출혈이 피부출혈을 말하는건지 뭔진모르겠는데 .. 망막출혈이 된 상태도 해당이 될까요? 한의사님의 답변 부탁드립니다..",C5,,tri_llm_consensus
T-1111,2020,안과,황반변성 치료법,"몇년전에 건성 황반변성진단후 영양제만 복용하고 있는데 초기보다는 증상이 나빠진거 같습니다,물체의 중앙이 식별하기 어렵고 눈부심이심해 눈뜨기 곤란한데 병원에선 별다른 치료법도 없다고하고 정말 이렇게 속수무책으로 지내야하는지 너무 암울합니다.60대 중반이고 우측눈으로 시작해 좌측도 시력이 점차 흐려지고 있습니다,물론 우측눈은 글씨를 알아보기 어려운데 이럴땐 어떡해 해야할까요?쇳덩어리가 달나라를 왕복하는 이 좋은 세상인데 사람눈하나  고칠수 있는 치료법이 없다니 증말 답답합니다.",C3,C6,tri_llm_consensus
T-1112,2020,"선글라스, 안경","안경에 대하여,,,,",평소 눈이나빠 얼마전부터 도수있는 안경을 사용하고 있는데 황반변성으로 인해 눈부심이 심해서 문의 드리는데 일반도수 안경제작시 선글라스처럼 색을 넣을수는 없는지 알고 싶습니다.,C9,,tri_llm_consensus
T-1113,2020,"정형외과, #혈액순환에좋은운동, #발목펌프운동",황반변성 발목펌프운동에 좋나요?,"흡연자도 펌프운동 추천드리나요?

예를들어 흡연을하면 혈액순환이 안좋아지고

펌프가되면 혈액순환이 되고 그런원리인가요?",C5,,tri_llm_consensus
T-1114,2020,"안과, #황반변성, #오큐실, #아미넥스코리아, #대릭김, #녹내장, #황반변성주사, #황반변성치료, #황반변성약, #황반변성증상, #알파실, #루테인, #비문, #빌베리, #눈영양제, #선명하고, #또렷한, #스트레스극복, #황반변성치료, #황반변성, #동영상답변, #지식iN동영상답변, #지식인카드, #지식인카드답변, #플레이스URL, #황반변성, #황반변성한의원, #동영상답변, #지식iN동영상답변, #지식인카드, #지식인카드답변, #플레이스URL",황반변성..,저희 아버지께서 황반변성이 있으신데요.. 아직은 한쪽 눈에만 있는것같은데 주사를 꾸준히 맞고 계신데 아직까지 시력이 좋아지지 않아서요.. 실명 가능성이 있는건가요?? 없겠죠??,C6,C4,tri_llm_consensus
T-1115,2021,"안과, #황반변성, #오큐실, #아미넥스코리아, #대릭김, #녹내장, #황반변성치료, #안과, #황반변성주사, #황반변성검사, #황반변성예방, #황반변성, #안과질환, #황반변성, #지식인카드, #지식인카드답변, #플레이스URL",황반변성 증상 치료...,"작년보다 나이를 한살 더 먹어서 그런지 시력이 떨어졌고

한번씩 글씨도 휘어서 보이고 상태가 많이 안좋습니다

황반변성 증상 치료에 좋은것 좀 알려주세요

주사도 맞고 나름 할수있는건 황반변성 증상 치료에 좋은거 다해보려고 노력중입니다

따로 영양제같은건 안먹고있어요

황반변성 증상 치료중인데

제가 집에서 할수있는 관리법이랄지 뭐 이런것들 추천해주세요",C5,C3,tri_llm_consensus
T-1116,2021,안과,황반변성,"안걸리는법...

지금 시력이 나쁜데

안걸리는법",C5,,tri_llm_consensus
T-1117,2021,"안과, #황반변성, #오큐실, #아미넥스코리아, #대릭김, #안과, #녹내장, #황반변성예방, #황반변성진단, #황반변성검사, #코솝, #황반변성, #안과한의원, #황반변성, #황반변성치료",황반변성 자가진단 원인 뭔가요 ?치료제 ..,"눈 시력이 점점 더 떨어지고 있고 황반변성 의심된다고 하는데

가족력이있어서 늘 예방 관리잘하려고 노력했는데

제가 황반변성 이라고 하니 충격입니다 원인이 오직 가족력밖에없나요 ?

황반변성 자가진단 방법 좀 알려주세요

그리고 황반변성 치료제병원에서 하는것 말고 있을지 추천 바랍니다 관리도

잘해야더 심해지지않는다고 하던데 어떻게 해야할지 ㅠㅠ",C1,C5;C3,tri_llm_consensus
T-1118,2021,건강상담,눈(眼)을 찜질하고 싶을때?,"안녕하세요.

눈을 찜질 하고자 할때 냉찜질이 좋을까요

온찜질이 좋을까요 고견부탁드립니다.

참고로 황반변성이 있읍니다.",C5,,tri_llm_consensus
T-1119,2021,"안과, #황반변성, #안경도수",안보이는쪽 안경도수,"안녕하세요 어머니가 한쪽눈이 황반변성으로 거의회색으로보이시고 형태만 살짝 보이신다고 하시는데

한쪽눈은 괜찮으시거든요.. 이번에 안경을 맞췄는데

몰랏는데 안보이는쪽 도수를 보이는쪽도수랑 똑같은걸로 넣었더라구요

안보이시긴하지만 그래도 형태는 약간 보이신다는데.. 굴절도검사를해서 맞췄어야되는건 아니였는지

이런경우엔 도수가 의미가 없는건지 황반이 망가지면 도수는 아무거나껴도 이상이없는건지 ㅠㅠ

궁금합니다. 그래도 굴절도검사상 수치로 맞췃어야한건 아니였나싶어서 질문드립니다.

정상인들도 짝눈일때 안맞는도수를 넣으면 눈이 피곤하잖아요 황반이 이상있어서 형태만보이는경우는 이런걸다무시해도 되는건지 궁금합니다.ㅠ",C9,,tri_llm_consensus
T-1120,2021,가정의학과,자낙스정 0.25m과 자이프렉사~~도움좀,"자이프렉사5mg을 20년 매일 잘때먹어왔는데

이번에 황반변성 진단으로 불안초조로 잠도안오고불안해서 쌤이 10미리 늘리고자이프렉사

자낙스0.25mg 식후3번

혹시 어제 첨 먹었는데 잠 엄청 잘오고 불안함이 줄었어요

어차피 자이프렉사는 원래먹었던거라 먹어야하고

자낙스가 하루총0.75먹는데 이거 장기복용하면 이정도 양도 금단현상 나타나나요?

혹시 불안할때만 먹어도상관없는지

이게증상만눌러주나요? 아님 한달치머고 안정되어 안먹음 먹기전보다 블안증세가 나아지는 치료되는건가요",C9,,tri_llm_consensus
T-1121,2021,"의료, 상해 보험",실비보험 전 황반변성,"5/21 황반변성으로 인해 진단을 내려졌어요

5/26 실비 가입했습니다

그럼 실비 청구 못 받나요??ㅠㅠ",C7,,tri_llm_consensus
T-1122,2021,"안과, #안과의사분들도움, #황반변성, #피부과, #제모, #레이저제모, #시력, #안과의사님께, #피부과의사선생님, #녹내장, #안과전문의","피부과 레이저 제모기 안구질환, 시력저하 문의","안녕하세요

피부과 레이저 제모기 질문 드리는데요

제가 수염 제모를 하고 있는데

오늘 대기중에 무심코 고개 돌렸다가

의사분이 다른분 쏘시고 있는

레이저를 2m 정도 되는 거리에서 1-2초 정도 맨눈으로 봤거든요.....

이게 황반변성이나 다른 안구질환을 유발하거나

시력이 저하될 수 있을까요?

제가 눈 건강에 관심이 많은 편이라 너무 걱정이 되네요

지금 문제가 생긴거 같진 않은데.....

전문의 분들의 생각이 궁금합니다 ㅠㅠ",C9,,review_pool_R1_v5b
T-1123,2021,"안과, #지식인카드, #지식인카드답변, #플레이스URL, #삼출성황반변성, #황반변성, #황반변성, #황반변성치료, #황반변성, #눈건강관리법, #지식인카드, #지식인카드답변, #플레이스URL, #황반변성한의원, #황반변성병원, #지식인카드, #지식인카드답변, #플레이스URL, #황반변성, #오큐실, #아미넥스코리아, #안과, #녹내장, #황반변성진단, #황반변성검사, #황반변성예방, #황반변성관리, #황반변성치료",삼출성황반변성,70대이신 아빠가 삼출성황반변성 진단받고 대학병원을 예약했는데 2주정도 걸리더라고요.2주기다리다 대학병원을 가는게 나은지 큰개인병원가서 진료받는게 나은지 궁금하네요.실명이 온다하는데 하루빨리 개인병원 가는게 낫나요?,C8,C6,tri_llm_consensus
T-1124,2021,"약 효능, 성분, #RX신발, #당뇨꿀, #당뇨신발, #지코일신발, #지코일신발후기, #지식인카드, #지식인카드답변, #플레이스URL, #황반변성, #오큐실, #아미넥스코리아, #대릭김, #안과, #녹내장, #황반변성치료, #황반변성증상, #황반변성진단, #황반변성예방",황반변성 고혈압 당뇨 암에 탄소동위원소비 -22프로 토종꿀 질문이요,"혹시 안질환 중 황반변성이나 고혈압 당뇨 암 이런곳에

토종 천연꿀이 유해한가요 아니면 좋은음식 중 하나인가요? 내공 100드립니다

꿀선물해드릴까하는데 좋은지모르겠어서 질문남겨요",C5,,review_pool_R1_v5b
T-1125,2021,"안과, #황반변성, #오큐실, #아미넥스코리아, #대릭김, #안과, #황반변성증상, #황반변성예방, #황반변성치료, #황반변성검사, #녹내장, #황반변성, #황반변성치료, #황반변성수술, #건성황반변성, #동영상답변, #지식iN동영상답변, #지식인카드, #지식인카드답변, #플레이스URL","황반변성,,,,",건성 황반변성 진단을 받았는데 약이나 먹으며 더나빠지지 않게 괄리하는 방법 밖에는 없다는데 정말 수술이나 다른 치료로 증세가 호전되신 사례자가 안계실까요? 답변을 애타게 기다립니다.,C3,C6,tri_llm_consensus
T-1126,2021,안과,안과질문이에요,"왼쪽 눈이 몇 년 전부터 찌그러져 보이기 시작 하는데

가끔씩 바늘을 지르는 듯한 통증 와요. 어떻게 해야 할지 모르겠네요 인터넷 찾아 보면 황반변성 같은 데..

여기는 미국인데 안과를 가도 눈알 뒤에 물이 차서 찌그러져 보인다고 말만하고 별다른 처방이 없네요

치료 방법이 무엇인지 무엇을 물어 봐야 되는지 좀 알려 주세요

감사합니다",C3,C2,review_pool_R1_v5b
T-1127,2021,"선글라스, 안경, #검색질문, #통합검색궁금증, #통합검색질문하기, #황반변성, #황반변성한의원, #지식인카드, #지식인카드답변, #플레이스URL, #황반변성치료, #황반변성증상, #황반변성, #오큐실, #아미넥스코리아, #대릭김, #안과, #녹내장, #알파실, #아미넥스, #황반변성치료, #토카인루티나, #황반변성치료법, #안과한의원, #황반변성안과, #황반변성치료, #지식인카드, #지식인카드답변, #플레이스URL, #황반변성, #눈질환, #동영상답변, #지식iN동영상답변, #지식인카드, #지식인카드답변, #플레이스URL",황반변성  토카인루티나안경 가격과  성능,"60대 여성입니다

처음엔 알레르기성 가려움증과

눈 건조증이었는데

1년후 갑자기 눈이 건조증이

심해져서 황반변성 초기라고

하더라구요 토카인 루티나 안경이

황반변성 블루라이트차단과

루테인 기능을 한다고

하는데 기능이 확실한지

가격이 얼마인지

궁금해서 부탁드립니다

알려주세요ㆍ",C5,C7,tri_llm_consensus
T-1128,2021,"안과, #황반변성, #안구질환, #안질환, #눈, #시야불편, #동영상답변, #지식iN동영상답변, #지식인카드, #지식인카드답변, #플레이스URL, #황반변성, #오큐실, #아미넥스코리아, #대릭김, #안과, #녹내장, #황반변성주사, #황반변성증상, #황반변성검사, #황반변성치료, #황반변성, #황반변성치료, #황반변성한의원, #눈질환, #지식인카드, #지식인카드답변, #플레이스URL, #황반변성, #안구질환",황반변성인가요,제가 항상그런건 아니고 가끔가다가 1년에 3~4번씩 뭐라 설명을 못하겠는데 앞에가 일렁거린다 해야돼나 그런게 있거든요.글씨읽고 있으면 글자 가운데가 지워진것처럼 하얗게 보이고 시야 구석이 일렁이는 것처럼보입니다.그렇게 된지는 한 몇년 됬는데 요즘들어서 좀 덜해 진거 같긴해요 작년에는 두번 그랬던거 같고 지금 마지막으로 그런지 꽤 됐습니다.평소에는.가끔 초점이 좀 안맞는거 말고는 딱히 일렁이거나 그런건 아닌데 특이한건 그렇게 앞에가 한번 일렁이면 항상 1시간 정도 있다가 머리가 너무 아프고 속이 울렁거립니다.앞에가 일렁이게 보여서 어지럽거나 그런거 때문에 그런건 아닌거 같아요.앞에가 이렇게 보일때마다 머리가 너무 심하게 아프고 토할거 같아서 걍 빨리 자는데 자다가도 머리아프고 속안좋아서 깨서요.평소에 별생각 안했는데 외할머니가 황반변성으로 실명해서 불안해서요,C2,,review_pool_R1_v5b
T-1129,2021,안과,산동제넣고안저검사를 하면 초기에도황반,산동제넣고안저검사를 하면 초기에도무조건황반변성이 있는지 확인할수있나요?,C2,,tri_llm_consensus
T-1130,2021,안과,"황반변성이라던데, 치로도없이 지켜보자...","황반변성이라던데, 치로도없이 지켜보자 하더군요

치료가 불가능한거요?",C3,C6,tri_llm_consensus
T-1131,2021,"안과, #황반변성, #메나리, #매나리",노인성 황반변성 치료 방법은 어떤게...,노인성 황반변성 치료 방법은 어떤게 있나요?,C3,,tri_llm_consensus
T-1132,2021,"주사, 약물 요법, #오큐실, #아미넥스코리아, #안과, #황반변성, #녹내장, #황반변성주사, #황반변성치료, #황반변성예방, #황반변성실명, #황반변성진단",아버지가 황반변성이 있으셔서 10년전쯤에 부산 침례병원에서 매번 눈에 주사를 맞으러 다니시다가 실비가 없는지,"아버지가 황반변성이 있으셔서 10년전쯤에 부산 침례병원에서 매번 눈에 주사를 맞으러 다니시다가

실비가 없는지라

비용도 많이 부담되고 하셔서

그뒤로는 안가고 그냥 나두신거 같습니다

지금은 일반 눈영양제 루테인을 몇통을 드신거 말곤 없는데

당뇨도 있으십니다

담배도 많이 피시구요ᆢ

밤에도 운전이 시력이 많이 안좋아지셔서 조금 힘들어 하시더라구요 ㅜㅜ

제가 자식으로써 어찌 도와드릴수 있는방법은 없을까요?

황반변성에 좋은 영양제는 어떤게 좋을까요?

이대로 방치가 답인가요 ㅜㅜ

내공드립니다

전문가님의 조언 들어보고 싶습니다",C5,C8;C6,tri_llm_consensus
T-1133,2021,의료보건제도,안과진단서 좀 봐주세요,"어머니께서 안과에서 진단서를 받아오셨는데 볼줄몰라 질문드립니다

황반변성이있으시고 시력이 많이안좋으신건 아는데..

장애등급을 받을정도인지 받는다면 등급이어느정도일지도 알고싶습니다",C7,,tri_llm_consensus
T-1134,2021,"안과, #지식인카드, #지식인카드답변, #플레이스URL, #지식인카드, #지식인카드답변, #플레이스URL",황반변성에 대해 질문드립니다.,"황반변성이라는게 환자의 의견없이

의사가 눈만 보고 판결내릴수 있나요?

(암슬러 격자 큰 이미지로 보면 상관없는데

작은 이미지로 보면 안에 작은 네모의 한쪽변이 휘는거같기도하고

그 휘는걸 볼려고하면 휘는게 또 한쪽방향으로 계속 이동하고 그러는거같네요.

저도 제가 정확하진 않은거같아서,)

혹시나 걱정되서 안과가서 황반변성인지 봐달라고하면

그게 알수 있는건가요??",C2,,review_pool_R1_v5b
T-1135,2021,"안과, #황반변성, #눈, #안구, #습성, #음식, #차, #시력, #황반변성에좋은음식, #눈건강관리, #지식인카드, #지식인카드답변, #플레이스URL, #황반변성, #오큐실, #아미넥스코리아, #대릭김, #녹내장, #안과, #습성황반변성, #황반변성치료, #황반변성예방, #황반변성주사, #황반변성에좋은음식, #지식인카드, #지식인카드답변, #플레이스URL, #황반변성, #안구질환",습성 황반변성 음식,"저희어머니께서 습성 황반변성 진단을 받으셨는데 좋은음식이나 차종류있을까요?

반대로 안좋은음식도 알려주세요",C5,,tri_llm_consensus
T-1136,2021,"성인영양, #황반변성, #음식, #차, #루테인, #메리골드, #결명자, #자이잔틴, #근시, #눈, #영양제, #눈건강, #눈영양제, #오메가3, #혈행개선, #항염, #글루타치온, #항산화, #면역력증진, #해독",눈에 관련해 질문드려요,"어머니께서 황반변성이라는 진단을 받으셨는데 노화보다는 근시때문에 진단받으셨다고해요

루테인 자이잔틴 5:1성분의 영양제를 사드렸구요

질문드릴게요

1. 평소 차로 드시라고 메리골드 또는 결명자 사려고하는데 어떤게 나을까요?

2. 결명자는 찬성질이 있다고 하는데 맞나요?

3. 메리골드차에 루테인성분이 있다는데 영양제드시는데 같이먹어도 되는걸까요? 하루 권장량이 있는것같아서요..

답변 부탁드립니다",C5,C9,tri_llm_consensus
T-1137,2021,미용도구,안과 의료실비 처방 약,"황반변성으로 매달 안과 진료를 받고 있어요

처방전으로 눈 영양제 를 복용중인데.. 이것도 실비 청구 되나요?",C7,,tri_llm_consensus
T-1138,2021,안과,왼쪽 눈이 뿌옇게 보입니다,"백내장 수술 후 9주차로 접어든 50대 남성입니다.

2주 전부터 갑자기 왼쪽 눈이 뿌옇게 보입니다.

빛 번짐도 심하고요.

특히 책이나 인쇄물을 볼 때, 글씨가 불규칙하게 흐릿하게 보입니다.

마치 잉크가 거의 떨어진 프린터로 뽑은 인쇄물처럼요.

안과에서는 이런저런 검사를 다 해보더니,

데이터 상으로는 아무 이상이 없고, 수술 경과도 좋다고만 합니다.

저는 하루하루 업무 보기가 무척 불편한데 말입니다.

그러면서, 2주 후에 다시 보자고 하더군요.

이거 혹시 백내장 수술 후유증인가요?

후발백내장, 뭐 그런 걸까요?

아니면, 황반변성 초기증상일까요?

담당의사가 속시원히 답해 주지 않으니 무척 난감합니다.",C9,C9,tri_llm_consensus
T-1139,2021,안과,시신겸이갈라졌데요,"저희 어머니께서 황반변성 환자이신데요

오늘 병원에서 시력에는 문제가 없는데 시신경이 갈라졌 다고 하시면서 6개월뒤에 보고 더 심해지면 수술해야 된다고 하셨다는데 이게 무슨말인가요 수술은 큰 수술인가요

걱정되서요",C3,C6,tri_llm_consensus
T-1140,2021,"미용, #황반변성, #지식인카드, #지식인카드답변, #플레이스URL",황반변성 영양제 뭐가 좋나요?,"얼마전에 외할아버지가 황반변성으로 한쪽 시력을 거의 잃으셨어요..

근데 눈관련된 병은 유전이 많다고 해서 걱정이예요..

엄마가 안그래도 요즘 눈이 자꾸 빠질거 같은 느낌이 있다고 해서 불안합니다

황반변성 영양제를 먹으면 좀 도움이 될거 같은데 황반변성 영양제뭐가 좋을까요??",C5,,tri_llm_consensus
T-1141,2021,안과,황반변성 관련문의,"아버지가 백내장 수술로 안검사 하다가 황반변성이 있다고 하는데요..

황반변성은 치료할수 없다고 듣고 오셨는데..

안과에 망막전문의,강막전문의 처럼 황반쪽에 전문의가 따로 있는지요?

다른 전문의한테 치료나 진행을 늦출수있는 방법이 있는지 다시 검사받으시라고 하고 싶어서요..

망막전문의쪽으로 가야하는지요?

답변부탁드립니다.",C8,C3,tri_llm_consensus
T-1142,2021,안과,시각장애진단 절차 궁금합니다,"저희 할아버지가 한쪽눈이 안보이신다고해서

병원갔더니 한쪽눈은 실명됬고

나머지 한쪽눈도 곧 실명되실꺼라고 합니다

장애판정 받으려면 어떻게 해야될까요

안과병원으로 갔는데 장애진단서는

큰대학병원급만 가능한걸까요?

그리고 병원을 6개월이상 다니셔야지 인정되나요?

할아버지가 황반변성 백내장이 있으셔서

몇번 안과진료를 보시긴했는데

6개월 이상은 안되셔서요

이런적이 처음이라 꼭 자세하게 설명 부탁드려요",C7,,tri_llm_consensus
T-1143,2021,안과,시야 눌림 현상,"정면을 바라보는 채로 고개를 오른쪽 왼쪽으로 돌리며 물건을 응시하고 있으면

아래 이미지 사진의 오른쪽 처럼 시야 한가운데 에서 오른쪽 부분이 홍채정도 크기로 동그랗게 돋보기보는것처럼 원형으로 일그러졌다가 다시 고개를 원래대로 돌리면 원래대로 돌아와요.

황반변성인가요?

그리고 무언가를 강렬하게 째려보면 눈 시야에 홍채정도 크기가 원형으로 일그러져서 보였다가 원래대로 돌아와요. 시야 표면이 뭔가에 눌려지는거 같은 느낌이에요

무슨 증상인가요?",C2,,review_pool_R1_v5b
T-1144,2021,"건강식품, 의약외품",비타민E함량,"황반변성 잇다해서 눈영양제도 먹고잇지만

유트브에세보니

비타민c 500mg

비타민e 400IU

루테인 아연25m 구리 2mg

이걸꼭 드시라고 나와잇던데요

다른거는 알아보겠는데 비타민e는 400Iu가

얼마나양인지를 알수가업없어서요

보통다른비타민에보면 비타민e25mg-227% 뭐 이렇게

표기해잇던데

어떤걸보고 사먹어야할지 궁금해서요

일반종합비타민에는 mg에 하루몇% 들었다 그런표시같구

400IU란건 얼마양을 뜻하는지요

비타민e400IU라고 적힌걸따로 사먹으야되는지 궁긍합니다",C5,,tri_llm_consensus
T-1145,2021,안과,황반변성이 생기면 주사로 치료한다던데 아프나요?,"황반변성이 생기면 주사를 놓아 치료한다는데

주사맞을때 아픈가요...",C4,,tri_llm_consensus
T-1146,2021,"안과, #지식인카드, #지식인카드답변, #플레이스URL",암슬러 격자 테스트를 했는데 아무 이상? 이없는데요,"요즘 글이나 선같은게 구불구불 보인달까 그래서 인터넷에 좀 쳐보니 황반변성? 이라더군요 그래서 테스트가 있길레 해봤죠

그게 암슬러격자인데 휘어보이거나 점이 안보이거나 등등 이상은 없는데 저가 그냥 너무 예민한걸까요?

아래의 그림이 제가해본 그림이구요",C2,,review_pool_R1_v5b
T-1147,2021,"건강식품, 의약외품",비타민a 섭취량,"제가 황반변성 이란말을듣고왔습니다

초기단계인거같은데 ㅠ

루테인 지아진틴은 먹구잇었고

작년가을부터 먹게된거같아요

종합비타민도 먹고잇는데 거기에보니

비타민a 700ug 100%

루테인약에도 비타민a700ug 100% 되잇어서요

하루에다먹어도되는지 하루한도초과인거같아서요

아침식후 루테인.+종합비타민 먹고

저녁에 식후에 칼슘마그네슘+.비타민c1000mg

자기전이나 식후한참뒤 유산균먹고잇는데

갠찮을가요

사유성분이함유된약이좋다해서 바까볼까싶기는해요",C5,C9,tri_llm_consensus
T-1148,2021,"의료기관, 의료인, #황반변성, #안과의사님께, #눈질환, #안과전문의상담, #안과, #눈건강관리, #루테인, #눈건강관리, #황반변성에좋은음식, #지식인카드, #지식인카드답변, #플레이스URL, #황반변성, #황반변성한의원, #지식인카드, #지식인카드답변, #플레이스URL, #황반변성, #황반변성원인, #황반변성, #눈질환, #동영상답변, #지식iN동영상답변",황반변성 관련 최고전문병윈,"저희 엄마께서 모눈종이가 휘어져보이는 증상이 있으셔서 황반변성 진료를 받아보려고합니다.

황반변성 치료를 받으려면 진료시설이 좋고 망막전문의가 있는곳에 가는게 좋다고 하는데 이 분야에 치료 잘하는 병원을 알고싶습니다.

찾아보니 서울쪽에는 서울대학병원 연세대학병원 삼성병원 영등포김안과병원 등을 많이 얘기하시는것같은데 좋은 병원이 어디일까요..(이외 좋은 병원을 알고게시다면 꼭좀 알려주세요..)

또 수원쪽에 황반변성 치료를 잘하는 병원이 있다면 알려주시면 감사하겠습니다.

황반변성은 실명위험이 있는 병이라고 해서 많이 걱정이 되네요..",C8,C6,tri_llm_consensus
T-1149,2021,"건강식품, 의약외품",약먹는순서,"황반변성 이랴얘기를들었습니다 초기인거같아요

그래서 그런가 눈이 피곤하고 몸도 피곤하다고 많이 느끼고 있었네요

원래 루테인+지아잔틴 ,칼슘마그네슘아연비타민D,

유샨균 .비타민c는 한2년먹다가 작년겨울쯤 다먹고 안먹고있었어요

병원에서 저얘기를 듣고 ㅠ 너무속상했어요

내몸을 너무 힘들게햇다는게 미안햇어요

약국에서 사유성분이든 약이 좋다면서 권유해줬어요

3일먹었는데 첫날부터 바로 느껴지더군요 정말 눈이 편하고 좋더라구요

현재 그래서

아침에 식후 사유성분약2알,오메가3알티지 2알.

칼슘마그네슈아연비타민D 1알. 비타민c1알

저녁에 식후 루테인지아진틴1알, 종합비타민1알,

그러고 한참뒤 유산균 먹어요

갠찮게먹고잇는건지 한번봐주세요

아침에 사유만먹고 오메가3를 저녁에 루테인이랑먹을까요

아니면 사유를 저녁에 먹고루테인을 아침에 먹을까요

아참그리고 사유성분약2알을먹고나니

눈이 정말편해지던데 오후들어서니 눈이 또 살살뻑뻑하고

약빨이 떨어졋나 싶을많큼 그런느낌이 들더라구요

매일 먹다보면 좀더 좋아지려나요 좋아지겠죠.",C5,,tri_llm_consensus
T-1150,2021,안과,시신경부종과 황반변성,"안녕하세요. 요즘 눈부심과 빛잔상 같은게 심해서

안과를 갔었는데 시신경부종(유두부종)이라면서

뇌압이 올라 그럴 수 있으니

대학병원 신경외과로 소견서 써주셔서

신경외과 예약을 잡아놓은 상태입니다

그런데 집에와서 계속 찾아보니

제가 보이는 증상이 황반변성 증상과도 비슷하더라구요

그 격자로 테스트 해보니 선이 꺾여보이구요...

근데 안과에서는 황반변성 언급은 없으셨는데

내일 다른 안과를 가볼까요?

아님 시신경부종의 영향으로

선이 굴절되어 보일수도 있는건가요?",C2,,review_pool_R1_v5b
T-1151,2021,장애인복지,아버지가 황반변성이래요 한쪽눈은 실명...,"아버지가 황반변성이래요 한쪽눈은 실명이고 다른쪽은 2분에1밖에 안보이신다고 병원에서 그러시네요

장애진단받으시면 몆급이시고 80%장애가능하신지 궁금합니다 아바스틴 주사를 평생 맞아야한데요 막막합니다ㅜ",C7,C4,tri_llm_consensus
T-1152,2021,복지,기초수급자격이 되는지궁금해요,"현재 저희 고모가 54세이신데요.

이혼하고20년 홀로 지내고 있어요

재산도 전혀없고 요새는 황반변성으로 시력까지 좋지않아서 일도 하기어려운상황입니다.

가족 누구도없고 500에 30정도 월세 사는데 생활비데주는사람도 없고 걱정입니다

이런상황에서 나라에서 도움받을수있을까요?",C7,,tri_llm_consensus
T-1153,2021,안과,황반변성일까요??,"제가 우연히 핸드폰을 보는데

왼쪽눈을 감았더니 왼쪽 그림처럼

오른쪽 눈을 감았더니 오른쪽 그림처럼 보입니다 안경을 끼고있는데 황반변성의 가능성이있나요?? 아니면 안경 렌즈가 원인인가요??

그리고 암슬러격자도 해봤는데 핸드폰으로 하니까 작아서 그런지 구부러지는게ㅜ없었습니다",C2,,review_pool_R1_v5b
T-1154,2021,"한방신경정신과, #시력저하, #80대, #황반변성, #백내장",80대 할머니 급 시력 저하,"저희 할머니가 황반변성, 백내장등 질환이 있구요 제가 자세한건 몰라서 이 두개만 알아요 아침에 일어났더니 눈이 안 보이신다고(흐릿) 그러시더라고요 . 평소에도 시력이 안 좋으셨는데 거의 20센치 앞 글씨도 못 읽으시네요.. 병원에서 이렇게 갑자기 안 보이면 빨리 오라고 했는데 지금 저녁이라 어딜 갈수도 없네요. 심각한 건 가요? 심각하면 응급실이라도 갈까요...?",C6,C2,tri_llm_consensus
T-1155,2021,"한방 안과, 이비인후과",눈이 침침할때 황반변성 증상 치료 좋은음식 추천 부탁드립니다,"최근들어 눈 건조증이너무 심해서요 인공눈물을 자꾸만 넣게되는데

눈이 침침할때 건조할때가 자주있는데 어떻게 해야 치료가능할까요

황반변성 증상도 있다고하는데 치료 좋은음식 추천 부탁드립니다

먹고 관리하면 훨씬 더 편해지고 눈관리하는게 수월해진다고 하더라구요

그래서 저도 신경써보려구요 뭐가 도움될지 ?

눈이 침침할때랑 증상 치료 좋은음식이랑 추천 부탁드려요",C5,C2,review_pool_R1_v5b
T-1156,2021,안과,정면을 바라보는 채로 고개를 오른쪽...,"정면을 바라보는 채로 고개를 오른쪽 왼쪽으로 돌리며 물건을 응시하고 있으면

아래 이미지 사진의 오른쪽 처럼 시야 한가운데 에서 오른쪽 부분이 홍채정도 크기로 동그랗게 돋보기보는것처럼 원형으로 일그러졌다가 다시 고개를 원래대로 돌리면 원래대로 돌아와요.

황반변성인가요?",C2,,review_pool_R1_v5b
T-1157,2021,안과,황반변성으로 실명인 상태입니다.,"질문:

1. 황반변성으로 실명 된지 20년이 다 되어가는데 주사치료가 효과가 있는지요?

2. 백내장 수술을 해도 될까요?

현재 81세 아버지이신데 황반변성 진단으로 오른쪽 눈이 실명인 상태입니다.

제가 결혼 후 멀리 있어 정확한 시기와 이유는 모르지만 당뇨후에 나타난 것으로 봐서 당뇨 합병증인듯 합니다.

진단 받은지는 20년정도 됩니다.

노환이 심해지셔서 1년 전부터 제가 모시는데 왼쪽눈이 너무 침침하고 눈물 때문에 힘들다 하셔서 안과를 찾았는데 검사 후에 백내장이 약하게 있다며 수술상담과 황반변성이 있는 눈도 오래되어서 될지는 모르겠으나 주사를 혹시 모르니 맞아 보라며 원한다면 주사치료를 해준다고 하는 의사선생님 말씀에 아버지께서 원하십니다. 과연 맞아도 될까요?

그리고 백내장 수술을 한다면 이 연세에도 시력이 좋아지실까요?

현재 당뇨로 인해 간과 신장도 검사때 마다 조심하는수 밖에 없다며 신장은 투석할 생각은 하고 있어야 한다고 합니다.

멀다는 이유로 모르는게 너무 많았으며 그동안 부모님의 건강을 살펴드리지 못해 너무 죄송하네요ㅜ.ㅜ

좋아지지 않는다 해도 원하시니 그냥 해드리고 싶지만 혹시 연약한 상태에서 영향을 미치진 않을까 걱정이되어 질문드려 봅니다. 모두들 건강합시다^^",C9,C4;C3,tri_llm_consensus
T-1158,2021,성인영양,안과추천 오큐비전50플러스 과 GNM루테인지아잔틴오메가3중,"안과에서 황반변성때문에

오큐비전50플러스를 추천받았는데

지아잔틴이 안들어있더라구요

그래서 추가로 알아보던중 GNM루테인지아잔틴오메가3를 보게됐는데 지아잔틴도들어있고 루테인도 하루섭취량도 되는것같고..성분이 더좋은것같아서요

근데 병원에서 추천해준거라..쉽게 결정을못하겠네요

어떤게 나은건가요?

첫번째가 오큐비전 두번째가 GNM이에요",C5,,tri_llm_consensus
T-1159,2021,안과,아버지가 황반병성 판정 받았어요.,"안녕하세요.

아버지께서 한쪽 눈 황반변성 판정을 받았습니다. 이미 꽤 진행된 상태라고 하는데, 걱정되서 질문드려요.

1. 치료 가능성

2. 실명 가능성

3. 다른 쪽 눈 전이 가능성

모레 대학병원 예약되어 있습니다.",C6,C6,tri_llm_consensus
T-1160,2021,"영양제, 건강보조식품",노안에 예방할 수 있는 영양제 추천해주세요!!,"엄마가 원래 눈 시력이 굉장히 좋으셨어요 진짜 좋으셨는데요즘 들어 갑자기 눈이 잘 안보이신다 하시고 노안인것 같다고 하시더라고요.. 유튜브나 네이버 찾아보니 노안 뿐 만 아니라 황반변성? 이게 굉장히 위험한 거 같은데 . . .

황반변성과 노안 둘 다 예방 할 수 있는 정말 좋은 영양제 추천해주세요!! 루테인,지아잔틴? 이 들어간게 좋다고 하는데 영양제가 하도 많아서 잘 모르겠어서요 ㅠ 추천좀 해주세요",C5,,tri_llm_consensus
T-1161,2021,"안과, #안과, #대학병원",긴급 내공 대학병원에서 안과검진 받아보신분들,"그 대학병원이 원래 진료따로보고 검사 잡아서 몇개월뒤 보고 하잖아요

집이멀어서 다녀오기 힘들기도 하고 다른과 진료 보면서 안과진료 보려고 하는데

황반부, 황반변성이 있는지 안저검사를 통해서 진료받고 싶은데

대학병원(제가 다니는데는 가톨릭 서울) ㅇ에서 안과 진료하면

보통 그 의사가 바로 장비로 찍어서 봐주시나요, 아니면 검사 따로 잡아서

또 몇개월 걸리나요? 몇개월 걸리면 그냥 안과 전문병원으로 가려구요",C2,C8,review_pool_R1_v5b
T-1162,2021,의약품,황반변성 관련.,"현재 엔테론을 병원 처방받고 복용하고있습니다.

병원처방약외 추가로 루테인을 복용하려 하는데요.

궁금한건

효과가 비슷하거나 같다면 둘중 하나만 복용해도 되는지 아니면 각기 효능이 달라 두개 모두 복용해도 되는지 알고자 문의 합니다.",C5,,tri_llm_consensus
T-1163,2021,안과,황반변성에 의한 시력저하와 근시와 같나요?,"황반변성에 의한 시력저하가 근시와 같나요?

황반변성은 초점 주위에 안보이는부분이생기거나 물체가 왜곡되어 보인다고 알고있는데,

황반변성으로 인해 흔히 우리가 알고있는 근시가 생길수(심해질수)있는지 궁금합니다.",C1,,tri_llm_consensus
T-1164,2021,안과,주변부 망막변성과 상세불명의 황반변성,몇년전 동네 안과를 갔다가 정밀검사를 하라고 해서 상급병원을 갔는데 주변부 망막변성이라고 하더라구요. 그래서 몇년 계속 관찰만 했습니다. 아직수술 단계가 아니라고요. 그런데 오늘 진료확인서를 발급받았는데 상세불명의 황반변성이라고 병명이 바껴 있는 겁니다. 이경우 왜 그런건지 궁금합니다,C2,C1,tri_llm_consensus
T-1165,2021,안과,안과 전문의약품과 루테인 같이 복용해도 되나요?,"어머니가 이전에 황반변성 진단으로 상급종병에 계속 안과 다니고 계시고 안압관련 녹내장 예방차원에서 아주 베셀듀에프 약을 처방받아 드시고계신데요

거기에 당뇨병 진단까지는 아니지만

로컬에서 혈당관리 차원에서 로컬서 꾸준이 bst나 fbs 검사 하시고 다니시는데

루테인을 같이 복용해도 괜찮나요?",C5,C9,tri_llm_consensus
T-1166,2021,안과,황반변성일까요? 안과 전문의 선생님께서 좀 알려주세요,"나이 60세, 성별 남자, 고혈압,당뇨 없응.흡연 안함

질문사항

10여년 전에 우안에 망막이 조금 찢어지면서 출혈이 있었습니다. 피가 흡수된 후 레이져 시술 받았습니다.

그 후 좌안을 가리고 보면 전봇대가 조금 오른 쪽으로휘어져 보이고, 우안을 가리고 동일한 위치를 보면 반대쪽인 왼쪽으로 휘어져 보입니다. 양쪽눈을 다뜨면 직선으로 보이구요. 황반변성일까봐 걱정이 돼서 잠을 못이룹니다. 의사선생님의 말씀을 각곡히 부탁드립니다. 감사합니다.",C2,,tri_llm_consensus
T-1167,2021,"안과, #암슬러격자, #시력, #실명",황반변성 자가검사 결과에 (암슬러 그리드)관해,"안녕하세요 그냥 갑자기 암슬러 그리드라는걸 알게 돼서 검사를 해봤는데 선이 울렁거리거나 흐려서 안보인다거나 하진 않는데요. 오른쪽 눈을 가려서 그런지 아니면 왼쪽눈의 이상인지 구별이 안됩니다

그리드를 보면 잘 보이긴 한데 오른쪽 눈을 가리고 있어서 그 검은 시야가 왼쪽 시야와 섞인것 같은..? 그래서 그리드를 보고있는 시야가 검은색으로 바뀌다가 다시 초점을 잡으면 그리드가 다시 보입니다.

이런 점은 눈을 감고 봐서 생기는 현상인가요. 아니면 진짜 문제가 있는건가요?

걱정이돼서 평소에 생각해보니 저희집 천장에 하얀 옅은 무늬 벽지를 초점 흐리게 멍하게 보다보면 초점 중심으로 잠잠 무늬가 사라지는 경험을 몇번한적이 있습니다. (검정이 아니라 그냥 벽지 색으로요)",C2,,review_pool_R1_v5b
T-1168,2021,안과,실명이유,"실명의 3대원인이 녹내장,황반변성,당뇨병 망막증 이 맞나요?",C1,,tri_llm_consensus
T-1169,2021,"도봉구, #도봉구안과, #쌍문역안과",황반변성 잘보는 도봉구 안과,"어머니가 황반변성 진단을 받으셨는데 다니시던 안과에서 망막전문의가 있는 도봉구 안과를 가보시라고

하는데 저희가 쌍문역 주변에 사는데 대중 교통으로 가기 좋은 실력있는

망막전문의 있는 도봉구 안과 알려주세요",C8,,tri_llm_consensus
T-1170,2021,안과,황반변성 초기인가요?,격자무늬 판을 왼쪽 눈으로 봤는데 아주 살짝 옆으로 옮겨지면서 휘어지네요 자세히 봐야 보이는 정도인데 빨리 내원하는 게 좋을까요?,C2,,review_pool_R1_v5b
T-1171,2021,안과,눈이 전에  없던 통증 증상은?,"왼쪽눈이 추혈으로 망막 열공되어 레이져치료 받았고 그자리에서 또 출혈되어 시력저하 되었는데ㆍ

망막황반변성 되면 오른쪽 눈도 같이 온다는데 ㆍ오른쪽눈이 전에 느껴보지 못한 이상한 통증이 있다 없다를 반복 하는데요 검사를 하면 이상없는데요

박리 변성 전조증상 일까요?",C2,C6,review_pool_R1_v5b
T-1172,2021,"안과, #황반변성, #눈안마기, #눈건강관리, #황반변성, #지식인카드, #지식인카드답변, #플레이스URL, #오큐실, #아미넥스코리아, #황반변성, #안과, #스마트스토어오큐실, #오큐실황반변성, #황반변성치료, #황반변성주사, #눈영양제, #루테인오큐실, #황반변성, #황반변성한의원, #지식인카드, #지식인카드답변, #플레이스URL",황반변성 눈안마기 사용하면 좋을까요?,"부모님이 황반변성이시라 눈이 항상 안좋으신데

눈안마기 사용하면 오히려 더 안좋을까요?

온열기능 안마기능 있는 눈안마기인데

황반변성에 더 안좋을까 걱정되서요",C5,,tri_llm_consensus
T-1173,2021,"안과, #검색질문, #통합검색궁금증, #통합검색질문하기",일시적 변시증,"갑자기 저녁 때 시야의 왼쪽 아래부분에 번개모양으로 시야가 일렁이는듯에 보이는 증상이 생겼습니다

뭔가 말로 설명하기 어려운데 왼쪽 아래방향으로 사선 번개모양 선이 일렁이면서 제대로 사물인식하는게 불편하고 3D영화 보듯이 약간 비현실적인 느낌이 들듯이 보여서 검색해보니 사물이 일그러져 보이는게 변시증이라고 하던데 한시간 정도 지속 되다가 괜찮아졌습니다

변시증이 황반변성 증상일수도 있다고 하던데 저처럼 일시적인 증상만 있다 사라지는것도 황반변성일 수 있을까요??

병원 가봐야할까요?",C2,,review_pool_R1_v5b
T-1174,2021,"의료기관, 의료인",아버지가 67세시고 당뇨에 황반변성이 있어 매번 앞이 잘안보인다고 하십니다 실비보험도 없고 일반안과와 엣날,"아버지가 67세시고 당뇨에 황반변성이 있어 매번 앞이 잘안보인다고 하십니다

실비보험도 없고 일반안과와 엣날 침례병원에서 눈에 주사 몇번 맞은게 다입니다

눈에 주사맞는것도 비용이 비싸서

매번 맞기도 부담되긴한데

그냥 이번에 서울쪽에 아산병원이나

삼성병원 안과쪽에도 한번 알아보고는 싶은데

혹시 서울 아산병원에 안과에 황반변성

잘보시는 교수님 계시면 추천 부탁드립니다

내공드립니다

※ 실비보험 들 생각없으니 광고성 보험은 신고합니다",C8,C4,tri_llm_consensus
T-1175,2021,안과,서울 아산병원 안과에 당뇨 황반변성 잘보시는 교수님 계실까요? 추천부탁드립니다 내공드려요...,"서울 아산병원 안과에

당뇨 황반변성 잘보시는 교수님 계실까요?

추천부탁드립니다

내공드려요",C8,,tri_llm_consensus
T-1176,2021,건강에좋은음식,황반변성에 좋은 음식 있나요?? 영양제 같은것도 알려주세요..,"저희 남편 걱정에 글 남겨요

지금 주사 치료 중인데 시력이 많이 떨어졌고

사물이 여전히 찌그러져 보인다고 그래서

조금이라도 치료에 도움이 되었으면 해서

황반변성에 좋은 음식 영양제 알아보는중에 글 남깁니다

효과 좋은건 꾸준히 챙겨줄 생각인데

어떤게 치료에 도움이 될까요???

황반변성에 좋은 음식 영양제 아시는분 답변 좀 해주세요",C5,C3,tri_llm_consensus
T-1177,2021,"안과, #지식인카드, #지식인카드답변, #플레이스URL, #아미넥스코리아, #오큐실, #황반변성, #녹내장, #안과, #황반변성오큐실, #녹내장오큐실, #황반변성관리, #황반변성치료, #황반변성증상, #황반변성, #황반변성한의원",황반변성 증상 때문에... 치료에 대해 조언 좀....,"시야가 일그러져서 보입니다

병원에서는 황반변성 증상이라고 그래서요

주사 치료 중인데요

제가 따로 해야 할 관리 같은게 뭐가 있는지 궁금해서

이렇게 글 남기게 되었는데 황반변성 증상으로 치료를 받아보신분들중에서

따로 관리 같은걸 해보신분 계시면 제가 뭘 어떻게 해야 좋을지 조언 좀 해주세요",C5,C3,tri_llm_consensus
T-1178,2021,안과,나이는 65세 남성입니다....,"나이는 65세 남성입니다.

오른쪽 눈이 황반변성 입니다.

혹시 왼쪽에 생길가 걱정입니다.

예방에 대에서 알고 싶습니다.

도움을 바람니다.",C5,C1,tri_llm_consensus
T-1179,2021,"건강에좋은음식, #블루베리, #부작용",블루베리 많이 먹으면 안좋다는데 기준이 뭔가요?,"오늘 처음 블루베리 먹고 블루베리 부작용을 봤더니

블루베리를 많이 먹으면 황반변성 같은 게 걸릴 수 있다더라고요

오늘 30알 넘게 먹은것 같은데 많이 먹는다는 기준이 뭔가요?

20알에서 25알을 넘으면 많이 먹는다는 건가요? 건강에 대한 걱정이 많아서요.. 알려주심 감사하겠습니다ㅜㅜ",C5,C1,review_pool_R1_v5b
T-1180,2021,안과,황반변성은 독서가 안 좋은가요?,"아버지께서 80대이신 데 황반변성이시라고 안과에서... 심하지는 않으시구요

루테인을 드시고는 있는 데 신문을 열심히 읽으셔서 혹시나 더 안 좋아지실까 걱정이 돼서요

궁금하네요   부탁드림니다~~",C5,,tri_llm_consensus
T-1181,2021,재산보험,아일리아 주사(비보험) 보험특약 비급여 주사항목에 포함되나요?,"안녕하세요.

황반변성 초기 치료목적으로 아일리아 주사를

망막에 투여 받았습니다.

보험회사 특약에 비급여주사 250만원 한도가

있는데, 비급여주사항목으로 청구를 하니 아일리아는 항암주사제로서 비급여주사에서 제외된다고 합니다.

전문가님들의 답변부탁드립니다.

내공10",C7,C4,tri_llm_consensus
T-1182,2021,안과,항체 주사에 대하여,"의료보험되는 종류가 몇가지 되나요 어떤게 좋나요

황반변성 항체주사는 의사가 놓나요 간호사가 놓나요?",C4,C7,tri_llm_consensus
T-1183,2021,"의약품, #검색질문, #통합검색궁금증, #통합검색질문하기",코로나 백신 접종 연기,황반변성에 맞는 항체치로제를 맞고 다음날 코로나백신을 접종 해도 되나요?,C9,C4,tri_llm_consensus
T-1184,2021,"안과, #황반변성, #황반변성안과, #황반변성증상, #황반변성자가진단, #압구정안과, #압구정안과추천, #망막변성, #황반변성, #흐림시감",황반변성 증상? 자가진단 해보는데 한쪽 눈에서 휘어짐?이 보인다고 합니다,"저희 어머님 올해 연세가 70이신데요 몇일전 부터 갑자기

한쪽눈이 살짝 흐리면서 휘어지는 느낌을 받으신다고 해서

검색해보니 황반변성 증상인듯해서 격자? 머 자가진단 하는거 있던데

그걸로 집에서 테스트 해보니 휘어짐이 느껴지신다고합니다

단순 노안 때문에 그런건지,, 안과가서 정밀 검사 받아봐야되는건지

어머님은 괜찮다고 하는데..

이게 황반변성 증상이 맞는가요? 검색해 보면 3대 실명질환 중 하나라면서

방치하면 자칫 실명할 수 도있다고 하는데 ㄷㄷㄷ

서울 강남 압구정 쪽에 추천 할만한 안과 있으시면 소개부탁드립니다 ㅜ",C8,C8,tri_llm_consensus
T-1185,2021,안과,당뇨 황반변성...,"아빠가 당뇨이신데 요즘 좀 수치가 올라갔거든요..

근데 계속 눈을 아파하셔서 병원에 가봤더니 황반변성 같대요ㅠ

아직 너무 초기라 확실하지 않다고 하시는데 너무 걱정되네요..

왼쪽 눈을 아파하시고 처음엔 충혈이 심했거든요..

근데 약을 뿌리니까 많이 나아지셨는데 황반변성이 맞을까요??

만약 맞다면 초기에 치료하면 완치가 가능하죠?

또 황반변성 예방법좀요...ㅠ",C2,C3;C5,review_pool_R1_v5b
T-1186,2021,가정의학과,백신 부작용,"습성 황반변성으로 눈에 주사를 맞고 있는데

코로나 백신을 맞아도 될까요?

코로나 백신 접종 다음날 눈주사 맞아야 될 상황입니다. 어떻게 할까요?",C9,C4,tri_llm_consensus
T-1187,2021,안과,변시증과 황반변성,"지인의 질문인데요

변시증(휘어보이는 증세)는 건성황반변성에서도 나타나는 증세인가요?

아니면 습성일경우만 나타나는증세인가요?",C1,C2,tri_llm_consensus
T-1188,2021,안과,습성환반변성에 대하여,"지인의 질문인데요

습성황반변성의 경우 변시증이 생기는데 왜 사물이 휘어져보이게 되나요?

원리가 어떻게해서 인가요?",C1,,tri_llm_consensus
T-1189,2021,"안과, #황반변성, #눈질환, #동영상답변, #지식iN동영상답변, #지식인카드, #지식인카드답변, #플레이스URL, #황반변성치료, #황반변성, #황반변성, #안과질환, #지식인카드, #지식인카드답변, #플레이스URL, #황반변성치료, #안구질환, #지식인카드, #지식인카드답변, #플레이스URL",황반변성에 대하여,"근시성황반변성과 노인성황반변성의 차이점은 무엇인가요?

근시인 노인이  만약  습성 황반변성이 왔다면 무엇으로 진단이 나는가요?",C1,C2,tri_llm_consensus
T-1190,2021,"모터스포츠경주, #황반변성, #오큐실, #오큐실닷컴, #ocuxyl닷컴, #아미넥스코리아, #녹내장, #당뇨망막병증, #안과, #황반변성안과, #황반변성오큐실, #황반변성, #눈질환, #동영상답변, #지식iN동영상답변, #지식인카드, #지식인카드답변, #플레이스URL, #황반변성치료, #안과한의원, #황반변성치료, #황반변성한의원, #지식인카드, #황반변성, #황반변성치료",당료합병증 황반변성 문의드립니다.,"당료합병증 황반변성 문의드립니다.

아바스틴 주사맞았으나 효과가 없어서

의사선생님이 2달뒤 보자고 합니다.

아바스틴 맞고 효과가 없으면 다른 주사약 효과가 있을까요?",C4,,tri_llm_consensus
T-1191,2021,"의료기관, 의료인, #황반변성, #황반변성증상",상계역 안과 황반변성 잘보는데,상계역 안과 황반변성 관련해서 잘보는 안과가 어디인가요?,C8,,tri_llm_consensus
T-1192,2021,"건강식품, 의약외품, #황반변성치료, #황반변성예방, #동영상답변, #지식iN동영상답변, #지식인카드, #지식인카드답변, #플레이스URL",황반변성 영양제 문의 드려요,최근에 아버지께서 황반변성 초기 진단을 받으셔서 효과 좋은 영양제 추천좀 받을까 합니다.사실 황반변성에 대해서도 좀 더 알고 싶기도 하구요! 루테인이 든 제품이 좋다고 하는데 영양제가 복용하기도 쉬웠으면 하고요. 영양제 중에 황반변성 증상에 탁월한게 뭐있는지 궁금합니다.,C5,C1,tri_llm_consensus
T-1193,2021,안과,oct에 대하여,"oct 로 보면 황반변성은 정상인과 망막의 어떤부분에서 차이점이 있나요?

즉 oct가 어떻게 구별해내는가요?",C2,,tri_llm_consensus
T-1194,2021,"안과, #황반변성치료, #황반변성증상, #동영상답변, #지식iN동영상답변, #지식인카드, #지식인카드답변, #플레이스URL, #황반변성, #눈관리법, #지식인카드, #지식인카드답변, #플레이스URL",황반변성에 대하여,"습성황반변성진단을 위하여 oct로 진단가능한가요?

아니면 망막혈관조영검사를 필수로 해야만 진단가능한가요?",C2,,tri_llm_consensus
T-1195,2021,"한방 안과, 이비인후과, #황반변성, #황반변성증상, #동영상답변, #지식iN동영상답변, #지식인카드, #지식인카드답변, #플레이스URL",많이 먹으면 황반변성 생기는 과일에...,많이 먹으면 황반변성 생기는 과일에 뭐가 있나요?,C1,C5,tri_llm_consensus
T-1196,2021,"안과, #황반변성, #황반변성한의원, #동영상답변, #지식iN동영상답변, #지식인카드, #지식인카드답변, #플레이스URL",많이 먹으면 황반변성 생기는 과일에...,많이 먹으면 황반변성 생기는 과일에 블루베리 말고 뭐가 또 있나요?,C5,C1,tri_llm_consensus
T-1197,2021,"안과, #안과, #안경","성인 근시,난시 진행되나요?","1. 성장기 지나고,  질병이 아닌이상 시력 저하 진행은 안되는걸로 알고있습니다. 노안은 조절문제이구요.

근시, 난시도 진행되는지 궁금합니다.

2. 황반변성은 눈을 많이써서 생기는 질병(자연스런노화)라는데, 굳이 그 원인을 묻자면, 망막에 상이 정확히맺히기때문일지, 근시나 원시는 덜한건지 궁금합니다. 근시라도 상이 선명하지않을뿐 망막에 빛에너지가 전달되는건 같지않을까요?.",C1,C1,tri_llm_consensus
T-1198,2021,"안과, #황반변성, #오큐실, #안과, #녹내장, #ocuxyl닷com, #아미넥스코리아, #황반변성수술, #황반변성안과, #황반변성증상, #미국직구, #황반변성, #눈질환, #지식인카드, #지식인카드답변, #플레이스URL, #황반변성, #눈관리, #지식인카드, #지식인카드답변, #플레이스URL, #황반변성, #황반변성한의원, #동영상답변, #지식iN동영상답변, #지식인카드, #지식인카드답변, #플레이스URL, #황반변성, #황반",(내공500)황반변성 전용 안경이 있나요? 어머니께서 황반변성이였다가 최근에 좋아지셨는데요. 황반변성 있는 사람들이 끼는 안경이 있다고 하네요,"황반변성인 전용 안경이 있나요? 어머니께서 황반변성이였다가 최근에 좋아지셨는데요.

황반변성 있는 사람들이 끼는 안경이 있다고 하네요

그것도 아무데서나 판매하는게 아니라, 서울대학병원 지하 안경점에만 있길래

그게 아닌거 같다고는 말씀드렸는데..저도 처음 듣는 이야기여서 지식인의 도움을 얻으려고 합니다.

황반변성 환자들이 끼면 좋은 안경이 따로 있다면,

어머니 말씀대로 서울대학병원에 있는 안경점이 아니여도

다른곳에서 구매할 수 있을거 같은데..어떤가요? 있다면 가격대는 다초점 안경하고 비슷한가요?",C9,,tri_llm_consensus
T-1199,2021,"건강식품, 의약외품",루테인 복용시 폐암발병가능성 이 높은건가요???,"저희 아버지가 황반변성 떄문에 루테인을 복용하고 계십니다.

인터넷에서 복용하면 폐암확율이 높다고 하는데  너무걱정이됩니다.

담배를 피우시는데 복용을 중단하는게 맞는걸까요??

복용중이신 제품은 한림루테인입니다.

시원한 답변 부탁드립니다.",C5,C9,tri_llm_consensus
T-1200,2021,"건강에좋은음식, #황반변성, #황반변성한의원, #동영상답변, #지식iN동영상답변, #지식인카드, #지식인카드답변, #플레이스URL, #황반변성, #황반변성치료, #황반변성, #황반변성에좋은음식, #지식인카드, #지식인카드답변, #플레이스URL, #황반변성에좋은음식, #황반변성치료, #지식인카드, #지식인카드답변, #플레이스URL",혹시 황반변성증상 음식같은게 도움되나...,"혹시 황반변성증상 음식같은게 도움되나요??눈시력도 점점 안좋아지고 있고

가족력도 있고 그래서요

저 황반변성증상 초기정도로 보인다고합니다관리해야될것같은데..효과보신게있다면 공유 좀 해주세요황반변성증상 치료에 좋은 음식 어떤건지 알수있을까요 ?

찾아보는중인데 쉽지않네요",C5,C1,tri_llm_consensus
T-1201,2021,"안과, #황반변성, #황반변성치료, #황반변성증상, #황반원공수술, #황반변성안과, #안과, #시력, #시력저하, #노안, #안압, #황반변성증상, #황반변성, #황반변성, #황반변성에좋은음식, #지식인카드, #지식인카드답변, #플레이스URL, #황반변성, #황반변성치료, #동영상답변, #지식iN동영상답변, #지식인카드, #지식인카드답변, #플레이스URL, #황반변성, #안구질환, #지식인카드, #지식인카드답변, #플레이스URL",엄마 황반변성,"안녕하세요. 60대 후반 엄마에게 황반변성이 찾아와서 문의드려요.

서울에있는 대학병원에 찾아갔더니 엄청 초기셔서 한달 지켜보자 하셨고 다시 찾아가니 진행이 안되었다고 또 한달 지켜보자고 하네요.

문제는 뒤로 물이 차올라있다고 하는데요 이게 말라야한다고.. 혹시 동일한 질병으로 주사치료나 다른 치료로 좋아지신분 계실까요? 자연적으로 좋아지신분도 계시는지 궁금합니다.",C3,C6,tri_llm_consensus
T-1202,2021,"선글라스, 안경",황반변성에대해 궁금합니다,"안경을 껴야할 눈인데 걸거친다고 잘 안끼도 다니다가

서서히 눈이 안좋아지는 느낌이 들어서 안경점에 갔는데

시력도 잘 안나오고 무슨 이상한 검사하더니 황반변성 의심 간다고 병원에 가보라고 하더군요

병원에 가면 황반변성 검사하는 기계가 있나요???

완치는 가능한가요??

답변부탁드립니다",C2,C3,review_pool_R1_v5b
T-1203,2021,안과,"[내공50]백내장, 녹내장, 황반변성","1, 백내장

2, 녹내장

3, 황반변성

설명부탁드립니다",C1,,tri_llm_consensus
T-1204,2021,"학교생활, #황반변성, #눈건강관리, #지식인카드, #지식인카드답변, #플레이스URL, #황반변성, #황반변성치료, #황반변성, #황반변성치료, #동영상답변, #지식iN동영상답변, #지식인카드, #지식인카드답변, #플레이스URL, #황반변성, #황반변성증상, #지식인카드, #지식인카드답변, #플레이스URL",황반변성 영양제 섭취방법 질문 있거든요,"렌즈를 껴서 그런지 요즘 눈이 되게 뻑뻑하고

갈수록 시력이 손상될까바 걱정인데

황반변성 영양제 섭취방법 알아보고 도움받으려고 해요",C5,,review_pool_R1_v5b
T-1205,2021,"안과, #검색질문, #통합검색궁금증, #통합검색질문하기",황반변성 환자  모드나백신   맞아도  되나요,황반변성 환자인데 곧 코로나백신 예약해야하는데 코로나백신으로 눈에 부작용 생길까봐 걱정이 됩니다 맞아도 괜찮을까요,C9,,review_pool_R1_v5b
T-1206,2021,"안과, #황반변성, #황반변성증상, #동영상답변, #지식iN동영상답변, #지식인카드, #지식인카드답변, #플레이스URL, #황반변성에좋은음식, #황반변성, #지식인카드, #지식인카드답변, #플레이스URL, #황반변성, #황반변성증상, #지식인카드, #지식인카드답변, #플레이스URL",망막 사진 찍으면 황반 변성 여부 알수있나요?,,C2,,tri_llm_consensus
T-1207,2021,"안과, #황반변성, #황반변성증상, #지식인카드, #지식인카드답변, #플레이스URL, #황반변성, #황반변성병원, #동영상답변, #지식iN동영상답변, #지식인카드, #지식인카드답변, #플레이스URL",망막박리와 황반변성의 차이점이 뭔가요?,그리고 검사 비용이 대략 얼마정도 드나요? 대충이라도 말해주세요,C1,C7,tri_llm_consensus
T-1208,2021,"건강식품, 의약외품",황반변성영양제 어떤게 있을까요?,"저희 아버지께서 눈 시력이 그리 나쁜 편은 아니셨거든요?

근데 요즘 부쩍 눈이 불편하다고 하시더니 황반변성증상이 있다고 하십니다

그래서 황반변성에 좋은 음식과 황반변성영양제에 대해 알아보다가 글 남겨봐요

황반변성영양제 도움 주실 분들 남겨주세요",C5,,tri_llm_consensus
T-1209,2021,"건강식품, 의약외품, #황반변성, #황반변성치료, #동영상답변, #지식iN동영상답변, #지식인카드, #지식인카드답변, #플레이스URL, #황반변성, #황반변성에좋은음식, #황반변성, #황반, #지식인카드, #지식인카드답변, #플레이스URL","황반변성영양제, 음식 알려주세요","황반변성영양제, 음식 어떤게 있을까요?

저희 아버지께서 눈 시력이 그리 나쁜 편은 아니셨거든요?

근데 요즘 부쩍 눈이 불편하다고 하시더니 황반변성증상이 있다고 하십니다

그래서 황반변성에 좋은 음식과 황반변성영양제에 대해 알아보다가 글 남겨봐요

도움 주실 분들 답변 남겨주세요",C5,,tri_llm_consensus
T-1210,2021,"구매문의, #황반변성, #치료, #관리",황반변성 영양제 좋은 거 있을까요?,"아빠가 눈이 불편하셔서 진단을 받으셨는 데

황반변성 증상이 살짝 보인다고 하시더라고요 ㅠㅠ

그래서 황반변성 영양제 같은 눈건강을 신경쓸 수 있는 제품을

먹는 게 좋을 것 같은데... 혹시 황반변성 영양제 좋은 거 있을까요?

주변에 이런 증상때문에 고민하고 계시는 분들이 없어서

걱정이 이만 저만이 아닙니다 ㅠㅠ

드셔보셨던 황반변성 영양제 중 젤 좋았던 거 있음 추천 좀 부탁드려요",C5,,tri_llm_consensus
T-1211,2021,"건강식품, 의약외품",노안 영양제 좋은 거 추천필요합니다,"아버지께서 눈이 침침하고 자꾸 피로하다고 하십니다.

건강 검진에서 황반변성의 위험이 있다는 소견도 들으셨구요.

운전 하시는게 직업이라 눈 노화가 더 빨리 찾아오지 않았나싶네요.

몇달째 루테인, 지아잔틴이 들어간 노안 영양제 드셨는데 별로 효과가 없는것 같아요..

가격도 저렴하고 뭔가 믿음이 안가네요.

눈이 너무 중요한데 그만큼 좋은 노안 영양제 드셨으면 합니다.

잘 아시는분이 노안 영양제 추천해 주시면 좋을 것 같아요.

부탁드리겠습니다..",C5,,tri_llm_consensus
T-1212,2021,"성인영양, #황반변성, #황반변성한의원, #동영상답변, #지식iN동영상답변, #지식인카드, #지식인카드답변, #플레이스URL, #황반변성치료, #황반변성에좋은음식, #지식인카드, #지식인카드답변, #플레이스URL, #황반변성, #황반변성증상, #지식인카드, #지식인카드답변, #플레이스URL",황반변성 루테인 지아잔틴,고지혈증도 있고 황반변성도 있는 사람인데요 루테인 지아잔틴을 복용해도 괜찮을까요?,C5,C9,tri_llm_consensus
T-1213,2021,성인영양,블루베리를 300알 먹었어요..,"제가 방금 블루베리 하루 섭취량이 20~25 알 정도라는 걸 알게되었는데

며칠 전에 집에 블루베리가 씻어져 있길래 핸드폰 보면서 막 먹었는데 먹고 나서 엄마가 놀라더라고요

300알 씻었는데 그걸 다 먹었냐고

과다 섭취하면 황반변성 발병 위험이 40% 증가한다는데

어떡하죠,,",C5,C1,tri_llm_consensus
T-1214,2021,"안과, #황반변성, #황반변성치료, #황반병성실명, #안과, #황반변성, #황반변성증상, #황반변성, #황반변성증상, #지식인카드, #지식인카드답변, #플레이스URL, #황반변성, #황반변성증상, #동영상답변, #지식iN동영상답변, #지식인카드, #지식인카드답변, #플레이스URL",습성 황반변성 무조건 실명되나요?,"저희 어머니가 습성 황반변성 진단을 받으셨습니다.

항체주사를 맞는다고 하셨고요.

어머니는 다른 질병은 없으시고 건강하십니다. 눈만 안좋으신데 주사 3번 맞고 꾸준히 안과 다니시면서

관리하면 실명 안될 수 있는건가요?

습성 황반변성은 무조건 실명에 이를 수 밖에 없나요?

요즘 저 일로 너무 걱정이고 스트레스네요..",C6,C4,tri_llm_consensus
T-1215,2021,"한방 안과, 이비인후과, #습성황반변성, #항체주사, #황반변성치료, #안과, #황변변성, #아바스틴, #아일리아, #황반변성, #아스타잔틴, #지아잔틴, #메리골드, #메리골드꽃차, #황반변성, #황반변성치료, #황반변성, #황반변성치료, #지식인카드, #지식인카드답변, #플레이스URL, #황반변성, #황반변성치료, #동영상답변, #지식iN동영상답변, #지식인카드, #지식인카드답변, #플레이스URL",황반변성 항체주사 관련 질문,"어머니가 습성 황반변성 진단 받으셨습니다.

항체주사 맞을 예정이신데요.

아바스틴,루센티스, 아일리아 이렇게 3종류? 있는걸로 아는데

아일리아가 제일 좋은건가요?

의사가 권유하지 않는다면 그냥 아바스틴으로 하고 권유시 아일리아로 맞는게 좋은가요

아니면 처음부터 아일리아로 맞는게 더 효과적일까요?",C4,,tri_llm_consensus
T-1216,2021,"안과, #대학병원, #안과검사, #대학병원안과, #검사시간, #검색질문, #통합검색궁금증, #통합검색질문하기",대학병원 검사 오래걸릴까요?,"대학병원 안과 예약 오후 4시 인데요.

황반변성 검사 시간 얼마나 걸릴까요..

6시 30분 까지 다시 회사로 가야해서여 ㅠㅠ",C2,,tri_llm_consensus
T-1217,2021,"의료기관, 의료인, #부산, #부산대학병원, #대학병원, #대학병원예약, #안과, #고신대학교복음병원, #동아대학병원",부산에 있는 대학병원 예약...,부산에 있는 대학병원 예약 힘드나요? 할머니께서 황반변성으로 대학병원 가보라고 소견서를 받아서 최대한 빨리 가보는게 좋을 거 같은데 처음 예약해봐서요 빨리 예약하는거 힘들까요?,C8,C2,tri_llm_consensus
T-1218,2021,미용,황반변성 증상 무섭네요,"건강검진받고서 황반변성 증상이 의심된다고 진단받고

정밀검사 받았더니 오른쪽눈에 황반변성 증상이 미세하게 있다고 하네요...

심해지면 실명까지 갈 수 있다던데...너무 무섭고 충격적이예요

지금부터라도 관리하고싶은데 어떻게해야 할까요?

다시 좋아질 수 있을까요?",C6,C5;C2,tri_llm_consensus
T-1219,2021,"안과, #황반변성, #망막박리",안과가서 검사하면서,황반변성 망막박리 이건거도 확인할수있나요?,C2,,tri_llm_consensus
T-1220,2021,"건강식품, 의약외품",82세 어머니 황반변성 영양제 추천 부탁,"기존에 종합 영양제를 드시고 계신데요.

황반변성이 와서 루테인지아잔틴을 드셔야해요.

겹치면 걱정이되는 부분이 있어서 종합영양제 성분 중 일부를 올리면...

비타민 A 1500mcg

비타민 D 470mg

비타민 E 67mg

아연      25mg

사려고 하는 루테인지아잔틴은

마리골드 220

지아잔틴   6

비타민 A 390

비타민 E 33.5

아연      3

또 다른 루테인지아잔틴은

루테인  20

아스타잔틴 5

지아잔틴   1

비타민 E    6.5

비타민 A   850

아  연       5.5

어머니께 루테인을 어느쪽을 사드리는게 나을까요?",C5,C9,tri_llm_consensus
T-1221,2021,"안과, #황반변성, #황반변성한의원, #동영상답변, #지식iN동영상답변, #지식인카드, #지식인카드답변, #플레이스URL, #황반변성, #황반증상, #황반변성, #황반, #지식인카드, #지식인카드답변, #플레이스URL",황반변성 치료 방법 추천바랍니다..,"시야가 일그러져 보여서 병원을 가봤더니 황반변성이라고 그러네요

주사 치료중인데 생각했던것만큼 좋아지는게 없는것 같아서

다른 치료 방법은 없는건지 알아보다가 글 남깁니다

심하면 시력 떨어지고 실명할수 있다고 그래서

확실하게 치료를 받고 싶은 마음에 이렇게 글 남기는데

황반변성 치료 방법 아시는분 계시면 답변 좀 해주세요",C3,C6,tri_llm_consensus
T-1222,2021,"안과, #오큐실, #황반변성, #습성황반변성, #안과, #녹내장, #루테인, #눈영양제, #황반변성치료, #황반변성주사, #황반변성증상, #황반변성, #황반, #황반변성, #황반",습성 황반변성 질문,"1. 약간의 흡연 중 아레즈포뮬라2 영양제를 먹으면

폐암가능성이 높아지나요?

2.아레즈포뮬라2+루테인 함유된 식품들(케일,메리골드등)을

같이 먹어도 안전 한가요?

아니면 아레즈포뮬라2 + 항산화 식품들을 먹는게 좋을까요?

루테인 복용시 폐암 가능성이 높아진다고 해서 걱정입니다

정량만 복용시 폐암 가능성은 걱정 안해도 되는건가요?",C5,C9,tri_llm_consensus
T-1223,2021,성인영양,당뇨성 황반변성과 루테인지아잔틴,루테인지아잔틴이 당뇨성 황반변성 예방에 도움이 될까요?,C5,,tri_llm_consensus
T-1224,2021,"건강식품, 의약외품, #눈건강, #눈, #정우성",눈영양제 괜찮은 제품!,"안녕하세요. 저는 현재 회사에 다니고 있어 컴퓨터를 쳐다볼 일이 많아서 걱정이 많습니다. 눈이 침침하고 찌릿찌릿한 느낌도 들구요. 황반변성이 올 수도 있다고 루테인 같은 눈영양제를 먹으라고 하는데요.

황반변성 증상에 좋은 눈영양제가 있다면 추천해주시고 루테인지아잔틴과 비슷한 눈영양제면 더 좋을것 같습니다.",C5,,review_pool_R1_v5b
T-1225,2021,"건강식품, 의약외품",눈영양제 좋은 거 추천,"요즘에 남편이 눈이 찌릿하다고 하네요. 사무실에서는 눈영양제를 사줘야 한다고 하는데 어떻게 해야할까요?

황반변성 증상에 도움이 되는 루테인지아잔틴을 생각 중인데 이 눈영양제가 다른 증상에는 도움이 안 될 것 같아서요. 황반변성에 좋은 루테인이 들어간 눈영양제 추천해주세요.",C5,,tri_llm_consensus
T-1226,2021,"건강상담, #망막황반변성, #망막황반, #망막, #진료, #서울종합병원, #의사선생님도와주세요, #내공100, #의사선생님추천, #시술, #치료, #황반변성, #황반변성한의원, #황반변성, #황반변성증상, #황반변성, #이승훈한의사, #동영상답변, #지식iN동영상답변, #황반변성, #오큐실, #오큐실닷컴, #스마트스토어, #대릭김, #알파실, #황반변성치료, #황반변성검사, #황반변성주사, #황반변성약","망막황반변성 진료/시술 잘하시는 선생님, 서울종합병원",제목 그대로 서울 종합병원에서 망막환반변성 진료 잘보시고 시술 잘하시는 선생님 계신가요? 내공 100이요,C8,,tri_llm_consensus
T-1227,2021,안과,황반변성 질문 나아질 수 있는 건가요,"좀 전에 저희 할머니가

요듬에 눈이 침침하다고 그래서

안과를 다녀왔는데 황반변성이라고 그러더군요

이거.. 찾아보니 심각한 증상 같은데 심하면

시력 잃을 수도 있다고 그러는데

처방받은 약이나 뭐 안약 뀨둔하게 관리하면

괜찮아질 수 있는 건가요??? 안과 선생님들

부탁드립니다",C6,C3,tri_llm_consensus
T-1228,2021,"주사, 약물 요법, #황반변성, #오큐실, #아미넥스코리아, #ocuxyl닷com, #녹내장, #안과, #황반변성수술, #황반변성오큐실, #황반변성예방, #황반변성치료",습성황반변성 항체주사 비용,"습성황반병성 치료로 항체주사를 맞는데 비용이 비싸나요?

비용이 얼마쯤 하나요? 그리고 주사를 맞을때 통증이 심한가요?",C7,C7,tri_llm_consensus
T-1229,2021,"미용도구, #황반변성, #시력저하, #지식인카드, #지식인카드답변, #플레이스URL, #오큐실, #황반변성, #녹내장, #아미넥스코리아, #스마트스토어, #ocuxyl닷com, #오큐실닷컴, #안과, #황반변성수술, #백내장, #황반변성, #황반변성증상, #동영상답변, #지식iN동영상답변, #지식인카드, #지식인카드답변, #플레이스URL",황반변성 있는 눈 백내장 수술후 시력저하,"안녕하세요.

저희 할아버지께서 황반변성이 있어 시력이 안좋으신데,

백내장까지 있다고 하여 병원에서 백내장 수술응 하셨습니다.

수술 후 한달가량은 잘 보이다가 점차 시력이 다시 저하되어

수술하기 전 보다도 잘 못보세요 ㅜㅜ

검색해보니 후발성 백내장이라는 것도 있던데..

이게 후발성 백내장 때문일까요? 아니면 황반변성 때문에 백내장 수술로 악화된 것일까요?

ㅠㅠ 너무 속상한데.. 아시는 분 계시면 답변 좀 꼭 부탁드려요…

연세는 85세예요..",C9,C6,tri_llm_consensus
T-1230,2021,안과,"저의 어머니가 68세에 당뇨,고혈압,...","저의 어머니가 68세에 당뇨,고혈압,골다곤증,심혈관 치매 등등 노인성 질환이 많습니다.

거기다 황반변성,백내장?! 초기라고 진단받았습니다. 백내장은 아리송 하네요. 이쨌든 저 몸으로 땡볏에 모자만 쓰고 밭일 하시는데 몸이 뜨거워 지면서 눈도 아프다고 시골에서 전화가 왔습니다. 시골이라 안과 전문의가 있는 병원도 없습니다.

몸의 온도가 올라가면 황반변성,백내장에 영향이 있는지, 단지 온도가 높아서이기도 하지만 자외선도 영향이 있는지, 일을 꼭 해야한면 아이스팩이라도 몸에 지니고 하는게 좋은지 알려주세요

1.뜨거운 날씨가 황반변성,백내장에 영향을 및나요?

2.뜨거운 날 눈을 보호하고 좋게 하는 방법은요?",C5,C1,tri_llm_consensus
T-1231,2021,"미용, #황반변성, #오큐실, #ocuxyl닷com, #스마트스토어, #아미넥스, #알파실, #안과, #녹내장, #황반변성증상, #황반변성주사, #황반변성, #황반변성관리, #지식인카드, #지식인카드답변, #플레이스URL, #황반, #황반변성, #황반변성, #황반, #지식인카드, #지식인카드답변, #플레이스URL",황반변성 영양제 어떤게 좋을까요?,"저희 아빠가 가끔씩 눈 앞이 자꾸 흐리게 보인다고 안과에 갔다오시더니 황반변성이라는 이야기를 들으셨어요...

저희 할아버지께서도 이걸로 오랫동안 고생하셨는데 아빠도 그렇다고 하니까 걱정도 되고 마음이 답답해요...

제대로 관리만 잘 하면 증상을 늦출 수 있다고 하는데 제가 어디서부터 어떻게 도와드려야 할지 모르겠어요...ㅠㅠ

황반변성 영양제 같은 거라도 챙겨 드리면 좋을 거 같은데 뭐가 좋은지도 모르겠고...

혹시 관리하고 계신 분들 중에 황반변성 영양제 드시고 계시면

관리법 조언과 함께 답변 부탁드릴게요!",C5,,tri_llm_consensus
T-1232,2021,안과,황반변성 주사치료 후 인공눈물 넣어도 되나요?,"아버지께서 13일 황반변성 주사치료를 받으셨습니다.

오늘 아침 눈이 뻑뻑하고 많이 화끈거리기도하면서 불편하시다고 인공눈물 넣어도 되는지 궁금해하시는데 괜찮을까요?

휴일이라 병원 통화도 안되서요 ㅠㅠ 답변 부탁두립니다",C9,C4,tri_llm_consensus
T-1233,2021,"건강식품, 의약외품",황반변성 영양제 루테콤 제품 효과 있나요?,안녕하세요~황반변성 영양제 도움되는 제품중에서 루테콤이 후기가 좋아서 한번 구매해서 먹어보려고 하는데요. 광고말고 먹어보신분들의 후기가 궁금해서요 ㅠ 황반변성 영양제 먹으려는 이유는 요새 눈이 굉장히 피로하고 충혈이 심하면서 시큰해서요. 하루에 한캡슐만 먹으면 된다고 하던데 시력노화를 늦추는데 도움이 되는 영양소가 들어있는지 궁금해요.,C5,,tri_llm_consensus
T-1234,2021,"건강식품, 의약외품",황반변성치료제 루테콤 괜찮나요?,"안녕하세요. 오랜 회사 생할로 요즘 눈 건강이 이만저만이 아니에요..

통증도 있고 시림도 있고, 혈관이 터지는 증상도 종종 있어서 관리를 해야 할 것 같은데요.

눈 관리를 위해 찾아 보니 황반변성치료제 역할을 하는 것이 중요하다고 하더라고요.

근본적인 안구의 건강을 위해서는 황반변성치료제가 필수라던데~

루테콤 성분이 좋다던데 어떨지 알고 계신분~~",C5,,tri_llm_consensus
T-1235,2021,"보장성보험, #검색질문, #통합검색궁금증, #통합검색질문하기",한쪽 눈 실명 보험금 지급 해당 되나요?,"아버지께서

라이나생명

무배당고혈압자고도장해특약(갱신형)

에 가입되있습니다

몇년전에 황반변성으로 한쪽 눈의 시력을 잃으셨어요 근데 오늘 우연히 가입된 보험을 살펴보다보니 장애에 해당되는거 같아 보험급 지급이 되는 건지 궁금합니다

아예 한쪽 눈이 실명되셨습니다

이 경우

고혈압이 실명의 원인이 아니더라도

보장내역 금액의 50%인 천만원 보장 받을 수 있을까요?

보장내역과 약관 첨부 합니다

많은 정보와 답변 부탁드리겠습니다

감사합니다",C7,,tri_llm_consensus
T-1236,2021,안과,안저사진 및 안저검사,"망막사진 찍는게 안저사진이고 산동제 넣고 검사하는게 안저검사인가요?

만약 그렇다면 저 두개로 황반변성 및 녹내장 알 수 있나요",C2,,tri_llm_consensus
T-1237,2021,안과,황반변성 상해...,황반변성 상해진단서로 땔수 있나요?,C7,,tri_llm_consensus
T-1238,2021,안과,자외선차단 보안경 관리방법,"제가 눈에 황반변성이 있어서 외출시 자외선차단과 블루라이트 차단안경을 항상 착용합니다

그런데 코로나때문에 귀가후에는 항상 주방세척제(퐁퐁)으로 씻고 있는데요 이렇게 매일

씻으면 자외선차단이나 블루라이트차단 성능이 떨어지지않나요?

이렇게 매일 주방세척제로 씻어도 괜찮은지 궁금합니다",C9,,tri_llm_consensus
T-1239,2021,"영양제, 건강보조식품",청주황반변성 치료 받기 좋은 병원 있을까요?,"어머니께서 정기검진 때 황반변성 진단 받으셨는데요.

검진 병원에서는 안과 가보라고 대수롭지 않게 얘기해서

어머니께서도 심각하게 생각하지 않으신 것 같은데..

찾아보니까 실명까지 갈 수 있다고 나오네요.

아직 60대 초반이신데 괜찮은 병원에서 꾸준하게

관리 받으면 완치가 되는 질환인건지...

청주황반변성 관련해서 혹시 치료 받아보신 분들

괜찮은 병원 좀 알려주세요...",C8,C6,tri_llm_consensus
T-1240,2021,성인영양,황반변성 영양제 도움이 될까요?,"원래 안경을 쓰다가 렌즈로 바꾼 지 얼마 안됐어요

요즘 적응이 안 되어 눈이 되게 뻑뻑하고

갈수록 시력이 손상되어 황반변성? 이런게 나올 수 있어 걱정인데

찾아보니 이럴 땐 황반변성 영양제 섭취 하면 도움 될것 같아서요",C5,,review_pool_R1_v5b
T-1241,2021,"안과, #안과전문의",눈 건강과 조명,"갑작스레 황반변성으로 한 쪽 눈이 거의 실명에 이른

60

대 후반입니다

.

남은 시력을 유지하기 위해 무엇을 해야 하나 궁금하던 차에 생각이 조명에 이르렀습니다

.

조명을 어떻게 해야 좋을런지요

.

조명기구도 궁금합니다

.

눈 건강과

LED

조명의 관계에 설왕설래가 있는 듯 합니다

참고로

,

저는 책을 많이 대하는 편입니다

. PC

앞에 않는 시간도 꽤 많습니다

.

휴대전화는 많이 보는 편은 아닙니다

안과 전문의의 고견을 듣고 싶습니다

.",C5,C6,tri_llm_consensus
T-1242,2021,"안과, #눈, #황반변성, #궁금해요, #안과, #치료, #전이, #황반변성, #황반, #지식인카드, #지식인카드답변, #플레이스URL, #황반변성, #습식황반변성, #지식인카드, #지식인카드답변, #플레이스URL, #황반변성ㅎ, #황반변성증상",습성 황반변성 질문,"아는 지인이 한 쪽 눈이 습성 황반변성이 생겼는데, 이게 다른 쪽 눈에도 전이 될 수도 있는건가요?? 또 이 병에 좋은 음식은 무엇인가요??(약 말고요!!)",C6,C5,tri_llm_consensus
T-1243,2021,"안과, #안과",황반변성 치료 주사를 맞았는데 충혈이 심합니다.,"9월 10일 금요일날 진단을 받고

9월 11일 토요일인 오늘 황반변성 치료 주사를 맞고 왔습니다.

병원에서 웬만하면 고개를 숙이거나 엎드려 있으라고 해서 그렇게 하고 있는데,

어쩌다가 거울을 보니까 이렇게 충혈이 됐네요.

이거 괜찮은 건가요? 내일이 일요일이라서 어떻게 할 수가 없으니 불안하기만 하네요.",C9,C4,tri_llm_consensus
T-1244,2021,성인영양,루테인지아잔틴,황반변성이라는데 루테인지아잔틴 병원에서처방 해주는거먹고 있는데 가격이 몇배나비싸요 계속먹으니부담가요 일반제품 먹으면 안되나요,C5,C7,tri_llm_consensus
T-1245,2021,안과,핸드폰때문에 황반이 나빠지면 어떻게 보이나요?(황반변성 말고요) 그리고 그렇게해서 황반이 나빠지면 안경써야되나요 아니면 치료받아야되나요?,"핸드폰때문에 황반이 나빠지면 어떻게 보이나요?(황반변성 말고요)

그리고 그렇게해서 황반이 나빠지면 안경써야되나요 아니면 치료받아야되나요?",C1,C3,tri_llm_consensus
T-1246,2021,이비인후과,아스트라제네카 1차접종후 부작용,"6월경 아스트라제네카 1차 접종후 열이나는 부작용을 격은 후 사물이 뿌였게 보이는 증상이 있어 그냥 컨디션이 안좋아 일시적인 증상이려니 하고 2개월여 지난 지금. 한쪽눈이 사물을 분간 못 할 만큼 안좋아져 대학병원 안과를 가서 정밀검사를 했더니 원인불명의 황반변성이라 진단을 받았습니다. 혹시 알려진 혈전증외, 이런 사례도 인과성 입증될 수 있나요~?",C9,,tri_llm_consensus
T-1247,2021,안과,황반변성 치료 중 안경도수 변경?,"7일전에

오른쪽는 황반변성 진단 받고

치료중입니다.

오늘 질문은

오른쪽 안경 도수 변경하면

조금 편해질까요?(치료가 아닌

사물 보는 편안함 의미)

기존에 수년 동안 사용한

안경이, 오른쪽, 도수가

맞지 않는지(제 의견)

조금 불편(어지럽다 해야할지,

차라리 안경 안 쓰는게 편함,

물론 벗으면 시력이 안좋아 사물 흐러짐)",C9,,tri_llm_consensus
T-1248,2021,안과,황반변성  수술후  언제쯤 안구보호대 빼고 자도 되나요?,"저희어머니가 2주전 황반변성 수술을 하시고 집에서

안구보호대를 차시고 엎드려서 생활중이십니다

아무래도 엎드려 생활하셔야 하다보니 잘때도 보호대로 인해 잠도 잘 못주시고 낮잠도 아예 못자세요

아직 병원외래는 3주가 남았고 병원에서는 계속 누워계셔야 한다고 하세요

잘때만이라도 안구보호대를 빼고 잘수 없는지요

요새 잘 못주무시다보니 예민하시고 힘들어하시네요

계속 차야 한다면 수면에 도움드릴수 있는 방법 부탁드립니다.",C9,C3,tri_llm_consensus
T-1249,2021,"안과, #황반, #황반변성, #지식인카드, #지식인카드답변, #플레이스URL, #황반변성, #황반변성증상, #오큐실, #녹내장, #황반변성, #안과, #황반변성검사, #녹내장검사, #녹내장치료, #녹내장예방, #녹내장약, #황반변성약, #황반변성, #황반변성원인, #동영상답변, #지식iN동영상답변",황반변성 질문,"아버님이 녹내장 초기인데 황반변성 자가 진단시 선이 일부가 약간 일부가 휘어 보이니다고 해 안과에 갔더니 황반변성이 조금 있는데 치료할 필요 없고 신경쓰지 말라며 녹내장 안약이나 잘 넣으시라고 했답니다.

대학병원에가서 정밀 검사를 맡아야 하나요?",C8,C2;C3,tri_llm_consensus
T-1250,2021,"안과, #황반변성, #황반변성, #황반변성증상, #동영상답변, #지식iN동영상답변, #황반변성, #황반변성증상, #지식인카드, #지식인카드답변, #플레이스URL, #오큐실, #황반변성, #녹내장, #안과, #황반변성증상, #녹내장전문, #녹내장예방, #스마트스토어, #대릭김, #알파실, #황반변성, #황반변성증상","습성 황반변성 치료 중인데, 고개를 숙이는 게 좋은 건가요?","병원에서 주사 치료를 받고 있는 중인데,

의사 선생님이 시간 있을 때마다 무조건 고개를 숙이는 게 좋다고 하시더라고요.

그래서 그 말에 따르고 있습니다만,

평일에 일할 때보다, 주말에 고개를 숙였을 때 눈 앞이 훨씬 더 안 보입니다.

기존에는 조금 왜곡되거나 반점이 보이는 정도였는데, 지금은 완전히 어두워요.

목만이 아니고 머리랑 눈도 아픈데, 고개 숙이고 있는게 정말 좋은 거 맞나요?",C9,C4,tri_llm_consensus
T-1251,2021,성인영양,황반변성 영양제 좋다고 해서 문의좀,"렌즈를 껴서 그런지 요즘 눈이 되게 뻑뻑하고

갈수록 시력이 손상될까바 걱정인데

황반변성 영양제 섭취방법 알아보고 도움받으려고 해요

근데 오메가3도 도움 되는거 맞나요? 이야기들어보니 그렇다하는데..",C5,,review_pool_R1_v5b
T-1252,2021,"안과, #황반변성, #황반, #황반변성, #황반변성증상, #지식인카드, #지식인카드답변, #플레이스URL",황반반색 치료 후 3D안경 느낌?,"2주전에

안과에서 황반변색 진단받고

망막 치료주사 맞았습니다.

이후에 평생 쓴

안경을 쓰면 마치 3d안경 쓴것처럼

보여서 어지럽습니다.

조금더 입체적(?)으로 보이고, 볼록한 느낌..

진짜3d인경 10이라면, 전 2-3정도

안경 벗으면 바로 편해지고요.

혹시나 해서

엊그제 안경 다시 맞혔는데

여전해요.

그래서 질문

안경 쓰면 어지러운게

황반변성 증상인가요

아니면 치료주사 때문인가요?(주사 맞기전에는 그냥 일반 황반변성 증상, 왜곡, 난시등)

만약 그렇다면

이게 일시적인지, 약효가 떨이지거나

나중에 괜찮아지는지 궁금해요.

안경 쓰면 어지럽고 그래서 머리 아프고하니

시력 왜곡 등은 장난으로 느껴져요.

지금도 안경 벗고 글 쓰는 중.

물론 시력 때문에 조금 불편하지만

어지럽지 않으니 좋아요.

어지러운거 황반 변성 치료 때문인가요?",C9,C4,tri_llm_consensus
T-1253,2021,"건강식품, 의약외품",루테인 궁금해요,"안녕하세요.

엄마가 드실건데 60세 넘으셨고 고혈압이랑 당뇨가 있으세요.

현재 황반변성 초기시라 병원에서 루테인 복용하라고 안내받았습니다.

루테인이 하루 권장량이 10~20mg 인데 구매하려고 보니10mg 이랑 20mg 따로 있는데 어떤걸 드셔야 간에 무리가 안갈까요?

답변 부탁드립니다.",C5,C9,tri_llm_consensus
T-1254,2021,"안과, #드루젠, #망막드루젠, #안과",망막 드루젠,"대학병원 종합검진에서 망막 드루젠 소견이 나왔습니다.

황반변성의 일종이라는데 맞나요?

황반변성은 치료가 안되는 무서운 병이잖아요

두루젠은 어떤건가요

무섭고 우울해요ㅜ.ㅜ",C1,C3,tri_llm_consensus
T-1255,2021,"안과, #부탁드립니다ㅠㅠ급해요, #황반변성, #황반변성증상, #황반변성증상, #황반변성, #지식인카드, #지식인카드답변, #플레이스URL, #황반변성, #오큐실, #녹내장, #황반변성주사, #안과, #황반변성치료, #황반변성예방, #황반변성증상, #황반변성전문, #눈영양제",황반변성 항체주사 맞고 눈이 이상합니다,"오른쪽눈이 황반변성이며 16년 되었고 왼쪽눈은  현재까지 이상이 없다합니다

대학병원 안과에서  10주간격으로 현재 항체 주사를 맞고 있읍니다

지난 월요일 (9월27일 ) 주사를 맞고 난후 3일이 경과된 현재까지 눈이 모든사물이 형체만보이고

모든 사물이 퍼렇게 보입니다. 이번 주사 맞기 전까지는  오른쪽 눈이 안경끼고 0.5-0.6을 유지

했으며 황반 변성 특성상 불편한 점은 있었으나 주사맞고 1-2일이 지나면 모든사물이 그런대로

확실하게 보였고 색상도 노란색외에는  다른 색상은 그런대로 구별할수있는 수준이었으나

이번 주사를 맞고난후 지금 까지 모든게 퍼렇게만 보이고 형체만보이고 색상 구별이 전혀 안됩니다

주사맞은후 병원 처방약 항균 점안액을 사용중이니다 (1일 4회 점안 , 7일간만 사용)

왜 그런지 걱정입니다. 시간이 더 지나면 전과 같이 될런지요 아니면 병원에 곧 다시 가봐야되는지요 현재

병원 다음 예약일은 12월 첫주 입니다 현재 시력표를 보면 0.1 제일 큰 글씨도 잘 안보입니다

답변 간곡히 부탁드립니다",C9,C4,tri_llm_consensus
T-1256,2021,안과,황반변성이 유전병인가요,"개그맨 이휘재가

황반변성이라는데

유전뱡이라고 해서요",C1,,tri_llm_consensus
T-1257,2021,"국민건강보험, #산정특례, #국민건강보험",척추mri를 찍어야 하는데 산정특례적용 가능할까요..??,"다름아니라 어머니 척추가 안좋아서 대학병원에서 mri를 찍어야 하는데요.

알아보니 비용이 거의 70만원이 넘는다고 하더라구요. 근데 사정이 여의치 않아서...

근데 건강보험공단 홈페이지 조회해보면 몇년전에 어머니가 눈 황반변성 때문에

중증난치로 산정특례 등록된 이력이 있거든요? 기간은 23년 8월까지이구요.

↑ 이렇게 나와요.

혹시 다음주 척추 mri 찍을때 산정특례 적용이 될까 해서요...

눈때문에 산정특례 등록된거라 이건 해당이 안될까요??

하긴, 19년에 어머니 발목수술할때도 딱히 혜택봤던건 없었던것 같긴 한데, 그래도 궁금하네요. ㅠ

잘 아시는 분은 답변 부탁드립니다. ㅠ",C7,,tri_llm_consensus
T-1258,2021,안과,황반변성질문이요,"어떤날은 잘보이고 어떤날은 잘안보이고 이러는건가요?

아니면 쭉 안좋은건가요?",C1,C2,tri_llm_consensus
T-1259,2021,"영양제, 건강보조식품, #비타민, #미네랄, #오메가3, #유산균, #글루타치온, #알리포산, #코큐텐, #실리마린, #항산화, #항산화네트워크",영양제 성분 확인 부탁드립니다,"황반변성에 전립선암 환자인데

제가 마이카인드 제품에서 (포도당 성분이 함유되어있어서)다른것으로 갈아타려는데

제 병명에 먹어도 안전한지 확인 좀 부탁드립니다

지식인에서 마이카인드 제품 안전하다고해서

믿고 먹었더니 포도당 성분이 있었네요

포도당 성분이 함유된건 먹지 말아야

된다고 들었습니다

제발 이분야에 잘아시는분께서 성의있는

답글좀 부탁드립니다...

새로 구입하기로한 제품은

노사스코샤 오가닉 브랜드이고요:

1ㆍ멀티비타민

2ㆍ비타민D+칼슘

3ㆍ비타민C

4ㆍ비타민B

5ㆍ밀크시슬

6ㆍ뉴트리퓨어 브랜드: 루테인

이렇게 6가지 입니다

혹시 더 보충해서 먹어야 할것이 있을까요",C5,C9,tri_llm_consensus
T-1260,2021,안과,제가 한 검사로 황반변성 알 수 있나요,산동 후 안저검사 안저촬영 초음파 했습니다 알 수 있나요,C2,,tri_llm_consensus
T-1261,2021,안과,오큐테인3  효능과 성분은 ?,"황반변성, 망막병증, 백내장 등..눈이 불편해서 안과에 가게되는데... 그런데 자신의 병증에 도움을 주는 보조식품 찾기가 쉽지 않지요..특히 중증 같은 경우는  대응 방법이 절실합니다.

저는 황반변성 및 백내장 인데요  병원에서 눈영양제 먹느냐고 묻더군요.

그후  간호원이 오큐테인3 팸플랫을 하나주더군요.

팸플랫 내용은 참 좋은데...오큐테인3 에 대한 내용을 확인하기 위해서 인터넷 다 찾아봐도 성분이 뭔지, 성분 비율이 얼마나되는지 도무지 알수가 없더군요.

또한  판매원,제조원 문의해도 알수가 없더군요.

- 루테인?  오메가3 ?  영양소가 몇g들어갔는지..?

화학부형제, 합성착색료, 국산인지 중국산인지...

정확하게 좀 올려서 신뢰받고 선택받는 진짜 환자들에게 도움되는 오큐테인3가 됬으면 합니다.",C5,,tri_llm_consensus
T-1262,2021,안과,우측 안구 황반변성 소견이 나왔습니다.,"건강검진에서 우측 눈에 황반변성 소견이 나왔습니다.

작년 검진에는 우측 안구 반흔? 상처? 소견이였으며

현재 시야를 가리거나 하는 건 없지만 우측안구가 특히 뻐근하거나 시야가 다소 흐릿하며 빛에 더 민감한 것 같습니다.

안과에서는 안압은 문제 없다고 답변받았으나 눈과 직결된 문제이기 때문에 대학병원진료를 예약하였습니다.

황반변성이 안압이 정상범위여도 나타날 수 있거나 발견될경우 대처방안 등에 대해 문의드립니다.",C2,,tri_llm_consensus
T-1263,2021,"안과, #검색질문, #통합검색궁금증, #통합검색질문하기, #황반변성증상, #황반변성, #지식인카드, #지식인카드답변, #플레이스URL, #오큐실, #오큐실닷컴, #ocuxyl닷com, #스마트스토어, #11번가, #녹내장, #황반변성, #아일리아주사, #황반변성치료, #황반변성예방",65세 습성황반변성 아이리안주사 산정...,65세 습성황반변성 아이리안주사 산정특레회수,C7,C4,tri_llm_consensus
T-1264,2021,"건강식품, 의약외품",영양제 구성ㆍ추천,"전립선암 ㆍ황반변성에 좋은 영양제

뭐를 먹어야 할까요...

가격대는 비싸도 상관없습니다

질이 좋고 안전한 성분으로만 구성된 유기농

제품으로 추천 부탁드립니다

되도록이면 유기농구성이면 너무 좋겠습니다",C5,,tri_llm_consensus
T-1265,2021,"안과, #황반변성, #황반변성증상, #지식인카드, #지식인카드답변, #플레이스URL",황반변성과 녹내장 초기에 발견하면,실명 안되죠?ㅠ 두개다 평생 관리해야하는 질병인건 알고 있어요 진행속도가 많이 빠른가요? 어느정도 주기로 검사를 받아야 혹시 걸렸어도 초기에 발견이 가능할까요 그리고 검사를 받는건 안저검사로 충분한가요?,C6,C2,tri_llm_consensus
T-1266,2021,"건강식품, 의약외품",엔트리 눈 영양제,"황반변성이 있어 시야가 삐뚤빼뚤잘 안보입니다

아이3케어 플러스 영양제 좋은가요..?

제일 질좋은것으로 구매하고싶은데추천바랍니다

비싸도 상관없으니 가성비 그런거는 체크안하셔도되고 그냥 질ㆍ함량이 좋은것으로요

오메가3는 현재 rtg방식 IFOS 5스타 고함량으로 따로 섭취하고 있습니다",C5,,tri_llm_consensus
T-1267,2021,안과,황반변성 질문,"한쪽이 황반변성 입니다 3년쯤 전 대학병원서 진단받았고

나머지 한쪽은 괜찮은데 예방차 약을 먹고 있습니다

실 생활은 잘보이고 합니다

안압이 높다고 합니다

질문은

치킨집을 할려고 하는데 기름이나 연기 가스가 나올텐데

혹시 이런게 눈에 악영향을 줄까요?",C5,C1,tri_llm_consensus
T-1268,2021,"안과, #황반변성, #황반변성증상, #황반변성, #황반변성증상, #황반변성, #황반변성에좋은음식, #지식인카드, #지식인카드답변, #플레이스URL",백내장 수술 후 황반변성 증상,"안녕하세요,

어머님이 60대 중반이신데 2018년 백내장 수술 후 눈이 괜찮아 지나 싶더니..

빛을 못보고 안구 건조 증상이 있어 계속 인공눈물을 넣고 있습니다.

1년 전에 안과를 가니 황반변성 약한 증상이라고 허더라구요..

병원에서 지어준 레보프록스/옵틱플루 점안액 및 가바스틸 캡슐 약을 먹고있는데오 나아지는게 없습니다ㅠ

혹시 황반변성 증상이 백내장 수술 후 부작용으로 봐야될까요..?

그러면 혹시 추가로 수술을 받아야 하는걸까요? 황반변성 증상에 도움되는 음식이나 약 추천 부탁드릴게요.

감사합니다.",C9,C5,tri_llm_consensus
T-1269,2021,안과,황반변성 질문,황반변성은 저 검은점이 시야에서 고정되어있나요? 아니면 움직이나요??,C1,C2,tri_llm_consensus
T-1270,2021,"안과, #오큐실, #황반변성, #안과, #시신경, #녹내장, #아미넥스코리아, #전복진액, #녹내장가족, #녹내장관리, #녹내장협회, #황반변성, #관리",황반변성 증상 치료 관리방법 좀 알려주세요,"황반변성 증상 치료 관리방법 좀 알려주세요

작년보다 나이를 한살 더 먹어서 그런지 시력이 떨어졌구요

한번씩 글씨도 휘어서 보이고 상태가 많이 안좋습니다

황반변성 증상 치료에 좋은것 좀 알려주세요

주사도 맞고 나름 할수있는건 황반변성 증상 치료에 좋은걸로

모두 다해보려고 노력중입니다

따로 영양제같은건 안먹고있어요

황반변성 증상 치료중인데

제가 집에서 할수있는 황반변성 증상 치료 관리빙법이랄지 뭐 이런것들 추천바랍니다",C5,C3,tri_llm_consensus
T-1271,2021,"안과, #아미넥스코리아, #오큐실, #오큐실닷컴, #황반변성, #녹내장, #눈영양제, #루테인, #시신경회복, #백내장, #안과, #황반변성, #황반변성한의원, #동영상답변, #지식iN동영상답변, #지식인카드, #지식인카드답변, #플레이스URL, #황반변성, #황반변성치료, #동영상답변, #지식iN동영상답변, #지식인카드, #지식인카드답변, #플레이스URL, #황반변성원인, #황반변성증상",황반변성으로 주사치료 후 눈 상태입니다.,"저희 어머니께서 황반 변성으로 주사 치료 중입니다.

여러번 주사 치료 후에 눈이 이랬던 적은 없는데 이번 주사 치료 후에는 눈 충혈이 너무 심합니다.

대학병원에서 주사 후 상태에 관한 설명은 들을 수 없었고 어떤 선생님께서 눈에 멍 들어서 오래갈거에요 라는 말만 해주셨는데 자식 된 입장으로 너무 불안 했던 터라 곧장 근처 안과 병원에 가서 진료 받고 그 다음날 확인 진료까지 하신 상태입니다.

혹시 몰라 사진으로 남겨뒀는데 자식된 입장으로 너무 해드릴 수 있는 게 없다는 생각에 다시 봐도 너무 가슴 아프고 슬프네요.

대학병원 인지라 2시간 넘게 대기 후에 주사를 맞고 나오셨던 어머니 얼굴을 잊을 수가 없습니다.

평소보다 너무 아팠고 여러번 찔리는 느낌과 주위에는 다들 허둥지둥 무섭고 고통스러웠다면서 식은땀까지 흘리고 나오시더라구요.

서론이 너무 길었던 것 같네요. 제가 궁금했던 점은 눈 구조 상 얼마나 깊게 큰 혈관을 찔렀길래 이렇게 전체적으로 충혈이 왔는지 주사를 하면서 있을 수 있는 일인지 눈 시력이나 다른 부작용은 걱정 안 해도 되는지 너무 불안하여 지식인에 도움 요청합니다 ㅠㅠ

긴 글 읽어주셔서 감사합니다.",C9,C4,tri_llm_consensus
T-1272,2021,"안과, #황반변성, #황반변성증상, #지식인카드, #지식인카드답변, #플레이스URL, #황반변성, #황반변성한의원, #동영상답변, #지식iN동영상답변, #지식인카드, #지식인카드답변, #플레이스URL, #황반변성, #황반변성증상, #황반변성, #안구운동장애",아빠가 황반변성 진단을 받으셨어요,"평소에도 돋보기 안경을 착용하긴 했었지만

어느날 아침 눈앞의 사물이 휘어보인다며 한쪽 눈을 계속

찡그리고 있는 모습과 한쪽 눈동자가 움직이지 않는 것을 발견하고

안과에 다녀왔습니다

개인병원에선 황반변성이라며

진료의뢰서를 주시면서 큰 병원 가보라 하시던데

이곳저곳 황반변성에 대한 증상을 찾아봐도

한쪽 눈동자가 움직이지 않는 증상은 없었는데

혹시 진행이 꽤 되면 그런 증상이 나타날 수 있나요..

아니면 다른 합병증이나 안질환도 함께 생긴 걸까요..?",C2,C1,tri_llm_consensus
T-1273,2021,"미용도구, #오큐실, #황반변성, #안과, #녹내장, #황반변성치료, #황반변성주사, #황반변성증상, #아미넥스코리아, #스마트스토어, #11번가, #황반변성, #황반변성증상, #동영상답변, #지식iN동영상답변, #지식인카드, #지식인카드답변, #플레이스URL, #황반변성, #황반변성에좋은음식, #지식인카드, #지식인카드답변, #플레이스URL, #황반변성, #황반변성증상, #지식인카드, #지식인카드답변, #플레이스URL, #황반변성, #황반변성한의원",황반변성 흑마늘,"황반변성 환자는 흑마늘 먹으면 안되는건가요? 아시는 분 알려주세요 어느곳에선 먹으면 안된다고 나오고 어느곳은 된다고 하고 ......

알수가없네요",C5,,tri_llm_consensus
T-1274,2021,"안과, #광주안과",광주안과 문의 드립니다,중심점 망막증이나 황반변성 잘보는 병원 추천해주세요,C8,,tri_llm_consensus
T-1275,2021,"영양제, 건강보조식품, #비타민, #미네랄, #오메가3, #유산균, #건강기능식품, #영양제, #면역력, #활력, #항산화, #혈행개선","영양제 루테인, 오메가3 질문합니다.","황반변성이라 주기적으로 주사 맞고 있는데요

의사선생님께서 루테인을 권하시더라고요

근데 찾아보니까 루테인은 효과가 별로고 오메가3가 눈에 좋다는 사람이 많던데 사실인가요?

고혈압, 콜레스테롤, 고지혈 있어서 약 복용중인데 오메가3는 안 먹는게 좋죠?",C5,C9,tri_llm_consensus
T-1276,2021,"영양제, 건강보조식품, #비타민, #미네랄, #오메가3, #유산균, #루테인, #지아잔틴, #아스타잔틴, #항산화, #혈행개선, #항염",영양제 조언 부탁드려요,"비타민d+k 쏜리서치 비타민D/K2, 25mcg(1,000IU), 30ml(1fl oz) 액상타입 괜찮을까요?

마그네슘 쏜리서치 마그네슘 Citramate 칼슘 안 들어간 거 찾고있는데 이 제품 괜찮나요..

오메가3

루테인(황반변성 있음)

영양제 알못이라 추천 부탁드려요~",C5,,tri_llm_consensus
T-1277,2021,"이비인후과, #울산이승훈원장님, #황반변성, #황반변성에좋은음식, #동영상답변, #지식iN동영상답변, #지식인카드, #지식인카드답변, #플레이스URL",울산 이승훈 원장님 질문 있습니다,황반변성 환자가 흑마늘 먹으면 안된다는 글을 봤는데 먹으면 안되는건가요? 알려주세요 부탁드립니다,C5,,tri_llm_consensus
T-1278,2021,의약품,고혈압약 트윈스타정 복용 중에,"황반변성 있는데 루테인이랑 오메가3 복용해도 되나요

의사쌤이 오메가3는 권하지 않으시던데.. 루테인은 안 물어봤구요",C5,C9,tri_llm_consensus
T-1279,2021,안과,황반변성에 대하여,"지인의 질문인데

황반변성과 원시 난시가 있는경우는 안경이 소용없나요?

적어도 원시나 난시부분을 안경으로 교정하면 황반변성은  교정할수없어도 조금 나아지지않나요?

그런데 안경점에서 테스트를 하여 착용해도 착용전과  별차이를 모르겠다고 하는것은 왜일까요?",C9,C2,tri_llm_consensus
T-1280,2021,안과,시야에 다른 물체가 보이는증세,"지인의 증세인데요

황반변성이 있는데  벽돌이나 꽃이나 다른 물체 비슷한게 보였다가 사라지곤 한다는데

병원에가서 안저촬영해도  잘모른다는데 이게 무슨병의 증세일 가능성이 약간있나요?

물론 시력은 안좋아서 글자같은것도 잘안보이는 상태라네요

추정컨데 망막에 이상이 오면 저럴수가 있지않을까 예상되는데 어떻나요?",C2,,tri_llm_consensus
T-1281,2021,"한방 안과, 이비인후과",황반변성 증상,루테인영양제인 루테콤 한 알이랑 엔테론정 한 알을 같이 복용하고 있는데 몇달 지나고 보니 황반변성이 더 나빠진 거 같아요.... 뭐가 문제일까요?ㅠㅠ,C5,C9,tri_llm_consensus
T-1282,2021,"성인영양, #황반변성, #황반변성치료, #황반변성, #황반변성에좋은음식, #동영상답변, #지식iN동영상답변, #지식인카드, #지식인카드답변, #플레이스URL, #황반변셩, #황반변성증상",황반변성 환자가 흑마늘 먹어도 되나요?,"황반변성 환자는 흑마늘 먹으면 안되나요?

이미 황반변성이구요 흑마늘을 만들일이 있어서 드시게 하고 싶은데 어느곳에서 황반변성 환자는 흑마늘 먹으면 안된다고 나오길래요

영양제나,치료법,다른 좋은 식재료 그런 답변말고

황반변성 환자가 흑마늘 먹어도 되는지 답변부탁드립니다",C5,,tri_llm_consensus
T-1283,2021,"안과, #안과의사님께, #안과, #황반변성",황반변성 관련 질문,"안녕하세요.

어머니께서 황반변성 진단을 받으셨습니다.

70대초반이시며, 며칠전 안과 정기검진에서 황반변성 초기라고 하셨습니다.. 9월에는 정상이었는데 지금 초기라네요..

건성인지 습성인지는 못들으신거 같은데 이틀뒤에 주사치료 예약돼있습니다.

주사치료 하자는거 보면 습성인가요..?

치료 잘 받으면 더 나빠지진 않을 수 있을까요

일단 루테인이랑 메리골드 구입했는데

너무 걱정이네요",C4,C6;C5,tri_llm_consensus
T-1284,2021,안과,아이포레 점안액 써도 돼요?,황반변성 중기인데 아이포레 점안액 써도 돼요?,C9,,tri_llm_consensus
T-1285,2021,안과,황반변성으로 인한 중심암점이 보이는경우는 시력장애인가요 시야장애인가요?,"중심암점이 보이고

주변에 무엇이 있는지는 대충 보이는데

정확하게 보기위해서 시야를 돌리면 중심부분이 암점때문에 안보여요

이건 시력장애인가요 시야장애인가요?",C7,,tri_llm_consensus
T-1286,2021,"안과, #황반변성치료",황반변성 치료 및 관리,"며칠전 에스컬레이터 굴곡이 휘어져 보이는것 같아 확인해보니, 왼쪽 눈으로 볼 때 사물이 중심에서 심하게 찌그러져보이는걸 발견했습니다. 검색해 보니 황반변성증과 증상이 같아서 걱정입니다.

해외에 거주하고 있고, 병원비가 비싼 나라라서 한국에서 치료 받으려고 하는데 어떻게 하는것이 좋을지 상담부탁드립니다.

단기 치료나 확실한 치료법이 없는 걸로 알지만 어떤게 좋은 선택일지 궁금합니다.",C3,C8,review_pool_R1_v5b
T-1287,2021,안과,황반변성 출혈 주사치료,"안녕하세요 궁금한게 있어 질문드립니다

아버지께서 황반변성 출혈로 인해 주사를 2회 맞았는데요

(상태는 아직도 눈이 잘안보이시구요 피는조금씩

흡수되고 있다하셨어요)

그런데 그다음 진료부터는 주사를 계속 안놔주시는데

주사맞으면 출혈로인해 고여있는 피도

더 빨리 흡수시킬 수 있는게 아닌가요?? 궁금합니다",C4,C6,tri_llm_consensus
T-1288,2021,의약품,눈에ㆍ안과연고인줄알고ㆍ후시딘연고을ㆍ눈...,"눈에ㆍ안과연고인줄알고ㆍ후시딘연고을ㆍ눈안에넣어나봅니다ㆍ따금해서 다시보니 후시딘연고여서ㆍ물과비누로씻고ㆍ인고눈물로씻어는데ㆍ따금거리네요ㆍ제가한쪽눈이ㆍ황반변성있어요

괜찮을까요?",C9,,tri_llm_consensus
T-1289,2021,"외과, #오큐실, #아미넥스코리아, #스마트스토어, #황반변성, #녹내장, #오큐실닷컴, #안과, #황반변성치료, #황반변성주사, #황반변성증, #황반변성, #황반변성증상",서울 김안과 황반변성 잘보는 의료진 추천,"안녕하세요.

70대중반이신 아빠가 한쪽눈이 아예 안보이는 황반변성 이라고 합니다.

한쪽눈마저 흐릿하게 보인다고 하는데 서울김안과에 가서 진료받아보길 원하시는데 혹시 김안과 잘보는분 계시면 추천 부탁드립니다. 아니면 더 잘보는 병원과 의사쌤도 알려주세요.",C8,,tri_llm_consensus
T-1290,2021,안과,황반변성 관련 질문,"1년전에 황반변성이 재발하여서 주사치료를 받았었습니다. 근데 2번정도 주사치료를 해서 상태가 좋아지긴 했는데 아직 눈앞에 가리는게 조금 남아있더라구요, 일상생활은 문제없지만은 약간 신경이 쓰입니다. 병원에 정기검진 받으러 갔을때는 문제 없다고 하더라구요 그리고 황반변성 때문에 다른 눈에도 조금 영향이 생긴거 같은데 병원에 검사를 받았을때는 문제가 없다고 나오더라구요. 이거 괜찮은건가요?",C6,C4,tri_llm_consensus
T-1291,2021,"안과, #황반변성",황반변성은 망막ct나 현미경검사로 알수있나요?,"검은반접이 시야를 가려서 3년전쯤에 대학병원 두군데서 정밀검사를 받았는데

두곳다 별 이상이 없다는 결과를 받았습니다.

지금도 검은반점이 보이고 현재는 포도막엽 때문에 2~3개월에 한번씩 가서 망막ct, 산동 후 교수님께 현미경검사를 받습니다.

황반변성은 신생혈관으로 인해 시야랄 점점 가린다고 알고있는데 이게 반점이 보일만큼 진행했다면

망막ct 현미경검사 만으로도 황반의 변성을 알수있나요?

대략 시야 중심의 약간 왼쪽에 시야를 가립니다...",C2,,review_pool_R1_v5b
T-1292,2021,"안과, #황반변성, #황반변성증상, #황반변성, #황반변성증상, #황반변성치료, #황반변성원인, #동영상답변, #지식iN동영상답변, #황반변성원인, #황반변성증상, #지식인카드, #지식인카드답변, #플레이스URL",황반변성 자가진단 해보는데 한쪽 휘어짐이 보인다고 하시네요,"저희 친정 아버지가 올해 60대 후반이신데 얼마전부터

한쪽 눈이 흐리고 휘어지는 느낌을 받으신다고 해서 찾아보니까

황반변성 증상인 것 같아서 황반변성 자가진단? 해보셨는데

휘어짐이 느껴지신다고 하네요...

이게 황반변성 증상이 맞을까요? 자칫 잘못하면

실명 유발할 수 있는 질환이라고 해서 잠실에 있는 안과를

모시고 가고 싶은데 추천 부탁드려요ㅠ",C8,C8;C6,tri_llm_consensus
T-1293,2021,"원불교, #차즈기, #김석진랩루테인, #김석진루테인, #채식루테인, #비건루테인, #100, #식물성루테인",차즈기 효능과 루테인 효능 차이,"차즈기 효능과 루테인 효능의 차이에 대해서 궁금해졌어요!

제가 루테인을 먹고 있는데 뉴스기사를 보니 루테인은 중증도 이상의 황반변성에만 효과가 있다고 해서요~ 차즈기의 효능는 눈의 피로를 직접적으로 도와준다는 점이라 하는데, 이 둘의 차이가 궁금합니다.오랫동안 루테인을 먹고 있는데 별 효과를 느끼지 못해서 차즈기로 갈아탈까 봐요 ㅠ

차즈기 효능과 루테인 효능 차이에 대해서 자세히 알려주시면 감사하겠습니다!",C5,,tri_llm_consensus
T-1294,2021,"안과, #지식인카드, #지식인카드답변, #플레이스URL",황반 변성 망막 출혈 눈주사 아바스틴...,황반 변성 망막 출혈 눈주사 아바스틴 지난 8일날 맞앗는데 어제 일주일 만에 진료 보고 왓는데 세수 해도 되고 인공눈물 넣어도 되나요? 약 효과는 한달 이라던데,C9,C4,tri_llm_consensus
T-1295,2021,"외과, #황반변성, #황반변성치료",엄마가 황반변성? 수술을했는데 아직도 구불렁거라고이상하대요,수술은 6개월정도됐어요 다른병원도가봐야할까요??,C8,,tri_llm_consensus
T-1296,2021,안과,황반변성 산정특례,"좌안 황반변성

시력: 우안 0.8 좌안 0.15

안압: 우안 16mmhg 좌안 14mmhg

어머님께서 좌안 황반변성 진단을 받으셨습니다.

주사를 매달 맞아야 된다는데

비용이 1회에 50~100만원 정도라 너무 부담이 됩니다.

실비가 없으셔서 보장 받을수도 없구요

검색해보니 희귀성 난치병의 경우 산정특례 라는 제도로 본인부담 10%로만 할수 있다고

하는데 적용 대상과 범위가 궁금합니다.",C7,C4,tri_llm_consensus
T-1297,2021,드라마애니메이션,"돋보기에 관하여,",현재 제가 황반 변성으로인해 글씨가 중간중간 보이지않아 돋보기 안경을(도수있음) 쓰고 겨우 글을 알아 보는데요. 돋보기도 좀더 크고 선명하게 특수 제작된 안경형 돋보기가 없을까 궁금해 질문을 남겨 봅니다.,C9,,tri_llm_consensus
T-1298,2021,안과,눈동자에 회색빛얼룩은 왜그런건가요?,"저희아빠가 60대후반이신데 한쪽눈이 황반변성이세요

근데 어느새부터 그쪽 검은눈동자 한쪽에 회색빛 얼룩같은게 생기셨는데 왜그런건가요?

사진 잘안보이지만 이렇게 뭔가 얼룩이 생겨있어요

동그라미 부분에요",C2,,tri_llm_consensus
T-1299,2021,"안과, #검색질문, #통합검색궁금증, #통합검색질문하기",황반변성검사 로 망막색소변성을 진단할...,황반변성검사 로 망막색소변성을 진단할수있나요?,C2,,tri_llm_consensus
T-1300,2022,"안과, #황반변성증상, #황반변성원인, #동영상답변, #지식iN동영상답변, #지식인카드, #지식인카드답변, #플레이스URL",황반변성 험프리시야검사,"제가 왼쪽눈에 황반변성이 있습니다.

이미 진행될대로 진행되어서 왼쪽눈 중심시야가 검게되어 안보이는데요. 이 상태에서 험프리 시야검사를 하면 결과가 어떻게 나올까요?",C2,,tri_llm_consensus
T-1301,2022,안과,눈이 갈색으로 보여요,"한쪽 눈이 갈색으로 보였다가 몇분~몇십분 정도 지나니까 괜찮아졌는데 검색해보니까 황반변성이라는 얘기가있더라고요 그때 이후론 정상적으로됐는데 병원 가봐야할까요?

+어제 전자기기 사용을 많이했고 3시간 밖에못잤어서 그냥 눈의 혹사 때문인지도 궁금하네요ㅠ",C2,C8,review_pool_R1_v5b
T-1302,2022,안과,황반변성에 구리 비타민,구리와 아연이 도움이 된다고 하던대 어떤 원리 인가요?,C5,,tri_llm_consensus
T-1303,2022,"안과, #황반변성치료, #황반변성증상, #동영상답변, #지식iN동영상답변, #지식인카드, #지식인카드답변, #플레이스URL, #황반변성, #황반변성치료, #지식인카드, #지식인카드답변, #플레이스URL, #황반변성, #황반변성증상, #지식인카드, #지식인카드답변, #플레이스URL",황반변성 잘 치료된건가요?,20년 쯤에 황반변성이 재발하여 서울병원에서 주사 치료를 받고 정기 검진도 계속 받고 있습니다 그런데 정기검진에는 별다른 문제는 없다고 하는데 아직 시야에 반점이 사라지지 않고 남아있습니다. 일상생활에 문제가 되진않지만 이런건 따로 말해야 되는건가요,C6,C2,tri_llm_consensus
T-1304,2022,안과,노인황반변성,"노인습성 황반변성 안구내주사 의료보험받으려면 어떻게 하면되나요?

조건이 까다롭나요 나이가 적으면 안되지만 노인은 문제없는것 아닌가요",C7,C4,tri_llm_consensus
T-1305,2022,안과,고혈압망막증과 습성황반변성,고혈압망막증과 습성황반변성은 삼출물등 비슷한것같은데 차이점이 무엇인가요?,C1,,tri_llm_consensus
T-1306,2022,안과,노인성황반변성,"건강보험적용되려면 일단 검사를 받아 습성임이 인정되어야할것같은데

어떤검사를 받아야만 습성임을 인정할수가 있나요?

형광안저촬영이 필수검사사항인가요?",C7,C2,tri_llm_consensus
T-1307,2022,"손해배상, #보험, #보상문제, #보상관련, #환반변성, #유리체내주입술, #메리츠화재, #메리츠화재실비보험, #메리츠화재실비보험청구",유리체내주입술 보험금 보상문의,메리츠화재- 황반변성으로 유리체내주입술을 받았는데 보험 청구하니 2014년 법원판례에 따라 수술에 해당되지 않아 보상받을게 없다고 하는데 맞는건가요?,C7,,tri_llm_consensus
T-1308,2022,"안과, #검색질문, #통합검색궁금증, #통합검색질문하기, #오큐실, #황반변성, #아미넥스, #알파실, #아미넥스코리아, #녹내장, #눈영양제, #눈주사, #루테인, #황반변성치료, #황반변성치료법, #황반변성치료, #지식인카드, #지식인카드답변, #플레이스URL",황반변성에 산테 안약써도 되나요?,어머니께서 황반변성이신데 주사는 주기적으로 맞으시는데 혹시 산테 안약을 가끔 넣어도 되는지 궁금합니다,C9,,tri_llm_consensus
T-1309,2022,"안과, #지식인카드, #지식인카드답변, #플레이스URL, #황반변성, #변시증, #신생혈관, #오큐실, #황반변성, #녹내장, #안과, #황반변성진단, #황반변성검사, #황반변성치료, #황반변성주사, #눈주사, #루테인",황반변성 치료 방법 좀.. 좋은 음식 같은것도...,"저희 남편이 황반변성 판정을 받았는데요

주사치료를 받는중인데 시야가 찌그러져 보이는게 여전하다고 그래서

다른 치료 방법은 없는건지 알아보는중이고

챙겨주면 좋은 음식 같은것도 궁금해서 글 남겨요

잘못하면 시력이 떨어질수 있다고 그래서 걱정인데

황반변성 치료 방법 뭐가 있는지 좀 알려주시구요

그리고 챙겨주면 좋은 음식에 대해서도 아시는분 답변 좀 해주세요",C3,C5;C4,tri_llm_consensus
T-1310,2022,"의료기관, 의료인",청주황반변성 검진 및 치료 안과,"엄마가 종합검진받을 때 황반변성 진단을 받았습니다.

근데 그런 종합검진 결과는 좀 믿음이 안 가서..

청주황반변성 검진 가능한 안과 찾고 있습니다.

확진받으면 치료까지 해야 하니까

치료도 잘하는 것이면 더 좋을 것 같습니다.

대충 찾아봤는데 실명할 수도 있다고 하니 걱정입니다.

가족의 일이라 생각하시고 답변 부탁드립니다",C8,C2,tri_llm_consensus
T-1311,2022,"안과, #황반변성, #황반변성증상, #지식인카드, #지식인카드답변, #플레이스URL, #황반변성, #황반변성증상, #동영상답변, #지식iN동영상답변, #지식인카드, #지식인카드답변, #플레이스URL",눈에 출혈,"안녕하세요, 어머니가 안과에서 진료를 받으셨는데 증세에 관해 야쭙고자 글을 올립니다.

우선 안과에서 정기검진을 받게 된 것은 왼쪽 눈의 흰점증후군 땨문이었습니다. 선이 휘어서 보여서 병원을 방문했더니, 흰점증후군이므로 정기적으로 방문해야 한다고 말씀하셨습니다.

이후 한쪽 눈을 가리면 나머지 눈이 먹구름이 낀 것처럼 흐릿하게 보인다는 말씀을 새롭게 하셨고(이것은 비교적 최근입니다), 오늘 한 차례 다시 안과에 방문했을 때, 오른쪽 눈에서 출혈이 그 이전보다 확연히 많아졌다는 진단을 받았습니다. 정밀검사를 받고 레이저를 조사하는 등의 치료를 해야 한다고 말씀하셨습니다.

아직 정확한 병명을 진단받은 것은 아니나, 제가 찾아본 경우 이러한 증상이 황반변성에서 나타나는 듯 한데, 제 추측이 맞을까요? 그리고 눈에 출혈이 발견됐다면 습성 황반변성일까요? 뇌에 질환이 없는데도 습성 황반변성이 나타날 수 있나요? 답변 주시면 감사하겠습니다.",C2,C1,tri_llm_consensus
T-1312,2022,"의약외품, #황산화제",오큐아레즈투엠 대신에 유한 루테인지아잔티 플러스와 비타민C 괜찮을까요?,"황반변성 초기라 병원에서 진료 받으니 아직 수술할 정도는 아니라 따로 약은 처방해주지 않고 황산화제인 태준제약의 오큐아제즈투엠을 꾸준히 먹어라 했습니다.

그런데 오큐아레즈투엠은 하루에 약을 4개씩이나 먹어야 하고 가젹도 비싼 편인데, 제가 평소에 먹고있는 유한양행의 루테인지아잔티 플러스 한알과 비타민C 500mg 한알을 같이 먹는 것과 큰 차이가 있을까요?",C5,,tri_llm_consensus
T-1313,2022,안과,황반변성에 대하여,"지인의 질문인데요

습성황반변성이 심해지면 회복할수가 없다고 들었는데 혹시 피가 굳어서 안풀리기때문에

그런것인가?

왜 회복할수가 없나요?",C6,C1,tri_llm_consensus
T-1314,2022,"미용도구, #부산안경, #남포동안경",눈에 암점은 어떻게 생겼나요? 그 황반변성 걸렸을때 보이는 암 점이요,눈에 암점은 어떻게 생겼나요? 그 황반변성 걸렸을때 보이는 암점이요 이미지나 이런걸로 보여주시면 감사하겠습니다.,C2,,tri_llm_consensus
T-1315,2022,"안과, #습성황반변성",습성황반변성 건성보다 위험하다는데 주사치료 괜찮나요? (신반포역 50대중반/여 습성황반변성),"나이가 있어서 그런지 황반변성 진단을 아주 오래 전에 받았었는데요,

그때는 약물로 쉽게 처리가 됐기 때문에 심각하게 생각하지 않았어요.

슬슬 노안이 찾아온 것 같아 시력 자체는 그리 좋지 않은데, 요새 들어서 또 불길한 느낌이 들어 검사 받아보니, 습성황반변성이라고 하네요???

일단 검사만 받고 집에 왔는데 주사치료 받으면 나아질 수 있는 건지

약물은 괜찮은데 주사를 넣는다고 하니 무섭네요 분명 아플게 뻔하고

다른 방법은 없을ㅈ.

도와주세요.",C4,C6;C3,tri_llm_consensus
T-1316,2022,성인영양,부모님 생신선물 알아보고 있는데 눈영양제쪽이요,"저희 부모님이 노안이 오셨는지

요즘 눈이 안 좋다고 하네요

부모님 생신선물 할 때 눈영양제 알아보려고 해요

황반변성영양제? 라던지 여러가지 좋은 눈영양제 쪽 있으면

좋을 듯 한데 어떤걸 챙겨야 될까요

부모님 생신선물 답변좀요",C5,,tri_llm_consensus
T-1317,2022,"안과, #황반변성증상, #황반변성원인, #지식인카드, #지식인카드답변, #플레이스URL, #황반변성증상, #황반변성, #지식인카드, #지식인카드답변, #플레이스URL, #황반변성증상, #황반변성한의원, #동영상답변, #지식iN동영상답변, #지식인카드, #지식인카드답변, #플레이스URL",황반변성 의심,"눈이 이상해서 질문합니다.

시야를 검정색 점에서 오른쪽으로 가면 어느 부분에서 검은색 점이 보이지 않습니다.

황반변성인가요?

내일 병원 가볼 생각입니다.",C2,,review_pool_R1_v5b
T-1318,2022,"안과, #황반변성, #블루스크린, #차단, #안경, #황반변성치료, #부산안경, #남포동안경",황반변성 안경,"황반변성 진단 받고 치료 중인데요, 병이 많이 악화돼서 심한 편입니다.

Q1. 황반변성인 와중에 블루스크린 차단 안경 착용해도 지장 없나요? (컴퓨터를 오래보는 직업입니다.)

Q2. 블루스크린 차단 안경이 실제로 크게 효과가 있나요? 장단점이 궁금해요.

Q3. 황반변성이 많이 진행되었고 컴퓨터를 오래보는 상황에서 안경 착용 말고도 도움이 될 만한 방법이나 습관같은것도 알려주세요!!

많이 안좋은 상황이니만큼 자세하고 정확한 정보와 답변 부탁드립니다. 감사합니다.",C5,C5,tri_llm_consensus
T-1319,2022,"안과, #황반변성증상, #황반변성안과, #압구정안과, #황반변성치료","황반변성 증상 자가진단시 휘어짐? 이 느껴지는데요 단순 노안인지,,안과가서 검사 받아야되겠죠? 압구정 쪽 유명한 안과 좀 추천 부탁드립니다.","몇일전에 저희 어머님께서 티비 시청하시면서

황반변성 자가진단을 해보셨는데요~

평소 일상생활에서는 잘 못느끼셨다는데

자가진단 그림? 그거 보시면서 한쪽 눈에만 살짝 휘어지는 느낌을 받는다고 합니다

연세가 있으셔서 단순 노안 증상인가 생각이 드는데

혹시 몰라서요,, 안과가서 정밀 검사를 한번 받아보는게 좋겠죠?

혹시나 황반변성 치료는 할 수 있는 질환인지도 궁금합니다

다른 질환도 있으셔서 살짝쿵 걱정이 되서요 ㅜ

압구정 쪽 유명한 안과 아시면 추천 부탁드려요!!!",C8,C8;C3,tri_llm_consensus
T-1320,2022,"안과, #황반변성",황반변성 인가요?,"황반변성 테스트 사진을 보고 해봤는데

약간 지그재그 느낌으로 보이면 황반변성 인가요?

사진은 대충 윗부분반 만들어봤어요",C2,,review_pool_R1_v5b
T-1321,2022,"안과, #안과의사분들도움, #안과검사, #황반변성, #황반변성증상, #지식인카드, #지식인카드답변, #플레이스URL, #황반변성한의원, #황반변성증상, #동영상답변, #지식iN동영상답변, #지식인카드, #지식인카드답변, #플레이스URL",안과 검사,"제가 눈이 약간 휘어보이는거? 무슨 점이 왔다 갔다하길래

안과가서 동공커지는약 넣고 검사했거든요 이검사는 무엇이고 황반변성이런 위험한 질환까지 검사가 된건가요?

의사선생님들만 답변좀요",C2,,review_pool_R1_v5b
T-1322,2022,성인영양,부모님 생신선물 어떤게 좋을까요?,"저희 부모님이 노안이 오셨는지

요즘 눈이 안 좋다고 하네요

부모님 생신선물 할 때 그래서

눈영양제 알아보려고 해요

황반변성영양제? 라던지 여러가지 좋은 눈영양제 쪽 있으면

좋을 듯 한데 어떤걸 챙겨야 될까요

부모님 생신선물 답변좀요",C5,,tri_llm_consensus
T-1323,2022,안과,황반변성 질문,황반변서므로 시력이 나빠지면 눈 관리 잘하면 시력이 조금씩 올라 갈수 있나요?,C6,,tri_llm_consensus
T-1324,2022,국민기초생활보장,저희 친정엄마가  장애인등급을 받을수있을까요ㆍ,"친정 엄마가 황반변성이라 대학병원에 가서

치료와 약을 복용하면서몇년을 지나고있는데

한쪽은 실명가까을것같아요ㆍ

안보인다고 하시더라구요ㆍ

그래서 장애인등급을 받을 수 있는지?

궁금하고 또 신장암이여서 콩팥을 하나

제거했는데 것도 가능한지요?",C7,,tri_llm_consensus
T-1325,2022,안과,황반변성이있거나 변시증이있을때,아스타잔틴 먹는다해서 한번에 치료되진않죠?? 원래 있던병이라 완전히 치료되는건아니죠?,C5,C6,tri_llm_consensus
T-1326,2022,안과,황반변성 노인들은 많이 걸리나요?,"70대 이상부터는 백내장은 거의 80% 이상 걸리던데, 황반변성은 어떤가요?

미국은 많이들걸리던데 태양 때문인가요? 한국은 거의 없나요?

그리고 녹내장, 당뇨 기저질환자 같은 경우는 황반변성 걸릴 확률 더 높나요?",C1,,tri_llm_consensus
T-1327,2022,"건강식품, 의약외품",제로큐탄과 루테인,"제로큐탄이 비타민a랑 같이 먹으면 안된다고 했는데

하루보람 루테인지아잔틴 아스타잔틴도 비타민a형 캡슐로 만든간가요? 같이 복용해도 되나요?

하루보람 초임계 루테인 지아잔틴 아스타잔틴 30캡슐 눈건강 눈에좋은 영양제 황반변성 청소년 플러스 오큐 비타민A 아레즈투 2+1 행사중

이렇게 제품명이 써있었습니다",C5,C9,review_pool_R1_v5b
T-1328,2022,안과,옵토맵 옵토스검사로 황반변성을 알수있나요??,알려주세요,C2,,tri_llm_consensus
T-1329,2022,"안과, #황반변성치료, #황반변성증상, #환반변성예방","황반변성 증상, 예방법, 치료법 알고 싶습니다. (노원 60대초반/남 황반변성)","얼마 전에 부모님 모시고 안과를 다녀왔는데 황반변성 위험이 있다고 하는데… 황반변성에 대해 알아보고 있습니다.

황반변성 증상, 예방, 치료 등 자세히 알려주세요.",C1,C2;C3;C5,tri_llm_consensus
T-1330,2022,"의료, 상해 보험, #보험, #보험, #보장성보험, #보험금청구",(보험) 수술비 청구할 때 질병 내용 간단히 적어도 상관 없나요?,"첨부한 수술확인서상

진단명이 황반변성, 유리체 출혈, 백내장 이렇게 세 개가 있고

수술내역이 4개인데

질병 내용에 그냥 '황반변성 등'으로 적어놨는데,

이게 보상 받는데 문제가 될까요?",C7,,tri_llm_consensus
T-1331,2022,안과,황반변성 질문,눈이 좀 침침해서 한쪽눈 가리고 책을 보면 반대쪽 눈 보다 전체적으로 어둡게 보여요. (제가 짝눈이라 예전부터 한쪽눈이 전체적으로 어둡게보이고 한쪽이 시력이 낮아요.)한곳만 쳐다보다가 살짝멍때리면 그곳이 좀 진하게 어둡게 보이다가 또렷하게 보려고하면 또 보이기는 보입니다. 이거 황반변성 초기 증상인가요??? 한쪽 눈 만 그럴 수 있어요??,C2,,review_pool_R1_v5b
T-1332,2022,안과,안과검사비용,대학병원 녹내장검사 및 황반변성검사 비용대략적으로 얼마정도인가요,C7,C2,tri_llm_consensus
T-1333,2022,"안과, #지식인카드, #지식인카드답변, #플레이스URL, #황반변성원인, #황반변성치료, #지식인카드, #지식인카드답변, #플레이스URL",황반변성 증상,눈이 원래 양 눈 차이가 많이 나는 편이고 어두운데서 누워서 폰도 많이 보는편인데 방금 갑자기 한 5초정도 눈 앞에 진짜 하늘에 떠있는 진한 별 같은게 여러개가 먼지 마냥 떠돌아다니더니 없어졌다가 지금은 괜찮아요 황반변성 증상에 점이 떠나다니는게 이ㅛㅆ다해서 이갓도 증상이 맞나요?,C2,,review_pool_R1_v5b
T-1334,2022,안과,황반변성 확인표,"이거 보고 왜곡되어 보이거나 특정부분이 블러ㅜ처리 한 것 처럼 보이거나 그러면 황반변성이라는데 뭔가 계속 보다 보면 착시 그림처럼 선이 약간 울퉁불퉁해서 움직이거나 칸 하나하나가 완벽한 사각형처럼 안 보이지 않나요 다시보면 안 그렇고 제 눈이 이상한건지 모르겠어요… 지금 다시 눈높이에서 보면 또 안그런데 엄마도 그렇게 보인다 하시는데 원래 그런거에요…? 그리고 그냥 전체적으로 그림자체가 한쪽씩 가렸을때 두 눈으로 볼때보다 전체 그림이랑 글씨가 흐릿한 건 그냥 한쪽 가려서 그런거죠?

평소에 생활할때도 선이 굽어 보이거나 타일이 굽어보이거나 그런적은 없었어요",C2,,review_pool_R1_v5b
T-1335,2022,안과,황반변성 원인,,C1,,tri_llm_consensus
T-1336,2022,"안과, #오큐실, #아미넥스코리아, #네이버페이, #스마트스토어, #황반변성, #녹내장, #안과, #녹내장전문, #황반변성진단, #황반변성환우",황반변성인데 아스타비전이랑 레티움 같이 복용해도 될까요?,"1.황반변성인데 아스타비전이랑 레티움 같이 복용해도 될까요?

2. 그리고, 아스타비전 계속 장기 복용해도 될까요? 아니면 2~3개월 쉬었다 먹어야하나요?",C5,C9,tri_llm_consensus
T-1337,2022,"안과, #오큐실, #아미넥스코리아, #스마트스토어, #네이버페이, #녹내장, #안과, #녹내장약, #녹내장관리, #녹내장치료, #녹내장환우, #황반변성원인, #황반변성증상, #동영상답변, #지식iN동영상답변, #지식인카드, #지식인카드답변, #플레이스URL, #황반변성원인, #황반변성증상, #황반변성원인, #황반변성증상, #지식인카드, #지식인카드답변, #플레이스URL, #황반변성원인, #황반변성증상",황반변성 의료보험,"안녕하세요 저희 아버지는 현재 한쪽 눈 황반변성 진단을 받으시고 약 2년여 정도 주사를 맞고 계십니다.

현재 의료보험 처리가 되는 주사를 맞고 계시는데요.

요새 티비를 보면서 대선후보자들이 의료보험에 대한 이야기를 많이 하면서 한편으로는 걱정이 되서요

현재 아버지가 맞고계시는 주사가 비급여 처리가 될 수 도 있는지 걱정이 되서 질문을 남기게 되었습니다.

만약 비급여 처리가 된다면 가격이 어느 정도인지도 궁금하네요.

아버지께서 정확히 주사 명칭을 알려주지 않으셔서 정확한 명칭은 잘모르겟습니다. 카페나 이곳 저곳 검색해본결과 보험처리 되는 주사가 뭔지는 알겠지만 확정지을 수도 없으니깐요.. 현재 아버지께서는 꾸준히 맞으시면서 상태가 호전되셔서 두달~세달에 한번 씩 맞고계십니다!

답변 해주시는 모든 분들 감사드립니다/.",C7,C4,tri_llm_consensus
T-1338,2022,성인영양,루테인 지아잔틴 아버지 사드리려 하는,"아버지 눈 수술 및 황반변성으로 병원에서 추천해서

루테인 지아잔틴 사드리려 하는데

종류가 굉장히 많아서 어렵네요

어떤 부분을 중점에 두고 비교해야하나요?

가장 유명한 제품은 무엇인가요?",C5,,tri_llm_consensus
T-1339,2022,"영양제, 건강보조식품, #루테인지아잔틴, #루테인영양제, #해외직구",루테인 영양제인 <포에버 아이비전> 어떤가요?,"엄마가 황반변성인데 병원에서 만난 어떤 환우분이(같은 황반변성) 포에버 아이비전을 먹고 황반변성이 악화되지 않았다며 이약을 추천해줬다합니다. 그 환우분이 의사한테도 보여줬고 의사나 약사나 다 먹어도 되는 약이라고 했다고 하는데 저보고 해외직구해달라고 해서 검색해보니 아이허브나 그런데선 전혀 없고 11번가나 그런데서 해외직구로 구매해서 최저 58000원~최고 7만원이상으로 비싸더라구요. 1통에 60개들었고 하루에 2알씩 1달치인데 루테인함량이 20mg, 지아잔틴 4mg들어있고 비타민A,C,E가 들은 정도로 크게 대단해보이지 않는데 이걸 사드려도 될지 걱정입니다. 그냥 일반적인 루테인영양제로보이나 유명제품, 알려진 제품은 아니라서 구매한 사람들의 리뷰등을 확인하기 어렵더라구요. 제품 사이트로 들어가봐도 딱히 도움되는게 없고 전부 영문이라 제가 번역기를 돌려도 분명 놓치는게 있을것같고, 혹시나 문제있어 단종된 제품은 아닐지 걱정되서 질문드립니다. 이 영양제가 문제있는 건 아닐지, 문제없어도 특별한 효능을가지지 않은 일반적인 영양제는 아닐지 궁금합니다.",C5,,tri_llm_consensus
T-1340,2022,"노인복지, #노인요양, #방문요양, #노인돌봄, #입주간병, #치매, #24시간병, #노인, #요양상담, #가족요양, #노인복지",노인 시각장애인 치매,"1년 전 할아버지께서 하루 아침에 황반변성으로 시각장애인이 되셨어요

양쪽 다 안 보이시는데 그리 빠릿하시고 기억이 명확하신 분이 거의 누워만 계시다보니 방금 들은 것도, 좋아하시는 6시 내고향 시간도 자꾸 까먹고 기억이 안 난다고 하시더라고요

덜컥 치매가 걱정이 됩니다

나와있는 노인치매관련 물건들은 시력이 있는 상태에서 가능한 것들인데 혹시 이럴 때 어떡해야 하는지 제가 해드릴 수 있는 게 뭐가 있는지 알려주시면 감사하겠습니다",C9,,tri_llm_consensus
T-1341,2022,안과,경남 경북권 안과 황반변성 진료 가능한 병원을 찾고 있습니다.,"만약 경남 경북권이 없다면 수도권 쪽에 진료명의를 알고 싶습니다.

심각한 상태에서 수술도 고려해볼 생각입니다. 혹시 추천해주시는 병원이 있을까요?

심각하므로 광고홍보 신고합니다. 급합니다

경남 경북권

수도권도 상관없습니다",C8,C3,tri_llm_consensus
T-1342,2022,안과,황반변성 건성의 원인이 뭔가요?,,C1,,tri_llm_consensus
T-1343,2022,"안과, #광시증, #망막, #안과",광시증에 대해,"광시증 증상이 나타난지 2주쯤 되는데요

황반 변성 앓았다가 루센티스 주사 맞고 잔상은 조금 있지만 그래도 거의 낫고 잘 지냈습니다 근데 얼마전부터 눈 외곽에 올챙이 빠르게 기어가는것같이 반짝 하면서 그러더라구요 별 대수롭지않게 여겼는데 계속 그러길래 찾아보니 광시증이네요 망막에 문제가 있는 걸까요

1. 광시증 치료하면 증상 없어지나요? 너무 거슬립니다

2 . 치료 기간 어느정도 되나요?",C9,C3;C4,tri_llm_consensus
T-1344,2022,"건강식품, 의약외품, #황반변성, #루테인, #루테인지아잔틴, #아스타잔틴, #루테인영양제, #아스타잔틴영양제, #황반변성예방, #황반변성치료",황반변성 루테인지아잔틴 VS 아스타잔틴,"황반변성이라는 안과질환을 가지고있습니다.

이때 루테인지아잔틴이랑 아스타잔틴중에 어느게 더 병에 도움이 될까요?

제가 찾아봤을때는 둘다 일단 황반변성에 도움이 된다고는 하지만 차이점이 루테인지아잔틴은 황반변성에 아스타잔틴은 눈피로에 초점이 맞춰줘있는데.

이말이 맞나요?

그리고 하루 4mg(혹은 2mg)섭취시 도움이 될정도의 용량인가요? 아니면 턱없이 적은 용량인가요? 다른 약품에 추가로 첨가된 제품으로 찾다보니 대부분 이정도 용량이더군요.

차이점과 용량관련 자세하게 답변부탁드립니다.",C5,,tri_llm_consensus
T-1345,2022,"건강식품, 의약외품, #아스타잔틴, #아스타잔틴황반변성",아스타잔틴 황반변성 예방& 치료효과 질문,"제가 듣기론 아스타잔틴이 최근들어서 황반변성 예방과 개선에 도움이 될수있다는 연구결과가 해양생물학지(marine drugs)나오고있다는데.

혹시 어느정도의 공신력있는 연구결과인지 궁금합니다.

그리고 연구결과상에 ""황반""에 영향을 주어 황반변성 예방에 도움이 된다고 했는건지도 궁금합니다.",C5,,tri_llm_consensus
T-1346,2022,"의료, 상해 보험, #1세대실비보험",1세대 실손보험 동일질병 통원진료의 한도에 대해 문의 드립니다.,"안녕하세요. 1세대 삼성화재 실손보험 가입자인데요.

눈에 이상이있어 2020년 12월에 진료를 보았는데 황반변성 증세라고 대학병원에 기보라고 해서

2021년에 2번 대학병원에서 진료를 받았습니다. 진료 결과 일시적인 염증에 의한 증상이라

일반 병원에서 정기적으로 관찰을 하라고 하더군요.

그래서, 2021년에 한번 동네 병원에서 진료를 받고 2022년 2월에 진료를 보았습니다.

5번 안과 진료를 받았는데 마지막 진료는 지불 거절을 당했습니다. 거절사유는 약관에 나온

""보상한도는 동일 질병으로 진료를 받을시 발병일 부터 365일이 되는 날 이전의 기간동안

발생한 통산 통원일수 30일을 한도로 합니다.

다만, 동일질병에 의한 통원이라도 질병 통원의료비가 지급된 최종 통원일부터 180일이

경과하여 개시한 통원은 새로운 발병으로 간주하여 보상하여 드립니다.""

라는 내용을 이유로 말합니다.

진료비는 병원비와 약값 합쳐서 2만원 정도입니다. 문의 드리는 이유는 2만원이 문제가 아니라

만일 추후에 고액 치료비를 청구할 때 발생할 수 있는 일이기에 사전에 실비보험의 처리 문제에

대해 알기 위함입니다.

저는 1년내에 30번 이상 진료를 보면 지급 제한을 한다라고 이해 했는데 삼성화재에서는 1년 또는 30을

각각의 조건이라고 이야기합니다.

삼성화재 지급담당자와 통화시 일반 감기도 동일하게 적용한다는데 이것도 맞는 말인지 알고 싶군요.

현재 금융감독원 민원실에 민원을 제기 했는데 답변까지 3~6개월 걸린다고 합니다.

처음 겪는 일이라 혼란 스럽네요.

내용을 정확히 아시는 분들의 의견을 듣고 싶습니다.

감사합니다.",C7,C2,review_pool_R1_v5b
T-1347,2022,"안과, #안과, #지식인카드, #지식인카드답변, #플레이스URL",아버지가 황반변성인데 2주마다 정밀검사 정상인건가여?ㅠㅠ,"2주마다 갈때마다 정밀검사를 2시간정도하시거든요

정밀검사하고 2주뒤 주사예약하고

주사맞는날 정밀검사하고

주사 맞고 2주뒤에 정밀검사하고

또 2주뒤에 정밀검사하고 주사맞고

이러고있는데 너무 과하지않나 싶기도해서요 ㅠㅠ

주사가격도 조금 비싼데 무엇보다

정밀검사가 한 19만원정도 되는데  2주마다 그렇게나오니 조금? 안과가기 무섭고 힘드네영 ㅠㅠ

이런경우가 당연한건가요?",C2,C7,tri_llm_consensus
T-1348,2022,"안과, #오큐실, #황반변성, #녹내장, #아미넥스코리아, #ocuxyl닷com, #스마트스토어, #네이버페이, #11번가, #안과, #눈영양제",황반변성 수술 후 난시교정,"황반변성으로 인한 출혈로 긴급수술 후,

두달 뒤 주사를 맞고 난시교정을 받았습니다.

몇시간 후 초점이 맞아져서 너무 기뻤으나

자고 일어나니 다시 초점이 안맞는 상태가 되어서요.

난시교정 방법을 모르겠지만 하룻밤사이 이럴수도 있나요?",C9,C3,tri_llm_consensus
T-1349,2022,산업재해보상보험,질병산재  질문함니다,형틀목수로 10여년간 일하고있는중입니다.4년전에 황반변성 진단을받았는데 질병산재 신청가능한지궁금합니다.,C7,,tri_llm_consensus
T-1350,2022,"안과, #지식인카드, #지식인카드답변, #플레이스URL, #오큐실, #황반변성, #황반변성원인, #스마트스토어, #아미넥스코리아, #안약, #점안액, #코솝, #잘라틴, #눈영양제, #황반변성증상, #황반변성원인, #지식인카드, #지식인카드답변, #플레이스URL",황반변성에 대해서 간략하게 알려주세요,"황반변성에 대해서 간략하게 알고싶습니다

자세히 알려주시면 더욱 감사하겠습니다",C1,,tri_llm_consensus
T-1351,2022,"안과, #오큐실, #오큐실닷컴, #ocuxyl닷com, #안과, #황반변성, #녹내장, #스마트스토어, #네이버페이, #11번가, #눈영양제",황반변성 안구주사 후 안구 내 염증 부작용 치료받고 왔습니다,"아버지께서 안구주사 4차 후 다음날 갑자기 충혈, 안구 통증, 시력 저하가 발생해 2시간만에 응급으로 대학병원에 와서 8시간 대기하다 검사 받고 치료를 받았습니다

좀 알아보니 1만분의 1확률로 황반변성 안구주사 후 염증이 발생한다고 하더군요...

여튼 수술이 두가지 방법이 있다던데

안구 속 염증을 제거 후 기름을 넣는 방법과

인공 각막?을 넣는다고 하던데

기름을 넣어서 염증이 더 발생하지 않도록 하는 방향으로 갔습니다.

일주일 입원하셨고 오늘 집에 오셔서 안약을 넣어드리다가 눈동자를 봤는데 '갈색 홍채가 정상이라면 절반 정도 뿌연게 보이더라구요'

ㅠㅠ 기름인지 염증이 갑자기 재발한건지 모르겠네요

또 급하게 응급실을 가야할지 고민입니다

퇴원하기 하루전에 충혈이 생겼다고 하셨는데

의사분 말씀으로는 많이 깨끗해졌다고 충혈은 실핏줄이 터져서 그런거다 하셨는데

외래로 매주 화요일마다 검사받고 치료한다고 했는데

고민입니다.

일단 심한 통증은 없고 충혈은 아직 있으신데

어찌해야할까요?

원래 기름 넣으면 홍채가 그리 보이는건가요?",C9,C4,tri_llm_consensus
T-1352,2022,성인영양,블루베리 과다섭취,"블루베리를 엄청 좋아해서 냉동으로 몇봉지씩 쟁여두고 먹는데요

ㄱ하루섭취량이 20알 정도이고 과다섭취시 황반변성이나 실명 부작용이 있다고 하는데 저는 4-50알 먹는거 같아요

대접으로 먹어도 괜찮다는 사람이 있고 ,,,섭취량을 줄여야 할까요?",C5,C1,review_pool_R1_v5b
T-1353,2022,"국민기초생활보장, #검색질문, #통합검색궁금증, #통합검색질문하기",생계급여 주거급여수급자입니다 얼마전...,생계급여 주거급여수급자입니다 얼마전 노년성황반변성(중증난치)판정을받았는데 현재 조건부수급자라일을해야하는데 많이불편하고그러한데 조건부수급말고 다른방법이없을까요?,C7,,tri_llm_consensus
T-1354,2022,"의료기관, 의료인",아버지가 황반변성으로 한쪽은 장애가 있으시고 나머지 한쪽눈이 시력이 0.5인데 이번에 서울 아산병원에서 0.,"아버지가 황반변성으로 한쪽은 장애가 있으시고

나머지 한쪽눈이 시력이 0.5인데

이번에 서울 아산병원에서

0.5를 0.7까지 올릴수있다고 나머지 한쪽눈을 수술하셨는데도

이전보다 더 잘안보인다 하셔서요ᆢ

수술을 했는더 왜 이전보다 더 안보인다는건지 모르겠어요

걱정되서 그러는데

혹시 눈 각막이식이나

눈 이식 이런걸로는 아버지눈 고칠순 없을까요?

전문가님 고견 부탁드려봅니다ᆢ

내공드려요ᆢ",C3,C6,tri_llm_consensus
T-1355,2022,안과,아버지가 황반변성으로 한쪽은 장애가...,"아버지가 황반변성으로 한쪽은 장애가 있으시고

나머지 한쪽눈이 시력이 0.5인데

이번에 서울 아산병원에서

0.5를 0.7까지 올릴수있다고 나머지 한쪽눈을 수술하셨는데도

이전보다 더 잘안보인다 하셔서요ᆢ

수술을 했는더 왜 이전보다 더 안보인다는건지 모르겠어요

걱정되서 그러는데

혹시 눈 각막이식이나

눈 이식 이런걸로는 아버지눈 고칠순 없을까요?

전문가님 고견 부탁드려봅니다ᆢ",C3,C6,tri_llm_consensus
T-1356,2022,"의료기관, 의료인",한쪽눈이 황반변성이라 시력0.1이라 살릴수 없으면 마지막 다른한쪽눈은 0.5인데 이걸 살릴수 있는방법은 어떻,"한쪽눈이 황반변성이라 시력0.1이라 살릴수 없으면

마지막 다른한쪽눈은 0.5인데

이걸 살릴수 있는방법은 어떻게 없을까요?

눈이식은 안되는건가요?

아버지가 눈이 안보이신다고 하시는데

너무 맘이 아프고

제가 어찌 도와드릴 방법이 없을지ᆢ

답답해서요 ㅜㅜ

전문가님 고견 부탁드려 봅니다ㅜㅜ",C3,C6,tri_llm_consensus
T-1357,2022,안과,갑자기 한쪽 눈이 어른거려 시야방해,"컴퓨터 문서 작업중

갑자기 글자가 군데군데 흐릿하게 보이면서

왼쪽 눈앞에 투명한 막같은게 시야를 방해하면서

한 20분간 앞이 흐릿하게 보이더니 지금은 괜찮아졌어요.

며칠전부터 갑자기 손끝이 시렵더니 오늘은속이 좀 메스껍고 머리도 좀 어지럽고

시력에 갑자기 일시적으로 이상이 생겼는데.

혹 시력이 아니라 뇌에 문제가 있는건 아닐까요?

시력증상만 보면 황반변성 증상과도 비슷한것같긴한데 두달전 황반변성 예후가 있어 레이져치료는 했구요

주기적으로 속울렁, 어지럼증은 몇년간 있었지만

이번처럼 왼쪽 시력에 문제가 생긴건 처음이라 걱정이네요.

왜 그런걸까요?

어느 병원 진료를 받아야할지",C2,C8,tri_llm_consensus
T-1358,2022,"의료보건제도, #오큐실, #황반변성, #녹내장, #안과, #황반변성주사, #황반변성약, #황반변성검사, #황반변성치료, #황반변성증상, #황반변성진단",대학병원 황반변성,"안녕하세요 저희 아빠가 황반변성이라는 병 때문에

한달에 한번 씩 충남대학교 병원에서 검진을 받으시는데요

대충 듣기로는 결과가 안좋은거같아서 딸인 제가

정확한 결과를 듣고 싶은데 저 혼자가서 의사선생님을 뵙고

결과를 들을 수 있나요? 뵙는 비용은 상관없습니다

답변 부탁드립니다ㅜ",C9,C8,tri_llm_consensus
T-1359,2022,"안과, #노인성안질환, #압구정안과, #압구정백내장, #압구정녹내장, #압구정황반변성, #압구정성모안과, #압구정안과","단순 노화인지 아니면 노인성 안질환인지 구별할 수 있나요? 백내장,녹내장,황반변성의 차이를 알고싶어요! 그리고 압구정 쪽 안과 어디가 좋나요?","저희 어머님이 몇일전부터 시력이 안좋아지신것같아서요

물체가 가끔 겹쳐보이시기도 하고.. 흐리게 보일때도 있다고 하시는데요

연세가 많으셔서 눈은 나이들면서 점차 시력이 나빠진다고 알고 있는데요,,

검색해보니 노인성 안질환중에 백내장 이나 녹내장 그리고 황반변성이 있다는데

증상이 거의 비슷?하다고 하더라구요

그래서 단순 노화로 자칫 넘기는 경우가 많아서

나중에 증상 심해질때 수술하는 경우가 많다고...그냥 방치하면 안될것같아서

안과에 한번 가볼려고 하는데요 압구정 쪽 안과 추천 좀 해주세요!

특히나 백내장,녹내장,황반변성 쪽 잘 하는 곳으루요...

혹시나 이미 진행이 많이 되었다면 수술을 바로 할 수 있는 병원으로요

내공 드립니다! 홍보 사절이요~",C8,C1;C2,tri_llm_consensus
T-1360,2022,종로구,종로안과 황반변성 관련한 안과,"아버지 황반변성 관련해서 종로 안과 모시고 다녀야 할것 같은데요

황반변성은 망막 전문의가 있는곳을 가야 한다고 들었는데

망막 전문의 있고 황반변성 특히 잘보는 안과였으면 해요",C8,,tri_llm_consensus
T-1361,2022,안과,엄마가 사물이 찌그러져 보인다고 하시네요,"엄마랑 통화하다가 요즘 몸은 어떻냐 여쭤봤는데

몸은 괜찮은데 사물이 찌그러져 보인다고 하시네요

찾아보니까 황반변성 증상이라고 하는데

황반변성이 실명의 위험이 있다고 나오네요…

빨리 치료받으면 실명까지는 안 가는 거겠죠?

치료 방법도 자세하게 알려주시면 감사하겠습니다",C3,C6;C3,tri_llm_consensus
T-1362,2022,안과,스테로이드에 대하여,"스테로이드사용이  맥락막염과 관련이 있나요?황반변성과는 무관한가요?

그러면 눈에 스테로이드 안약을 넣는것은 맥락막염을 일으킬가능성은 적은가요?",C9,C1,tri_llm_consensus
T-1363,2022,"안과, #노인황반변성",황반변성 노인에게서 주로 많이 찾아오는 안구 질환? (경기도 양평 60대초반/여 황반변성),노인 황반변성 얼마나 위험한가요? 저를 부모님처럼 키워주신 고모님이 원래 안경을 쓰셨는데 시력이 떨어진 것 같다고 잘 안보인다고 하셔서 어제 반차 내고 다녀왔는데 안경사가 안과 한번 가보시라고 안경의 문제가 아닌 거 같다고 하시면서 하신 얘기가 황반변성일수도 있을 것 같다고 했습니다. 찾아보니 실명될 수 있는 병이라고 하더라구요. 근처에는 버스로 30~40분 정도 거리에 작은 안과가 하나 있구요. 서울까지는 두시간이 걸리구요. 어디로 모시고 가는게 좋을까요?,C8,C6,tri_llm_consensus
T-1364,2022,"안과, #시력, #눈안보임, #시력저하, #황반변성",휴대폰 보는데 갑자기 자막이 한쪽을...,"휴대폰 보는데 갑자기 자막이 한쪽을 보면 한쪽이 잘 안보이는.증상이 생기고 갑자기 화면이 흔들려보이며 보는 시야에ㅜ오른쪽에 손으로 눈을 오래 누르며누생기는 증상이 비슷하게 생겼었는데 왜 그러는지 알려주살수 있을까요?

황반변성 그거 일수도 있나요?",C2,,review_pool_R1_v5b
T-1365,2022,"안과, #황반변성, #황반변성치료",황반변성은 눈시력 되돌리거나 고칠순 없는건가요? 그냥 유지가 아닌 치료는 불가능한건지ᆢ 내공드림,"황반변성은 눈시력 되돌리거나 고칠순 없는건가요?

그냥 유지가 아닌 치료는 불가능한건지ᆢ

내공드림",C3,C6,tri_llm_consensus
T-1366,2022,안과,황반변성주사에 대하여,"황반변성주사는  건강보험 적용요건이 있다고 들었는데요 요건이 될경우 적용 받으려면 종합병원급이

아무래도  가능성이 높나요?",C7,C4,tri_llm_consensus
T-1367,2022,안과,황반변성 질문,"황반변성처럼 물체가 찌그러져보이는 증상은 항상 볼때마다 찌그러져있나요? 아님 가끔씩만 찌그러져있나요?

위와같이 찌그러져보이는 증상은 기분탓이 아닌만큼 많이 찌그러져있나요, 아님 티가 많이 나게 찌그러져있나요?

확답 부탁드려요",C1,C2,tri_llm_consensus
T-1368,2022,"안과, #황반변성, #운전, #왼쪽눈, #안과, #치료, #실명",저희 아버지가 운전이 직업이신데,"황반변성으로 왼쪽눈 시력을 거의 잃으셧는데

이거 치료로 어느정도 살릴수도 있나요? 좋아질수가 있나요?

만약 거의 안보이는 지금 상태라면 화물차 운전을 앞으로도 계속 하실수 있을지 궁금합니다.",C3,C3,tri_llm_consensus
T-1369,2022,"미용도구, #황반변성, #황반변성치료, #황반변성주사, #황반변성안과, #황반변성치료법, #황반변성수술, #대학병원, #대학병원추천, #황반변성전문의, #황반변성병원, #황반변성치료, #황반변성증상, #지식인카드, #지식인카드답변, #플레이스URL, #황반변성, #오큐실, #안과, #녹내장, #황반변성검사, #황반변성전문, #황반변성예방, #황반변성주사, #황반변성실명, #황반병성치료, #황반변성, #황반변성증상","황반변성 병원, 전문의 추천해 주세요","안녕하세요.

아버지께서 70대 초반이시며 황반변성으로 6개월 ~ 12개월 정도 안과 진료를 받고 계십니다.

주사치료를 받고 있으셨고, 지난주에도 주사를 맞았고 2주 뒤에 오라고 했는데 1주일 경과하고

갑자기 눈이 평소보다 안 좋아지셨어요.

운전을 하다 빨간불은 보이는데 녹색불이 안보이고 그림자가 낀 것처럼 어둡게 보이시고,

티비도 잘 보이는 눈을 감으면 검게 보인다고 하시네요.

그래서 2주를 기다리지 않고, 병원에 1주일 경과하고 갔더니,

눈이 안 좋아졌다고 서울에 병원을 가보라고 의사 선생님께서 말씀하셨습니다.

네이버에 많이 검색해봤지만 딱히 전문으로 보는 병원이나 의사 선생님을 찾지 못했어요ㅠ

관련하여 현장에 계시거나 전문적 지식이 있으신 분들께서는,

병원이나 의사 선생님을 꼭 추천해 주시면 정말 감사하겠습니다.

실명을 거론하기 힘드시면 서울아산병원 안과 김교수님 이라던가 ㄱㅇㅈ교수님 이런식으로라도

알려주시면 감사하겠습니다.

긴 글 읽어주셔서 감사하고, 두서 없는 점 양해부탁드립니다.

건강하세요 ^^",C8,C4,tri_llm_consensus
T-1370,2022,의정부동,의정부 황반변성 진료 가능한데요,"동네 안과에서 아버지 황반변성 진단 받으셨는데

망막전문의가 있는 안과를 가라고 해서요

의정부 안과 중에 망막전문의가 있고 실력 좋은데가 어디인가요?",C8,,tri_llm_consensus
T-1371,2022,안과,야근 철야를 자주 하는데 심야 새벽에 모니터를 보면 글씨만 흐리게 보입니다.,"50세 남성입니다.

제가 오랫동안 3년이상 야근, 철야를 매우 자주 하고 있는데 (평균 1주일에 3일 정도)

수면부족(평균 하루 4-6시간) 이구요.

고혈압 당뇨가 있는데 둘다 약 먹으면서 혈압과 당화혈색소, 혈당 모두 정상범위(환자기준)

입니다. 혈압은 120 / 80  혈당은 공복시 95내외 식후 130내외 / 당화혈색소는 5.5~5.7

시력은 오른쪽 1.2 왼쪽 0.6 입니다.

평소에 시력에 전혀 문제가 없는데

요즘에 3개월 정도 전부터 새벽시간 1시나 2시 3시정도 이후부터 (피로도에 따라 다름)

모니터를 보면 다른건 잘보이는데 (예를들어 사람의 속눈썹 같은 비교적 미세한거)

글씨만 작고 얇은 흐릿하게 블러링되서 (예를들어 3과 8  5와 6이 헷갈림) 보입니다.

종종 오후나 이런때에 눈안쪽끝에 흰색 눈꼽이 (건조하지 않은 눈꼽) 한쪽 양쪽다 낍니다.

부모님 두분 다 황반변성 (아버지 습성, 어머니 건성) 초기에 발견되셔서 치료받고

시력에 이상 없으십니다.

근데 이러면 100% 유전이라고 해서 예방하려고 1년전부터 오메가3, 루테인, 지아잔틴, 아스타잔틴 복용하고 있습니다.

혹시 당뇨 망막증이나 다른 문제가 아닌지. 아니면 그냥 피로누적이나 이런 문제인지..

직업이 휴일도 별로 없고 거의 매일 늦게 끝나고 야근 철야가 많아서

안과갈 시간은 없고. 약국에서 일반의약품이나 영양제 먹어도 될런지해서 문의드립니다.",C2,C1;C5,tri_llm_consensus
T-1372,2022,"안과, #당뇨에좋은운동, #혈액순환에좋은운동, #발목펌프운동",황반변성 당뇨 있는사람은 아메리카노 커피가 안좋나요? 내공드림...,"황반변성 당뇨 있는사람은

아메리카노 커피가 안좋나요?

내공드림",C5,,tri_llm_consensus
T-1373,2022,안과,황반변성 진단을 받으셨습니다...,"황반변성 진단을 받으셨습니다

80대 남성 왜 그런지 이유는 모르겠으나 방치하셔서

악화된 상황입니다.실명할수도 있는 병이라는걸

알게되었습니다.지속적인 치료를해야한다고 합니다. 수술도 해야된다는데

더 좋아지진않더라도 실명은 막을수 있나요?

물이찬다는데 어떤 상황인지 알려주세요

황반변성도 습성.건성이 있다는데 어느쪽인지는 아직 모릅니다ㅠ 관리를 어떻게 해줘야할까요??",C6,C3;C5,tri_llm_consensus
T-1374,2022,"안과, #황반변성치료, #황반변성",황반변성 실명 위험이 큰가요??,"아버지께서 이번년도 초부터 오른쪽 눈 시력이 좀 떨어진 것 같다면서 이번에 동네 안과를 갔다 오셨습니다. 의사 선생님이 황반변성인 것 같다고 큰 병원에 가보라고 하셔서 다음 주에 가신다고 하셨는데

1. 실명 위험성이 큰가요?

2. 꾸준히 치료 받으면 완치가 가능한가요?

3. 치료 받다가 더 나빠지거나 하진 않죠?",C6,C3,tri_llm_consensus
T-1375,2022,안과,황반변성이란 무엇인가요?,,C1,,tri_llm_consensus
T-1376,2022,안과,황반변성은 왜 생기나요?,,C1,,tri_llm_consensus
T-1377,2022,안과,황반변성 주의사항,습성인 경우 물이 차있는데 운동이나 찬물적신수건찜질이나 온열 맛사지기 등의 사용이 도움이 되는지 아니면 금지해야 하는지 궁금합니더 답변 부탁드립니다,C5,,tri_llm_consensus
T-1378,2022,"안과, #오큐실, #황반변성, #녹내장, #안과, #황반변성주사, #황반변성실명, #당뇨망막병증, #루테인, #오메가, #눈영양제",아버지가 연세가 68세신데 당뇨에 합병증으로 황반변성까지 생겨서 한쪽눈은 황반변성으로 아예 안보이시고 한쪽은,"아버지가 연세가 68세신데

당뇨에 합병증으로 황반변성까지 생겨서

한쪽눈은 황반변성으로 아예 안보이시고

한쪽은 시력이 0.2 입니다

루테인을 사다드려서 드시고는 계신데

오메가3랑 영양제도 같이 드시면 되는데

절대로 안드신다네요 ㅜㅜ

당뇨약도 먹는게 많다며ᆢ

담배도 저렇게 눈이 안좋은걸 알면서도 못끊으시겠나 봅니다

5년전만해도0.5였던게 0.2로 왔는데ᆢ

이러다 몇년뒤면 양쪽다 안보일지도 모르는데ᆢ

담배는 여전히 피시네요

아예 안보이면 그땐 어떻게 담배피실려고ᆢ

좀 안피면 어떻나ᆢㅜㅜ

너무 참 답답합니다

어찌하면 좋을지ᆢ

아예 답이 없는건지ᆢ

말도 안되지만ᆢ눈을 진짜 새로운 눈이라도 바꿔드리고 싶은 심정입니다

제가 어찌 도와드릴방법이 없는지ᆢ

고칠수있는 방법은 없는지ᆢ

답답해서 글이라도 남겨 봅니다 ㅜㅜ

전문가님 고견부탁드려봅니다

내공드립니다",C5,C6,tri_llm_consensus
T-1379,2022,"형벌, 형집행",아버지가 교차로에서 진로방법 변경으로 범칙금쪽지가 날라 왔는데 아버지가 연세가 많으시고 한쪽눈은 황반변성으로,"아버지가 교차로에서 진로방법 변경으로 범칙금쪽지가 날라 왔는데

아버지가 연세가 많으시고 한쪽눈은 황반변성으로 장애가 있으시고 나머지 한쪽은 시력이 0.2라 백미러가 잘안보여

차가 필요할때 천천히 운전하시는편인데ᆢ

한번도 진로변경으로 딱지가 끊긴적이 없었는데

이번에 눈시력이 갑자기 저렇게 되서ㅜㅜ

이건 어떻게 면제같은건 안되겠죠?ㅜㅜ

내공드림",C7,,tri_llm_consensus
T-1380,2022,"아바(A.V.A 온라인), #황반변성안과, #황반변성치료, #황반변성원인",안과병원 주사 (황반변성),"다음주 월요일에 1차 아바스틴 맞는데 이번주 목요일에 염색 펌해도 되나요?

그리고 주사 맞은후에는 언제 머리하는게좋나요? 맞고 3주쯤 후에 하는게 좋나요?",C9,C4,tri_llm_consensus
T-1381,2022,안과,백내장 수술(황반변성),"82세 아버지입니다.

오른쪽 녹내장과 황반변성이 있어 6개월마다 대학병원에서 정기검진 받습니다.

황반변성은 주사치료후 상태가 양호한 편이랍니다. 마지막 주사치료후 3년 경과.

질문)

근데 백내장 증상도 있어 로컬 안과에서 수술받고 싶어 하십니다.

수술해도 황반변성이라든지 .. 별 문제는 없는지 궁금합니다.

대학병원에서는 심하지 않으니 좀 더 지켜보자고 하셨는데 다음 진료까지 시간이 길어서요.",C9,C3,tri_llm_consensus
T-1382,2022,안과,"망막박리, 황반변성 라는 병은","보통 두쪽 눈에 동시에 발생하는 병인가요??

아니면 대부분 한쪽눈에만 생기는 경우가 많나요?",C1,,tri_llm_consensus
T-1383,2022,안과,황반변성 치료제 언제 쯤 나오나요?,황반변성 치료제 언제쯤 나오나요..?,C3,,tri_llm_consensus
T-1384,2022,타로카드운세,황반변성영양제 자세하게 알려주세요,"예전에 잘 보이던 글자가 흐릿하게 보인다든지 찌그러져

보여서 그냥 괜찮겠지 하며 넘기다가 생각해서 건강검진

을 받을겸 시력검사도 함께 받았는데 제가 황반변성

이 생겼다고 하더라구요. 찾아보니 흔하게 실명을 일으키는

요인 중에서 제일 많은 부분을 차지하고 있다고 하더라구요.

아직 심각하게 진행된 것은 아니고, 이렇다하라 치료법이

없어서 악화를 최대한 억제하는 수밖에는 없다고 의사선생님

이 말씀하셨는데 이것으로도 안심이 되지 않아 제가 따로

할 수 있는 방법이 있을까 알고싶어져서요. 시력이 심하게

떨어지기 전에 제가 꾸준히 관리를 해주는 것이 중요하다고

하더라구요. 혹시 황반변성영양제 가 따로 있나요? 찾아보니

눈 영양제는 다양하긴 하던데 이게 도움이 될 수 있을지

궁금해서요. 황반변성영양제가 병의 진행을 막아주거나

눈에 부족한 영양제를 보충하는데에 도움이 될지

알려주세요.",C5,,tri_llm_consensus
T-1385,2022,안과,황반변성 질문,"환반변성이 되면 물체가 휘어져보이잖아요

막 물체가 움직여보이는건가요? 아니면 휘어진 상태로 유지되어있는건가요.. 궁금해서요",C1,C2,tri_llm_consensus
T-1386,2022,"신체검사, 병역판정, #지식인카드, #지식인카드답변, #플레이스URL, #황반변성원인, #황반변성증상, #지식인카드, #지식인카드답변, #플레이스URL, #황반변성원인, #황반변성증상, #지식인카드, #지식인카드답변, #황반변성원인, #황반변성치료, #지식인카드, #지식인카드답변, #플레이스URL",병역판정 황반변성증,황반변성증이 있는데 몇급이 나올까요?? 궁금합니다,C7,,tri_llm_consensus
T-1387,2022,"안과, #오큐실, #황반변성, #녹내장, #안과, #황반변성주사, #습성황반변성, #황반변성약, #황반변성치료, #황반변성예방, #황반변성전문, #황반변성, #황반변성치료, #황반변서안과, #지식인답변, #지식인카드답변, #황반변성원인, #황반변성증상, #지식인카드, #지식인카드답변, #플레이스URL",습성 황반변성 진단 후 주사치료 했는데 좋아지지 읺아요ㅠㅠ,"저희 어머니께서 (50대 중후반)이신대 습성 황반변성 진단으루받게 되었어요.

그래서 눈에 주사를 넣는 방법으로 치료를 했는데

3일이 지나도 주사 효과는커녕 점점 검정 부분이 커지고 낫지 않고 악화만 되는 것 같다 하시더라구요ㅠㅠ

혹시 주사를 맞고 며칠 있어야 그 효과가 나와서 황반변성이ㅜ조금 나아질까요ㅠㅠ

병원에 문의를 해보는게 나을까요ㅠㅠ",C4,C6,tri_llm_consensus
T-1388,2022,"안과, #암슬러, #암슬러격자, #황반변성, #안과, #지식인카드, #지식인카드답변, #플레이스URL",암슬러 격자 결과좀 봐주세요ㅠㅠ,"암슬러 황반변성 테스트를 해보았는데요

사진처럼 결과가 되는데 흐릿한 잔상?? 같은 느낌이 들어요

사무직하느라 컴퓨터를 자주보는데 눈이 피로해서 그런건지 며칠 지켜보고

안과가보려고하는데 이런 증상은 황반변성 문제일까요 ?",C2,,review_pool_R1_v5b
T-1389,2022,"한방내과, #황반변성, #황반변성증상",황반변성 증상 초기인데 치료될까요? (대전 50대초반/여 황반변성),"황반변성 증상도 치료가 가능한지 궁금해요 작년부터 눈이 침침하고 뿌옇게 보이기는 했는데 몇 달전부터 증상이 심하더라고요

노안인줄 알고 안경 맞추려고 했는데 자세한 검사를 해보자시더라고요 근데 갑자기 황반변성 증상이라고 해서 너무 놀랐네요

황반변성은 심하면 실명도 한다는데.. 황반변성 증상이 초기면 치료도 되는걸까요?

황반변성 치료 가능여부.. 제가 뭐라도 할 수 있는게 있는지도 말씀해주세요 부탁드려요",C3,C2;C6,tri_llm_consensus
T-1390,2022,안과,황반변성 침으로 치료가 가능한 한의원이 있다는데,"할머니가 황반변성이시라서..

홍보하지마시고 알려주세요 급합니다.",C8,C3,tri_llm_consensus
T-1391,2022,"의료기관, 의료인",아버지가 당뇨합병증으로 황반변성으로 한쪽은 아예 안보이고 나머지 한쪽은 시력이 0.2 입니다ᆢ 우리나라 의학,"아버지가 당뇨합병증으로 황반변성으로 한쪽은 아예 안보이고

나머지 한쪽은 시력이 0.2 입니다ᆢ

우리나라 의학기술이 좋은데

왜 이런건 고칠수가 없는건지ᆢ

고칠 가망성은 없는건가요?ㅜㅜ

대체 어찌해야 할지 ᆢ

자꾸 안보인다고만 하시고ᆢ

병원가도 별다른 방법 없다고 하고 ㅜㅜ

의사 선생님ᆢ

고견 부탁드립니다ㅠㅠ

영양제는 루테인 어디꺼 좋나요?

다똑같나요?

비맥스는 어떤지ᆢ

당뇨약드시는게 많다고

비맥스도 안드실려고 하시고 에효ᆢ

음식은 시금치 종류가 좋은가요?

더이상 눈이 망가지지 않거나

몸이 더 좋아질수 있는 방법이라던지ᆢ

내공드림",C3,C5;C6,tri_llm_consensus
T-1392,2022,내분비대사내과,당뇨 합병증으로 황반변성 있는사람이 홍삼같은건 먹어두 되나요?,,C9,,tri_llm_consensus
T-1393,2022,"외과, #황반변성",갑자기 황반변성이 올 수 있나요?,3일전까지만 해도 안 그랬던거 같은데 갑자기 선이 휘어보어요. 스트레스 많이 받아서 소리지르고 나서 그러는거 같은데 관계가 있을까요? 아니면 아토피때문에 간지러울때 얼굴을 두드리는 행위가 관계가 있을까요? 아니면 면역 관련 원인일까요?? 답답해서 질문 남깁니다,C1,C2,review_pool_R1_v5b
T-1394,2022,안과,눈이식 문의드립니다.,"어머니께서 한쪽눈이 황반변성으로 시력을 잃으셨는데요, 병원에서 수술도 했는데도 차도가 없더라구요 오늘은 삼성서울병원에서도 진료를 봤는데 딱히 진료할께 없다고 해서 너무나 맘이 무거운데요

어떻게 방법이 없을까 하다가 눈이식은 어떨까 생각이 드는데 이건 신청하면 받을수 있는건가요?",C3,C6,tri_llm_consensus
T-1395,2022,안과,안과질환,어머니께서 황반변성이라 얼마전에 시술받으셨는데 삼성생명 뷰티풀 보장보험있는데 안과질환도 청구가능한가요??1ㆍ2ㆍ3종 이렇게만 쓰여있어서 보장되는지 고수님들 답변부탁드립니다,C7,,tri_llm_consensus
T-1396,2022,"안과, #황반변성, #황반변성진단, #황반변성중증도, #황반변성중등도, #지식인카드, #지식인카드답변, #플레이스URL, #황반변성, #황반변성치료, #지식인, #지식인카드답변, #황반변성증상, #황반변성원인, #지식인카드, #지식인카드답변, #플레이스URL",황반변성진단,직선이 굴곡져 보여서 내원하여 진료를 받았는데 황반변성 진단이 나왔습니다. 진료후 소견서에 중등도 이상으로 관찰된다고 되어 있는데 증등도 이상이면 진행 정도가 어느 정도로 심한가요?,C6,C2,tri_llm_consensus
T-1397,2022,안과,눈  망막정맥폐쇄과 황반변성이 다른 질병임에도 같은 주사제를 쓸수 있는 이유가 먼가요?,"알려주세요.

눈 "" 망막정맥폐쇄""과    ""황반변성""이 다른 질병임에도 같은 주사제를

쓸수 있는 이유가 먼가요?

또  건강보험이 적용 가능한가요?

감사합니다",C9,C4;C7,tri_llm_consensus
T-1398,2022,"주사, 약물 요법, #검색질문, #통합검색궁금증, #통합검색질문하기, #황반변성증상, #황반변성치료, #지식인, #지식인카드답변, #오큐실, #황반변성, #녹내장, #안과, #스마트스토어, #네이버페이, #11번가, #황반변성주사, #눈영양제, #황반변성전문",황반변성 주사 후유증...,"황반변성 주사 후유증

안녕하세요 제 아내 나이는 75세입니다 양쪽백내장 수술을 하였고 오른쪽 눈은 정상이고 왼쪽눈을 황반주사을 3차례 맞았습니다 두번까지는 그렇게 후유증이 심하지 않은 것으로 알고 있는데 집사람 말로는 주사을 맞고 잠에 취한 것 같이 많이 어렵게 생활을 하였다고 말합니다 어지럼 현기증 두통으로 지금은 주사을 보류한 상태입니다..

저는 이런 후유증으로 정상인 눈까지 더 나빠질까바 걱정입니다 계속 황반 주사을 맞아야 되는지 어떻게 해야 정말 잘 하는 것인지 답답한 마음을 좀 풀어 주시길 간곡히 부탁합니다",C9,C4,tri_llm_consensus
T-1399,2022,국민기초생활보장,기초생활 수급자 칠문이요,"제가 황반변성으로 인하여

양쪽눈이 거의 안보입니다

기초수급자 신청할때 근로능력평가서와

망막사진 2개월간 치료 받았다는 기록과

6년전부터 치료받고 있다는 소견서를 체출했습니다

저는 기초생활 수급자 일반 슨급자를 신청했는데

왜 조건부 수급자가 된건지

그이유를 알고싶습니다",C7,,tri_llm_consensus
T-1400,2022,"안과, #검색질문, #통합검색궁금증, #통합검색질문하기, #황반변성, #도비안정, #안과",도비안정 약,"안과에서 사진을 찍어봤는데

황반변성 의심이 되지만 스트레스때문에 일시적으로 그런거일수도 있다고 의사선생님이 영양제라고 하시면서 한달동안 도비안정이라는 약을 먹어보고 한달뒤에 다시 찍어보자고 하셨습니다.

도비안정이라는 약이 이럴때도 쓰이나요??",C9,C2,review_pool_R1_v5b
T-1401,2022,안과,oct 해석 부탁드립니다,"보시면 oct상에서 노란색과 빨간색 부분이 많은데 혹시 이게 황반부종인가요?

아버지 oct결과신데 당뇨는 없으시고 혈압은 주의혈압 정도로 관리 하시고 계십니다 혈압이 약간 높긴 하세요

1.oct 결과상 황반부종or황반변성인가요?

2.황반부종은 황반변성 중에서도 습성황반변성이라고 하던데 황반부종은 일반적인 황반변성보다 예후가 안좋나요?

3.습성황반변성 동반하지 않고 고혈압만으로 황반부종이 올 수 있나요?

의사선생님들의 답변 기다리겠습니다..",C2,C1,tri_llm_consensus
T-1402,2022,안과,도비안정 약,"황반변성 의심이 되지만 스트레스때문에 일시적으로 그런거일수도 있다고 의사선생님이 영양제라고 하시면서 한달동안 도비안정이라는 약을 먹어보고 한달뒤에 다시 찍어보자고 하셨습니다.

도비안정이라는 약이 이럴때도 쓰이나요??",C9,C2,review_pool_R1_v5b
T-1403,2022,"의료기관, 의료인",의정부 호원동 안과 망막전문의 있는데 있나요?,"아버지가 황반변성이 있으셔서 정기적으로 검진을 받아야 하는데요

이사온지가 얼마 되지 않아서 망막전문의가 있는 의정부 호원동 안과가

있나 해서요

아버지 모시고 다니면서 알게 된게 특히 황반변성 같은 망막쪽 문제는 실력이

좋은 의사한테 가야 한다고 들어서요

의정부 호원동 쪽에서 실력좋은 망막전문의 있는 안과 알려주세요",C8,,tri_llm_consensus
T-1404,2022,안과,황반변성 대학병원 추천해주세요,"아버지께서 황반변성인것 같은데 인천,부천 근처나 수도권 위주로 황반변성을 잘아는 대학병원은 어디가 있을까요???

영등포에 김안과라는 곳이 오래되고 유명하다던데 대학병원 못지않을까요???",C8,,tri_llm_consensus
T-1405,2022,"안과, #황반변성치료, #황반, #황반변성증상, #황반변성, #안과의사분들도움, #안과전문의",암슬러격자가 휘어져보여요,"일부분이 회오리모양으로 휘어진것처럼 보여서

안과에 가서 황반변성 사진은 찍어봤는데 큰 이상은 없어보인다고 하네요,, 혹시 스트레스나 피로로 인해 그럴 가능성도 있나요?",C2,,review_pool_R1_v5b
T-1406,2022,안과,황반변성,"망막에 주사치료하고 왔는데 술은 먹으면 안되는지요 중요한 약속이 있어서요

5일간 안약은 넣어야 한데요",C9,C4,tri_llm_consensus
T-1407,2022,안과,황반변성 초기,황반변성이 초기에 접어들면 이전으로 돌아갈 수 없는 건가요?,C6,,tri_llm_consensus
T-1408,2022,"안과, #황반변성, #안과의사분들도움, #안과전문의, #안과",황반변성 검사비용,대학병원에서 정밀검사 해보려 하는데 검사비용 어느정도 하나요? 동네병원 의사소견서 있습니다,C7,C2,tri_llm_consensus
T-1409,2022,"안과, #근시, #원시, #난시, #도수, #시력, #안경, #황반, #변성, #교정, #지식인카드",황반병성 증상인가요,교정시력이 안나오는데 어느날 갑자기 멀리가 안보이는데 황반변성인가요,C2,,review_pool_R1_v5b
T-1410,2022,"안과, #황반변성, #황반변성증상, #지식인카드, #지식인카드답변, #황반변성증상, #황반변성치료법, #황반변성자가진단, #황반변성예방, #황반변성치료, #황반변성주사, #황반변성수술, #황반변성안과, #실명치료, #눈실명, #지식인카드, #지식인카드답변, #플레이스URL, #황반변성, #오큐실, #녹내장, #안과, #녹내장약, #황반변성실명, #황반변성약, #눈영양제, #눈치료제, #네이버페이",황반변성 시아수명,"안녕하세요. 저희 어머님이 70대이신대 황반변성이 시작되었다고 합니다. 주사치료를 시작하긴 하셨는데, 온전히 보실수있는 눈의 수명이 얼마나 되는지요...

그리고 치료는 한달에 한번 주사맞으시는데, 이렇게 평생맞으시는건지요...",C6,C4,tri_llm_consensus
T-1411,2022,안과,할아버지가 흰색을 보면 누런 점같은게 보인다고 하는데 무슨 눈병인가요?,"할아버지가 티비를 보는데 흰옷 입은 사람들을 보면 흰옷에 누런 점같은게 보인다고 하는데

눈에 무슨 병이 인건가요?

백내장,녹내장,황반변성 증상인가요?",C2,,tri_llm_consensus
T-1412,2022,안과,70대 백내장수술후 황반변성 오기도하나요??,"70대 어머님이 5월에 백내장수술받으셨는데 이후 눈이계속불편하여 안과를 계손다니던 중에 의사선생님이 황반변성이 진행되고있다 하셨는데 황반변성 진행이 백내장수술과 관련이 있을까요? 황반변성은 따로 또 치료해야하는거죠?

너무걱정되네요ㅜㅜ",C9,C1;C3,tri_llm_consensus
T-1413,2022,안과,왼쪽눈 중심부옆 오른쪽방향 암점,"일단 황반변성 환자이긴 합니다만,

현재 출혈은 아닙니다

출혈이면 격자보면 딱 알수있는데

현재 증상은 뭔지 모르겠어요

오른쪽 눈가리고 눈 깜박깜박 했을시

동그란 점이 약하게 보입니다

근데 자세히 보려고하거나 그러면 없어집니다

떠다니는거 아니고 고정자리에 있습니다

골곡져 보이지않고 보이는건 정상이예요

혈관이 부워서 터지기직전일까요?

뭘까요?",C2,C6,tri_llm_consensus
T-1414,2022,"안과, #황반변성",황반변성 발병 연령,"황반변성이 발병되는 연령이 40대에서 50대정도 이상이라

들었는데요. 그럼 40대 미만인 나이대의 사람들은

황반변성에 아예 걸리지 않는건가요? 아니면 걸릴확률이

적은것 뿐인가요?",C1,,tri_llm_consensus
T-1415,2022,"기타, #황반변성증상, #황반변성, #지식인카드, #지식인카드답변, #플레이스URL",황반변성 무드등,환반변성 초기에 무드등 사용해도되나요? 은은한게 아니라 불빛 좀 화려한무드등이에요,C5,,tri_llm_consensus
T-1416,2022,안과,70대어머니 황반변성치료,"어머니가 70대인데 황반변성이 있습니다

오늘 동네에 있는 안과를 가니 종합병원에 가서 주사치료를 받는게 좋겠다 안그러면 실명될수 있다고 하네요 그래서 황반변성에 대해 검색해보니 주사치료, 레이저치료 등등이 있는데 의사 선생님말 처럼 요즘 주사치료가 가장 많이 한다고 하네요 그런데 비급여이면 60~100만원 정도 이고 급여이면 10~20만원정도 라고 하네요 비급여와 급여는 어떻게 나뉘어지나요?",C7,C4;C3,tri_llm_consensus
T-1417,2022,안과,황반변성이 있는지 검사해보는 비용이...,황반변성이 있는지 검사해보는 비용이 어느 정도인지 궁금합니다.,C7,C2,tri_llm_consensus
T-1418,2022,안과,[내공50]안구건조증을 관리 안하고 오래두면,"1, 안구건조증을 관리 안하고 오래두면 백내장이 될 수 있나요?

2, 안구건조증을 관리 안하고 오래두면 녹내장이 될 수 있나요?

3, 안구건조증을 관리 안하고 오래두면 황반변성이 될 수 있나요?",C1,,tri_llm_consensus
T-1419,2022,"외과, #지식iN20주년이벤트, #안과, #황반변성",[#지식IN20주년 이벤트] 황반변성은 완치가 어려운가요?,"나이가 들면서 안과 진료를 갔더니 의외로 [황반변성]이 생겼다고 전문의님이 알려 주셔서 기겁했어요.

치료가 가능하지만 완치는 없다고SNS에서 자료를 보고 의문이 들었습니다.

주사 치료법으로 어제 시술받고 오늘 점검했는데 1주일 후 다시 검진해야 한답니다.

완치가 안된다니 궁금합니다.",C3,C4;C6,tri_llm_consensus
T-1420,2022,"안과, #근시, #난시, #원시, #도수, #시력, #황반, #시신경, #변성, #녹내장, #백내장",올해 80이신 아버님의 시력을 되돌리고싶어요,"안녕하세요.

아버님이 8년전에 한참 인공수정체 수술 많이 하실때 압구정에 있는 안과에서 시술을 하셨어요.

근데 시술후에도 시력이 안좋아서 다시 갔더니 자기들이 할수있는게 없다고 하더라구요. ㅠㅠ 그레서 시술비 환불받고 다시 서울 아산병원 가서 검사했더니 망막을 다시 씌우는 시술을 하셨어요.

그래도 계속 시력이 안돌아오고 ㅠㅠ 처음 압구정 갔을떄에는 0.4 정도인데 지금은 0.1 나와요.

작년에 영등포 공안과 갔는데 거기서도 손을 댈게 없다고 실명하지 않은게 다행이라면서...

며칠전 아산병원에 다시 갔더니 황반변성 증상이 있다고 치료를 받자고 하는데요.

저희 아버님 시력을 0.5 까지만이라도 나올수있는 치료나 수술이 있는지요?

부탁드립니다.",C3,C6;C8,tri_llm_consensus
T-1421,2022,"건강식품, 의약외품, #지식iN20주년이벤트, #네이버지식iN20주년기념이벤트, #지식인카드, #지식인카드답변, #플레이스URL",황반변성에 도움되는영양제와 예방법,"눈에 황반변성이 있어서 눈에 좋은 영양제를 먹고 싶은데 어떤 약을 복용하면 좋을까요?

병원에서는 특별한 약은 처방해주시지 않고 증상이 나타날때만 주사치료를 하는데요 예방을 위해서 영양제 추천과 예방법에 대해서 알고 싶어요",C5,,tri_llm_consensus
T-1422,2022,"의료기관, 의료인, #지식iN20주년이벤트, #오큐실, #녹내장, #황반변성, #안과, #황반변성증상, #황반변성수술, #황반변성원인, #눈영양제, #쿠팡, #11번가",60대 황반변성 진단 받은 후 조직검사를 앞두고 있습니다,조직검사전까지 해야할 일 같은게 있을까요?예를 들어 선글라스 착용이라던지요,C5,C5,tri_llm_consensus
T-1423,2022,"한방 안과, 이비인후과, #검색질문, #통합검색궁금증, #통합검색질문하기",코로나바이러스해제후 얼마지나서 황반변성루센티스접종,"코로나격리기간 (9/11~9/17)

58세 여성입니다.

루센티스 주사가능할까요?",C9,C4,tri_llm_consensus
T-1424,2022,"안과, #검색질문, #통합검색궁금증, #통합검색질문하기",논시고 따끔하고 가렵고 흰자누렇게,"눈시고 따끔하고 가렵고 흰자누렇게 아픈증세 황반변성

황반변성일카요?",C2,,review_pool_R1_v5b
T-1425,2022,"안과, #황반변성, #황반변성치료, #황반변성원인",황반변성 치료 중인데 차도가 없어요. 원인이 뭐죠?(송파구 60대초반/여 황반변성),"어머니가 황반변성 진단받으시고 안구에 주사를 맞는 치료를 하고 계신데 사물이 일그러져 보이는 현상이 좀처럼 사라지지 않는다고 합니다. 원인은 노화때문이라고 하는데 치료 과정이나 결과를 물어보기 어려워 질문 남깁니다. 주사를 계속 맞아야 하는 건지? 주사를 통해 노화를 늦출 수 있는 것인지, 아니면 현상 유지를 하는건지 궁금합니다.",C4,C6,tri_llm_consensus
T-1426,2022,"외과, #오큐실, #안과, #녹내장, #황반변성, #황반변성주사, #황반변성수술, #녹내장전문, #황반변성영양제, #황반변성증상, #황반변성검사",황반변성  항체주사후에,"황반변성 진단후 항체주사를 맞았습니다

일주일 지났는데 눈속에 뿌연막과 핏줄같은것은 언제쯤 없어지나요?",C9,C4,tri_llm_consensus
T-1427,2022,"안과, #황반변성, #지식인카드, #지식인카드답변, #플레이스URL",황반변성 인가요?ㅠㅠ,"며칠전부터 매일 보이진 않고 지름 0.1센치정도 까만점이 눈을 감아도 보이는데요ㅠ 이거 황반 변성인가요?ㅠㅠ

원래 이렇게 보이다 안보이다 하나요?",C2,,review_pool_R1_v5b
T-1428,2022,"안과, #오큐실, #녹내장, #황반변성, #11번가, #쿠팡, #스마트스토어, #네이버페이, #안과, #황반변성수술, #황반변성초기",안녕하세요73세입니다 황반변성으로수차...,"안녕하세요73세입니다 황반변성으로수차례주사

시술을 받았습니다 하지만조금도차도가 없자 망막수술을하면 주사가들을 가능성이있다고해서 수술을

받았습니다 수술받은지사오일후부터 눈앞에 수십개

의크고작은점 물체들이 둥둥떠다니고있어요

생활하기가너무 힘들어서 안대를하고 눈을감고

생활하고있어요 좋은답변부탁합니다",C9,C3,tri_llm_consensus
T-1429,2022,"안과, #황반변성검사",황반변성 검사 어떻게 하는 건가요? (수원 60대초반/남 황반변성),친구 아버지가 황반변성 때문에 안과를 계속 다녀야 하는 상황이라고 들었습니다. 그런데 처음에 이를 인지한게 안과에서 진단을 받은게 아니라 자가 검사를 통해서 발견을 했다고 하더라구요. 자가 검사하는 방법이 궁금했지만 친구가 걱정을 너무 많이 해서 물어보지 못했습니다. ... 아버지도 눈이 침침하고 잘 안 보인다고 하는데 혹시 비슷한 문제일까 싶어서 걱정이라 검사 받아보셨으면 해서요. 황반변성 검사 스스로 하는 방법이 어떤 건지 알고 싶어요.,C2,,tri_llm_consensus
T-1430,2022,"안과, #황반변성, #안과, #눈",안과선생님 도와주세요...황반변성 테스트,"황반변성 암슬러그리드 테스트하는데

안경쓰고할때는 괜찮은데

안경벗고하면 왼쪽눈만 암슬러그리드가 휘어져보이네요ㅠㅠㅠ

안경벗고했을때 왼쪽눈만 선이랑 점이 휘어져보이는데 왜 안경쓰고 테스트를 해야하는걸까요? 안경벗었을때 선이 휘어져보여서 두려워요....

근데 안경쓰고하면 괜찮아요. 안경벗고했을때 선과 점이 휘어져보인다면 황반변성일까요?

안과의사선생님 답변해주세요.....",C2,,review_pool_R1_v5b
T-1431,2022,안과,습성황반변성에 대하여,"습성환반변성환자로서 항체주사를 맞다가 안맞아도 되는경우는 어떤현상이 나면 안맞아도 되나요?

안맞아도 되는단계가 되면 그환자는 습성이 완치되어 습성황반변성이 아닌가요?",C4,C6,tri_llm_consensus
T-1432,2022,"안과, #안과의사선생님, #안과의사, #망막박리, #황반변성",일시적으로 검은암점 생기는데 이것도 황반변성일수있나요 ?,"딱 한번 검은중앙암점같이 동그랗게 생겨서 가운데가

보이지않았습니다 한 몇초동안이요

그 후론 다시 정상적으로 돌아왔는데

일시적이여도 황반변성 의심해볼수있나요??

아니면 황반변성이면 쭉 그렇게 보여야하는건가요

광고글 xx",C2,,review_pool_R1_v5b
T-1433,2022,"안과, #눈병",황반변성 특징,"황반변성은 질병이 진행될 때 눈에 보이는 외관적 변화 특징 같은 것은 없나요?

백내장 같이 동공이 하얗게 변한다던가요!",C1,C1,tri_llm_consensus
T-1434,2022,안과,황반변성 수술은 심한 경우에 하는 건가요?,"어머니가 황반변성과 백내장 진행 중이시라

병원에서 우선 한쪽 눈에 유리체절제술이랑 망막 견인막 제거 수술을 해야된다는데요

상태가 심한 경우에 수술하는 건가요?

제가 어머니랑 같이 병원에 갔었는데요

갑자기 진단 받으시고

황반변성이 뭔지도 모르고 모시고 갔다가

수술해야한다는 소리를 들어서

어머니 상태가 심각한 건가 싶어서요

병원에 환자분들이 많아서 그런지 상태에 대한 설명을 제대로 듣지를 못했거든요",C3,C6,tri_llm_consensus
T-1435,2022,"인체건강상식, #오큐실, #황반변성, #녹내장, #눈영양제, #황반변성초기, #황반변성실명, #안과, #루테인, #황반변성약, #황반변성주사",제가 황반변성 초기 라고 진단받아,"63세 여성입니다

제가 황반변성 건성 초기 라고 진단받아

자외선이 해롭다하여 차단 목적으로 선글라스를 착용을 하는되요

바같 활동때 착용 실내서 벗고를 하루에 20번정도 교차를 하는데

이렇게 자주 벗었다 꼇다하여도

눈건강과 시력에는 영향이 없을까요 ^^",C5,C2,tri_llm_consensus
T-1436,2022,성인영양,황반변성 좋은 영양제 질문이요,"엄마가 황반변성 증상이 있는데 안과에 물어봤는데 약소개는 해줄수 없다고하시네요. 찾아보니 오큐아레즈투엠, 오큐아레즈투알티지, 오큐테인3 이 있던데요. 어떤게 나을까요?",C5,,tri_llm_consensus
T-1437,2022,"안과, #안과의사님께, #병원추천, #안과수술, #안과, #병원, #지식인들도와줘요",안과 유명한곳좀알려주세요 !!,"아빠가 황반변성이신데

황반변성도 수술하면 낫는단소리도들어서

한번모시고가보려고하는데

안과전문으로하는 유명한병원

몇군데 추천좀해주세요ㅠㅠ",C8,C3,tri_llm_consensus
T-1438,2022,안과,삼출성 황반변성은 무조건 실명 하나요,"아버지께서 삼출성 황반 변성을 진단 받으시고 꾸준히 병원 다니면서

관리중이십니다 출혈 생기시면 병원 가셔서 지속적으로 주사 맞고 하는 중이시고요

치료을 안받게 되면 실명이라는건 알고 있는데

이렇게 아버지 출혈 있을때마다 눈에 주사 맞으면서 지내셔도

무조건 나중엔 실명 되는 건가요????

또한 출혈 있을시 출혈을 흡수 시키는 주사를 맞아도 효과가 없다고 하는데 그럴땐 시술인지 수술을 해야된다고 들었거든요

그런 시술및 주사 치료를 하게 되더라도 언젠가는 실명 하게 되나요??",C6,C4,tri_llm_consensus
T-1439,2022,"안과, #황반변성치료, #황반변성안과, #의사선생님도와주세요, #안과전문의",황반변성 안과,"저희 할머니께서 황반변성 판정을 받으셨는데 진행이 이미 많이 되서 대구에서 여러 유명한 전문적으로 하는 안과병원을 가도 주사도 소용없다며 치료방법이 딱히 없다고 하셨습니다, 그래도 수도권지역으로도 괜찮으니 황반변성으로 유명한 병원이 있을까요? 할머니 연세는 좀 있으시지만 아직 정정하세요!ㅠㅠ",C8,C3,tri_llm_consensus
T-1440,2022,안과,눈망막관련 질문,"망막변성이 있다면

황반변성으로도 이어질수 있나요?",C1,,tri_llm_consensus
T-1441,2022,안과,황반변성 실명,혹시 황반변성으로 실명 되면 보일 수 있게라도 할 수 있는 방법이 없나요..??,C3,C6,tri_llm_consensus
T-1442,2022,"안과, #황반변성, #안과, #오큐실, #황반변성, #녹내장, #안과, #아미넥스코리아, #쿠팡, #11번가, #오큐테인3, #오큐바이트, #루테인",황반변성 영양제 먹고 눈 멍하고 무거운 느낌,"어머니께서 오른쪽 눈 황반변성 중기이시고, 병원에서 추천해준 오큐테인3를 사서 3일째 복용중이십니다.

그런데..

영양제를 먹으면 오히려 (황반변성인)오른쪽 눈이 멍하고 띵한 느낌, 아른아른하게 보이고, 눈이 좀 무겁게 느껴진다고 하십니다.

영양제를 먹을 때마다 매번 느끼는 증상이십니다.

영양제를 먹는데 오히려 왜 저런 증상이 나타나는 걸까요?..

그것도 황반변성이 있는 오른쪽 눈만..

이거 계속 드셔도 되는 건지 걱정이되어 글을 남깁니다..

저런 증상이 왜 나타나는 걸까요?..

마음이 너무 무겁습니다ㅠ

참고로 어머니는

60대 초반

고지혈증약, 역류성식도염약, 프림로즈(갱년기관련), 클로렐라 복용중이십니다.",C9,C5,tri_llm_consensus
T-1443,2022,"안과, #지식인카드, #지식인카드답변, #플레이스URL",70 넘으신 엄마께서 습성 황반변성...,70 넘으신 엄마께서 습성 황반변성 진단받으셨는데 서울대병원에서 주사 스케줄을 2주후로 잡아줬어요. 눈에 검은점이 크게 보이는 상태구요. 시력은 많이 떨어지진 않으시긴했는데 2주 기다려도 되는건가요? 주사 빨리 맞을수 있는 병원을 찾아가야하는지 궁금합니다,C4,C6,tri_llm_consensus
T-1444,2022,"영양제, 건강보조식품, #황반변성, #황반변성증상",황반변성 증상 자세히 좀 알려주시고.. 평소에 대처할 수 있는 방법 없는지도 알려주세요 (춘천 50대초반/여 황반변성),"황반변성 증상 어떤게 있는지 좀 알려주세요

요즘 일단 저는 변형시 같은게 있는 것 같구요..

사물이 살짝 구부러져 보이거나

눈이 아프기도 하고 그럽니다.

이거 황반변성 증상 맞나요.. 아니길 바라는데..

맞다면 어떻게 대처해야할까요?",C2,C6,tri_llm_consensus
T-1445,2022,외과,황반변성이라는병,"나이는 67세이구요.고혈압에 몇달전엔 위암수술을받았습니다.글이 잘안보인다하여 안과에 들려서 정밀검사를 받았더니

의사샘이 황반변성이 왔다고 하네요.큰 병원가도 해줄건없어요

하는데 점점 앞이 안보이는 병이잖아요.뭐라도해야 할거 같은데

의뢰서받아서 큰병원 가봐야할지 그냥 있어도 되는지

갑갑하고 눈물만나네요",C8,C3;C6,tri_llm_consensus
T-1446,2022,성인영양,루테인 지아잔틴,"1.루테인이랑 지아잔틴 두개를 꼭 같이 먹어야 하나요? 같이 안먹어도 되는건가요?

루테인만 먹으면 어떻게 되는거죠.. 루테인만 먹어도 황반변성에 도움을 주나요",C5,,tri_llm_consensus
T-1447,2022,"안과, #검색질문, #통합검색궁금증, #통합검색질문하기",황반변성 야외온천,"저희 어머니가 5년정도 전에 황반변성때문에 수술을 하신적이 있습니다.

그 이후 안압에 민감해지셔서 무거운 물건을 잘 못들으시고

수시로 안약을 넣는 상황인데요, 찜질방이나 사우나 못가시는건 당연히 알고 있었는데

혹시 야외온천도 제한이 될까요?",C9,,tri_llm_consensus
T-1448,2022,"안과, #양안시이상, #초점문제, #시각기능, #시각기능문제, #시각치료, #시각교정, #비전테라피, #한국시지각센터, #포커싱장애",한쪽눈 초점부분이 가려져보이는데 ..예상되는 병이 있을까요,"10년전에 대학병원 검사했었는데 황반변성일 수도 있다고 했는데 상태지켜보자며 치료는하지않았어요 그렇게 10년이 흐르고...

지금보니 가려진부분이 늘은것같아요

안과가보려 합니다..

이러신분 있나요..? 어떤병이죠..",C2,C6,review_pool_R1_v5b
T-1449,2022,장애인복지,황반변성인데 장애인카드 나오나요?,"나이는 50대중반이며, 한쪽눈이 사물이 굽어보입니다.

황반변성 진단을 받았고, 정기적으로 병원에서 약을 처방받고 있으며, 밤에는 운전을 못합니다.

이 경우 장애인 등록이 가능한가요?

어떤 절차를 밟아야 하나요?",C7,,tri_llm_consensus
T-1450,2022,안과,안과에서 광각안저 촬영 할 때 경우가 뭐가 있을까요?,황반변성.. 당막증.. 백내장 망막박리.. 또 ㅠㅠ,C2,,tri_llm_consensus
T-1451,2022,"안과, #안과의사님께, #황반변성안과, #안구건조증치료방법",왼쪽는에 황반변성?,"왼쪽눙에 황반변성인가??? 초승달 닽이 가려지는 현상이 있어 병원에서 안구 주사을 두번 맞아서

괜찮아 진거 같은데요

지금은 안구에서 가누다란 실같은 검은 줄이 가끔 나타납니다.

시력도 많이 떨러지고요

50대 후반 입니다.

어떤 치료를 해야되는지요?",C6,,tri_llm_consensus
T-1452,2022,"안과, #검색질문, #통합검색궁금증, #통합검색질문하기, #황반변성, #황반변성명의",황반변성 급합니다~,"저희 어머니 연세가 68 세이신데

몇년전에 황반변성 진단을 받으셨습니다.

근데 최근에 진행이 너무 빠르다는 의사선생님 소견을

듣게 되었습니다..

오늘도 정기 검사를 받으러 오셨는데

한달전보다 많이 진행이 되었다고 하셔서

조형술 검사를 받고 계신데

하늘이 무너져 내리는거 같고

어찌해야 할바를 몰라

정신없이 글 올립니다..

지역이 어디라도 상관 없습니다

황반변성에 대한 명의분이나 병원 추천좀 부탁 드립니다",C8,C6,tri_llm_consensus
T-1453,2022,안과,황반변성 질문,제가 오른쪽에 황반변성이 생겼는데 습성인지 건성인지 아직 잘 모르는데요 만약 실명이 된다면 황반변성이 있는곳만 실명이 되는지 아니면 두쪽 다 실명이 되는지 궁금하네요 답변 부탁드립니다,C6,C1,tri_llm_consensus
T-1454,2022,안과,황반변성 증상이 없다고하는데.. 그래도 있을까요?,"60대입니다.

황반변성은 증상이 거의 없어 꾸준하게 검사를 받아야한다고 하는데,

그래도 체감하는 증상이 있을까요?

혹시나 하는마음에 적어봅니다...",C2,,tri_llm_consensus
T-1455,2022,안과,눈이 이상해요...,"이것도 병인가요?

취침을 8시간 자면 아무렇지도 않은데, 11시간이나 12시간 잠을 자면 이상하게 눈이 나빠짐.

매번은 아니지만 자주 그럽니다, 12시간 취침을 하면 시력이 자꾸 떨어집니다...

이거 혹시 황반변성 증상인가요?? 저의 아버지께서 황반변성으로 실명하셨거든요ㅠㅜ

반사적으로 7시간 자면 일어납니다, 더 자기가 겁나요...ㅜㅜ",C2,C1,review_pool_R1_v5b
T-1456,2022,안과,60대 황반변성 꾸준한 검사만이 답인가요?,"TV에서 보면 꾸준하게 검사하는것이 가장 중요하다고 합니다.

실명까지도 이를 수 있는 병이라고하는데 그래도 알 수 있는 증상이 없나요?",C2,C6,tri_llm_consensus
T-1457,2023,안과,황반변성이면,운전도 불가능한가요 ? 운전하시는분이 계셔서요,C6,,tri_llm_consensus
T-1458,2023,"안과, #상월곡동안과",상월곡동 안과 망막관련,"엄마가 건강관련 프로그램 보시다가 황반변성이라는거를 보시고는

망막전문의가 있는 안과가 동네에 있냐고 하셔서요

찾지를 못해서 알아보고 있는데요

혹시 상월곡동 안과 중에 없다면 가까운 다른 지역 안과 알려주세요",C8,,tri_llm_consensus
T-1459,2023,"안과, #종암동안과",종암동 안과 황반변성 관리로 다닐 안과요,"종암동 안과 중에서 황방변성 관리로 다닐 안과 찾고 있는데요

황반변성이 망막전문의가 있는데서 진료를 받아야 하는데

종암동 안과 중에서 황반변성 관리차 다닐 수 있는 안과 있으면 알려주세요

대학 병원은 복잡해서 제외요",C8,,tri_llm_consensus
T-1460,2023,안과,황반변성에 대해 질문드립니다.,건성황반변성은 치료할 수 없나요?,C3,,tri_llm_consensus
T-1461,2023,"안과, #황반변성, #눈이식수술, #지식인카드, #지식인카드답변, #플레이스URL",황반변성 눈이식,"안녕하세요 올해 중학교 3학년되는 여학생 입니다

현재 저희 엄마는 황반변성이라는 병을 가지고 계셔요

그래서 엄마도 많이 힘들어하시고

엄마가 매일 운동하고 엄마가 좋아하는 많은것들을 못하게 되어서 옆에서 보는 저도 너무 마음이 아파요

네이버로 여러가지 내용들을 알아보다가 황반변성은 고쳐지지 않는병이라도 들었는데

눈을 이식받거나

제 눈을 엄마한테 이식하는게 가능한건지 궁금해요",C3,C6,tri_llm_consensus
T-1462,2023,"안과, #황반변성병원",황반변성 병원에서 치료하면 나을 수 있는건가요?(파주 70대초반/여 황반변성),"어머니가 요즘 눈이 불편하다길래 안과에 모셔는데 황반변성인것 같다 하더라구요..

실명 위험도 있다고 주사를 추천하던데... 일단 다른데도 가보려고 생각해 본다고 했어요

병원에서 치료하면 나아지는 병인가요? 황반변성에 좋은 음식같은것도 있으면 알려주세요.",C3,C8;C5,tri_llm_consensus
T-1463,2023,안과,황반변성 치료,"안녕하세요 저는 황반변성으로 진단 받은 지 1년 정도 됐는데 시력 저하가 한번 오기는 했지만 다시 괜찮아졌는데 병원에서는 시력이 좋아서 수술은 안 할거라고 했어요.

그래도 황반변성은 계속 진행 중이긴 하다고 했는데 너무 무섭고 걱정돼서요.

6개월 전보다 조금 더 볼록해졌다네요

6개월에 한 번 검사 받으면서 관리하고 있는데 이대로 놔둬도 괜찮을까요?

이러다 어느 날 갑자기 중심이 까맣게 보이거나 하면 어쩌나 걱정됩니다

증상은 한 쪽 눈만 있는데 어제 병원 가서 암슬러격자를 보니 다른 쪽에 비해 약간 구부러져보이긴 하더라고요

일단 6개월 후에 다시 오라고 하셨는데 병원 다녀 온 후로 너무 걱정돼서 잠이 안 옵니다

황반변성은 실명까지 간다고 하던데 너무 무서워요",C6,C3,tri_llm_consensus
T-1464,2023,안과,실명성 질환인 녹내장 황반변성 망막박...,"실명성 질환인 녹내장 황반변성 망막박리등이나 시신경 손상등 끔찍한 실명질환을 치료, 완치하는 기술은 개발되고있나요? 앞으로 25년안에 상용화될수있을까요?",C3,C6,tri_llm_consensus
T-1465,2023,안과,황반변성 레이저,"켈로이드 체질인데 레이저 수술 가능한가요

레이저 수술 꼭 해야한다고 하던데",C9,C9,tri_llm_consensus
T-1466,2023,"안과, #안과",레이저 치료,"황반변성 때문에 레이저 치료받아야하는데

피부가 켈로이드 피부에요

이거 괜찮나요.",C9,C3,tri_llm_consensus
T-1467,2023,안과,황반변성 검사를 많이하면 눈에 안좋나요?,"어머니가 건강검진센터가서 황반변성 찍는기계?로 찍는데

검사하는사람이 왼쪽눈 황반이안보인다면서 15번 정도 찍었다고하네요..

근데 그렇게 눈에 번쩍번쩍 빛쏘고 ct같은것?처럼 검사하는거아닌가요?

이렇게 단시간에 15번씩 하게되면 눈에 안좋은거아닌지

걱정됩니다...",C9,C2,tri_llm_consensus
T-1468,2023,안과,안저촬영? 황반검사를 연속으로 15번가량 했다는데 문제없을까요?,"부모님이 건강검진센터에서 시력검사도 했는데

기계에 눈 대고 빛 번쩍 하면서 찍는기계인것같고요

검사하는 사람이 한쪽눈 황반이 안보인다며

암실에서 15번이상 연속으로 계속 찍어댔다는데요;;;

두세번도아니고 열번이 넘도록 계속 찍고찍고찍어대면

눈에 무리가고 시력에 영향미치는거아닌가요??

암실에서 플래시 터지는거 계속 봐야하는건데요

무슨검사를 한건지 모르겠습니다

단순 플래시터트리는 안저촬영인지

황반변성ct처럼 방사선 출력해서 찍는건지

회사에서 제휴맺은 기업에서 검진센터랑 계약맺어서하는

25만원짜리 패키지였는데요

위 대장 피검사 뇌엠알 초음파 등등 여러가지있었습니다.

그런곳에서 눈검사는 무슨기계로 하는걸까요?

시력이나 건강에 문제없을까요?",C9,C2,tri_llm_consensus
T-1469,2023,"안과, #안과, #안저검사, #황반, #황반변성, #건강검진센터, #시력검사, #안과의사",안저검사 황반검사를 연속으로 15번 찍게되면 미치는 영향?,"부모님이 건강검진센터에서 시력검사도 했는데

기계에 눈 대고 빛 번쩍 하면서 찍는기계인것같고요

검사하는 사람이 한쪽눈 황반이 안보인다며

암실에서 15번이상 연속으로 계속 찍어댔다는데요;;;

두세번도아니고 열번이 넘도록 계속 찍고찍고찍어대면

눈에 무리가고 시력에 영향미치는거아닌가요??

암실에서 플래시 터지는거 계속 봐야하는건데요

무슨검사를 한건지 모르겠습니다

단순 플래시터트리는 안저촬영인지

황반변성ct처럼 방사선 출력해서 찍는건지

회사에서 제휴맺은 기업에서 검진센터랑 계약맺어서하는

25만원짜리 패키지였는데요

위 대장 피검사 뇌엠알 초음파 등등 여러가지있었습니다.

그런곳에서 눈검사는 무슨기계로 하는걸까요?

시력이나 건강에 문제없을까요?

한번 전문 안과로 가보시라고 하려는데 그전에라도 알고싶어서요

안과전문의 선생님들 답변 해주시면 감사하겠습니다ㅠ",C9,C2,tri_llm_consensus
T-1470,2023,"안과, #지식인카드, #지식인카드답변, #플레이스URL, #오큐실, #황반변성, #아미넥스코리아, #쿠팡, #스마트스토어, #네이버페이, #녹내장, #황반변성주사, #눈주사, #녹내장치료",아버지가 안과에서 망막 황반 변성 치료중이신데요,"주기적으로 안구에 주사를 맞거든요?

근데 첨에 안구에 주시할때 스크래치가 나서

고생했는데 이게 의료사고인가요?

그런가보다 하고 이번에도 같은 병원에서 주사 맞고

오셨는데 또 스크래치가 났다고 하네요

ㅡㅡ..",C9,C4,tri_llm_consensus
T-1471,2023,안과,"황반변성, 당뇨병성 망막병증",황반변성과 당뇨병성 망막병증 환자 온요법(온열안대) 적용해도 되나요? 할머니께 드리고 싶어서요,C9,C5,tri_llm_consensus
T-1472,2023,"안과, #황반변성, #눈수술잘하는곳, #부분마취, #황반변성안과, #황반변성치료, #황반변성수술, #황반변성명의",황반변성 부분마취,"황반변성 눈 수술을 할 때 전신마취가 아닌 부분 마취를 하는 병원 어디 어디가 있는지 아시는 분 있으신가요? 정보 얻고 싶어요 ㅜㅜ 눈 수술 잘하는 곳으로요!! 지역은 부산입니다~

병원명을 언급하시기 힘드신 분은 쪽지 부탁드릴게요 꼭 부탁드립니다!!♥

또 부산에서 눈 수술 잘하는 병원 추천해주실 곳이 있을까요~?",C8,C3,tri_llm_consensus
T-1473,2023,"국민기초생활보장, #황반변성",황반변성식욕부진오나요,,C9,,tri_llm_consensus
T-1474,2023,안과,황반변성인가요,황반변성 테스트를 했는데 점에 집중해서 볼때는 잘 보이는데 눈을 감았다가 느리게 뜨면 좀 0.3초동안 울렁거리다가 재데로 보이는데 황반변성인가요??아님 느리게 눈을 떠서 순간적으로 초점이 안맞아서 이런건가요??,C2,,review_pool_R1_v5b
T-1475,2023,안과,황반변성인가요,테스트를 했는데 선은 찌그러지진 않는거같은제 주위에 검은색은 아니고 파란색??으로 완전 희미하게 잔상같이 보이는데 원래이런건가요 아님 황반변성인가요??,C2,,review_pool_R1_v5b
T-1476,2023,"안과, #지식인카드, #지식인카드답변, #플레이스URL",황반변성 치료,황반변성은 보통 어떻게 치료하나요,C3,,tri_llm_consensus
T-1477,2023,"안과, #지식인카드, #지식인카드답변, #플레이스URL",황반변성 테스트...,황반변성 테스트를 20-30cm보다 더 멀리서 보거나 너무 작은걸 보거나 계속해서 반복적으로 보면 울렁거리듯이 보일수도 있나요??,C2,,review_pool_R1_v5b
T-1478,2023,안과,ㅎㅎ항반변성에,황반변성에 오메가3가 좋나요??,C5,,tri_llm_consensus
T-1479,2023,안과,핸드폰을 보다가 갑자기 글자 하나가 비어보였는데 시간이 지나니 괜찮아졌습니다 황반변성일 수 있나요?ㅠㅠ,"핸드폰을 보다가 갑자기 글자 하나가 비어보였는데 시간이 지나니 괜찮아졌습니다

황반변성일 수 있나요?ㅠㅠ",C2,,review_pool_R1_v5b
T-1480,2023,"안과, #오큐실, #아미넥스코리아, #황반변성, #녹내장, #안과, #황반변성증상, #황반변성주사, #황반변성약, #황반변성치료, #황반변성예방",황반변성 안경 토카이 ccp렌즈,"안녕하세요. 할머니께서 2년전 황반변성 진단 받으시고 눈이 많이 안보이는 상태신데요, 왼쪽은 거의 실명이세요

조금이라도 질환을 늦추고 편히 볼 수 있도록 온갖 방법을 찾아보는 중인데요

근데 토카이 ccp렌즈라고 안질환 렌즈가 있대서 찾아보는데 광고밖에 없더라구요

이게 무슨 원리로 황반변성 질환에 도움을 주는지 모르겠어요 또 어떤 효과를 볼 수 있는지 설명 부탁드립니다",C5,,tri_llm_consensus
T-1481,2023,"안과, #지식인카드, #지식인카드답변, #플레이스URL",눈 황반변성,황반변성은 눈의 흰자가 약간 노랗데 되는건가요? 육안으로 확인할수있나요?,C1,,tri_llm_consensus
T-1482,2023,보장성보험,한쪽 눈 실명 보험금 지급 해당 되나요?,"아버지께서

라이나생명

무배당고혈압자고도장해특약(갱신형)

에 가입되있습니다

몇년전에 황반변성으로 한쪽 눈의 시력을 잃으셨어요 근데 오늘 우연히 가입된 보험을 살펴보다보니 장애에 해당되는거 같아 보험급 지급이 되는 건지 궁금합니다

아예 한쪽 눈이 실명되셨습니다

이 경우

고혈압이 실명의 원인이 아니더라도

보장내역 금액의 50%인 천만원 보장 받을 수 있을까요?

보장내역과 약관 첨부 합니다

많은 정보와 답변 부탁드리겠습니다

감사합니다",C7,,tri_llm_consensus
T-1483,2023,"안과, #포도막염, #황반변성치료",포도막염이나 황반변성이라는데...,"포도막염이나 황반변성이라는데

저는 어떻게 되가는 건가여?

시력이 아주 급격히 떨어지는데여.

일년갈지 .이년갈지 모르겠거든여.

ㅠㅠ 저는 이제 죽어야되는 걸까여.

두려웁네요. 죽고싶은데 안락사 될까여?포도막염 때문에

술도 끊고 그랬어는데 안구주사도 양쪽으로 맞고..",C6,C9,tri_llm_consensus
T-1484,2023,"안과, #황반변성, #황반변성치료",황반변성 어두운 곳에서 티비,"외조부께서 황반변성이 있으셔서

석달에 한번 안구주사를 맞고 계십니다.

시력이 매우 떨어지고 초점도 안맞아

돋보기가 없으면 글자를 못 읽으시는 상태입니다.

외조부께서 자꾸 불을 잘 안키고 생활하시는데

(해가 떠있으면 실내 불을 안켜는 경우가 잦고

밤에 불을 끄고 티비를 보는 등)

이러한 생활습관이 황반변성의 예후에 악영향을 줄 수 있을까요?

답변 감사합니다.",C5,C6,tri_llm_consensus
T-1485,2023,"주사, 약물 요법, #오큐실, #황반변성, #아미넥스코리아, #녹내장, #황반변성주사, #포도막염, #당뇨병성망막증, #백내장, #안과, #황반변성약",황반변성 질문,"안녕하세요.

저희 어머니가 한쪽눈이 황반변성이 와서 검은점에 주변이 노랗게 보이신다해서 급하게 병원진료후 1차 주사를 맞았는데 눈 시력이 다시 돌아 오려면 대략 얼마나 걸릴까요 한달 뒤에 또 주사를 맞으러 가는데

대략 어느정도 기간이 지나야 다시 눈 회복이 될까요

매일 밤마다 우시고 그 모습을 바라보는 아들로서 너무 힘들고 혹시나 눈이 다시 돌아오지않을까 두렵습니다.. 황반변성에 좋은 음식 채소도 추천점 부탁 드립니다...",C6,C6;C5,tri_llm_consensus
T-1486,2023,"클래식음악, #오큐실, #황반변성, #녹내장, #아미넥스코리아, #알파실, #아미넥스, #황반변성주사, #눈영양제, #황반변성치료법, #눈에좋은음식",황반변성항체주사치료비얼마에요,황반변성항체수사치료비,C7,C4,tri_llm_consensus
T-1487,2023,안과,건성과 습성이 머죠,황반변성을 공부하다보니 건성과습성이 나오는데 무슨 의미는 대충알겄는데 근성과습성을 한자로 풀이좀매주세요,C1,,tri_llm_consensus
T-1488,2023,안과,휴대폰 많이보면 눈많이 나빠지나요?,"하루에 핸드폰 얼마나 사용해야 눈이 안나빠지나요?

그리고 눈의 황반변성 있는 사람들은 핸드폰을 보면 시력이 2배로 더낲가지나요?",C1,,tri_llm_consensus
T-1489,2023,"안과, #오큐실, #녹내장, #황반변성, #안과, #황반변성주사, #황반변성치료, #아미넥스코리아, #눈영양제, #루테인, #눈에좋은영양제",황반변성을 초기에 발견해 병원에 가서...,황반변성을 초기에 발견해 병원에 가서 치료 받으면 실명이 안될 수도 있나요?,C6,C3,tri_llm_consensus
T-1490,2023,안과,황반변성...,1년에 한번식 녹내장을 주기적으로로 검사하는데...혹 녹내장 검사할때 황반변성도 발견할수 있나요??,C2,,tri_llm_consensus
T-1491,2023,"패션, #병원, #안과, #눈, #병원추천, #안과추천, #황반변성",황반변성 안과 추천,"대구에 황반변성 망막전문 잘보는곳으루

유명한안과 추천좀해주세요ㅠㅠ

황반변성도 혹시 수술로 완치가 가능한가요?

다른방법은 또 없나요?",C8,C3,tri_llm_consensus
T-1492,2023,"의료기관, 의료인",양주 삼숭동 안과 황반변성 진료 가능한데요,"양주 삼숭동 안과 중에서 황반변성 진료가 가능한 안과가 있을까요?

아버님이 황반변성이 있으신데 정기적으로 다니셔야 해서요",C8,,tri_llm_consensus
T-1493,2023,"안과, #변시증, #황반변성, #안과, #망막박리, #휘어져보임",이거 변시증이나 황반변성 초기증상인가요?,가로는 안그런데 세로로 된 직선을 계속 쳐다보면 아래 사진과 같이 선이 휘어 보이는데 혹시 변시증같은건가요?,C2,,review_pool_R1_v5b
T-1494,2023,안과,황반변성 초기에 관리 잘하면,"그대로 더 안 심해지고 유지만 될 수도 있나요??

어머니가 검진받고 오셨는데 너무 걱정되어서 힘들어요 이정도는 걱정하지 않으셔도 된다고 하시긴 했지만

아직 50대 초반이셔서 아직 여행도 많이 못가봤는데 걱정되요 관리 잘하면 괜찮을까요 ㅠ",C6,C5,tri_llm_consensus
T-1495,2023,건강상담,노원 당고개역 안과 황반변성 잘보는데요,"아버지가 황반변성이 있으신데요

관리차 꾸준하게 안과를 다니셔야 하는데 황반변성 잘보는

당고개역 안과나 상계동 안과

아니면 차로 이동할만한 거리에 있는 안과좀 알려주세요",C8,,tri_llm_consensus
T-1496,2023,신경과,황반변성(안대),"70세 노인입니다

왼쪽 눈 황반변성으로 주사를 맞고 있습니다.

컴퓨터를 많이 하는 편인데

왼쪽 눈에 안대를 하면 도움이 될까요?

평상시에도 왼쪽에 안대를 하고 다니면

병의 속도를 늦출 수 있나요?",C5,C4;C5,tri_llm_consensus
T-1497,2023,안과,황반 변성 검사에 관한 내용,"안과 관련한 질문입니다  52년생 남자입니다

2018년경 안경 맞추는 과정에서 선이 굴곡지게 보여 안과를 방문 하게 되었음니다

2019년 초 안과진단이 좌측눈에서 황반변성이 있다고 진단이 되어 현재 까지 계속 안과를

다니고 있음니다

1년전에는  백내장 수술도 햇음니다

현재 까지 4년동안 2개월에 1회씩 정기 검진을 받고 있음니다

최초 진단 상태와 4년된 지금 상태는 변화 없다고 합니다 ( 더이상 나빠지지는 않고 있다고 합니다)

집을 이사하게 되어 병원을 변경했으면 하는데 특별한 문제는 없을지,

2개월 1회의 정기 검진 부담이 가서 검진 주기를 늘리면 안되는 건지 궁금합니다

참고로 이병원은 향후 황반이 악화 됫을시 주사 치료와 병행이 가능 하다고 합니다",C2,C8;C6,tri_llm_consensus
T-1498,2023,안과,엔테론정 비급여,"안과에서 황반변성 관련 영양제로 엔테론을 처방받아서 먹었는데 작년 9월?부터 당뇨 아니면 자비부담으로만 가능하다고 도베셀이라는 커다란 알약을 처방해 줍니다

약정보로 검색하면 처방을 받아서 구입하는 전문의약품이고 보험 급여 적용된다고 나오는데 머가 맞는 얘기인가요?",C7,C9,tri_llm_consensus
T-1499,2023,"안과, #황반변성, #황반변성주사치료, #효과",황반변성 항체주사치료 효과,"76세 어머니가 미국에 있는 저보러 20년만에 오셨는데 이틀전부터 건성황반변성 증상를 보이세요.

오른쪽눈은 한12년전부터 건성황반변성으로 시력저하도 됐고 사물도 잘 못보셔도 왼쪽눈은 항상 좋으셨어요.

이틀전부터 좋은 왼쪽눈이 수직선을 물결 모양으로 휘어져 보인다고 하시네요. 아픈것은 없으시고 신문도 읽으시는 시력은 괜찮은거 같아요.

어머니는 계획대로 여기서 5월말까지 있다가 한국나가서 치료받는다고 하시는데, 저는 아무리 초기증상이라고 해도 2~3개월후에 항체주사 맞는거보다는 지금 당장맞는게 더 효과적이지 않을까해서 지금 엄마랑 다투고 있어요.

어머니가 미국에서는 보험이 없으시니 여기서 의사진찰, 검사, (1회) 주사치료 받을려면 대략 2만불정도 준비해야한데요.

저는 엄마 좋은 왼쪽눈까지 나쁘게 될까봐 걱정이 태산인데, 어머니는 저랑 2개월있고 싶고 미국병원비가 신경쓰이시나봐요.

어머니를 억지로라도 지금 한국 나가게 한다면 혹시 비행기 탈때 압력때문에 황반변성 증세가 더 나빠질수있나요?

어머니 말씀대로 항체주사치료는 지금 받나 2개월후에 받나 효과차이는 별루없는건가요?

답변감사합니다",C4,C6;C7,tri_llm_consensus
T-1500,2023,안과,당뇨환자는 PDRN 함유 인공눈물 금기인가요?,"당뇨성 황반변성에 오프라벨로 아바스틴(VEGF 억제제)이 사용되는 것으로 압니다.

반대로 PDRN이 VEGF 발현을 증가시킨다고 알려져있는데 당뇨환자에게 사용 가능한가요?",C9,,tri_llm_consensus
T-1501,2023,"안과, #황반변성, #주사치료, #효과",황반변성 주사치료 효과,"76세 어머니가 미국에 있는 저보러 20년만에 오셨는데 이틀전부터 건성황반변성 증상를 보이세요.

오른쪽눈은 한12년전부터 건성황반변성으로 시력저하도 됐고 사물도 잘 못보셔도 왼쪽눈은 항상 좋으셨어요.

이틀전부터 좋은 왼쪽눈이 수직선을 물결 모양으로 휘어져 보인다고 하시네요. 아픈것은 없으시고 신문도 읽으시는 시력은 괜찮은거 같아요.

어머니는 계획대로 여기서 5월말까지 있다가 한국나가서 치료받는다고 하시는데, 저는 아무리 초기증상이라고 해도 2~3개월후에 항체주사 맞는거보다는 지금 당장맞는게 더 효과적이지 않을까해서 지금 엄마랑 다투고 있어요.

어머니가 미국에서는 보험이 없으시니 여기서 의사진찰, 검사, (1회) 주사치료 받을려면 대략 2만불정도 준비해야한데요.

저는 엄마 좋은 왼쪽눈까지 나쁘게 될까봐 걱정이 태산인데, 어머니는 저랑 2개월있고 싶고 미국병원비가 신경쓰이시나봐요.

어머니를 억지로라도 지금 한국 나가게 한다면 혹시 비행기 탈때 압력때문에 황반변성 증세가 더 나빠질수있나요?

어머니 말씀대로 항체주사치료는 지금 받나 2개월후에 받나 효과차이는 별루없는건가요?

답변감사합니다",C4,C6;C7,tri_llm_consensus
T-1502,2023,건강상담,포천 안과 황반변성 진료 가능한 안과가 있나요?,"포천 안과 중에서 황반변성 볼수 있는 안과 있을까요?

아니면 의정부나 서울로 나가야 할까요?",C8,,tri_llm_consensus
T-1503,2023,안과,눈 한쪽에 검은 원형이 흐릿하게 보이는데 황반변성 증상인가요 ?,"마치 작은 검은색 원형 투명화 필터가 낀 것 처럼 한쪽 눈이 색을 어둡게 인식합니다

예를 들어 흰색 곰인형을 본다면

한쪽은 정확히 밝은 흰색을 인식하고 한쪽눈은 약간 살색 곰인형 처럼 보여집니다

또한 전체적으로 눈이 나빠진것처럼 초점이 흐려보이는데 병원을 찾으면 될까요 ?

또 실제 황반변성이라면 자연치료로도 건강해질 수 있나요?",C2,C3,review_pool_R1_v5b
T-1504,2023,"한방 안과, 이비인후과, #아일리아, #루센티스, #아바스틴, #황반변성, #오큐실, #아미넥스코리아, #황반변성, #쿠팡, #스마트스토어, #황반변성주사, #황반변성수술, #황반변성치료, #황반변성에좋은음식, #황반변성예방, #황반변성치료",황반변성 주사 관련 문의,"황반변성관련하여 요즘나온 신약 중에 가장 많이 사용하는 약품은 어떤 것일까요?

아플리버셉트 (아일리아), 라니비주맙 (루센티스), 베바시주맙 (아바스틴) 이외에 대학병원이나 종합병원에서 제네릭 (복제약)으로 사용이 되는 것들이 있을까요?",C4,,tri_llm_consensus
T-1505,2023,순환기내과,혈압약 복용,"저의 엄마85세 가 10년전에 고혈압으로 황반변성이 와서 혈압약을 복용해 왔어요

지금은 요추골절로 누워있는데 누워있을때 혈압이 정상이지만 좀 움직이면 혈압이 올라갑니다

통증치료할 때는 190이상으로 뛰었어요 오빠는 기운이 빠진다고 혈압약을 안 먹이고 있는데 걱정됩니다

24시간 누워있는것이 아니라 밥 먹고 화장실 도 가시는데 위험하지 않을 까요

답변 부탁드립니다",C9,,tri_llm_consensus
T-1506,2023,안과,어머니께서 황반변성이라는 안과질환으로 고생중이십니다. 눈이 침침해하셔서 조금이라로 밝게 사시도록 조명을 LED로 교체하려고 하는데 LED조명이,"어머니께서 황반변성이라는 안과질환으로 고생중이십니다.

눈이 침침해하셔서 조금이라로 밝게 사시도록 조명을 LED로 교체하려고 하는데 LED조명이 황반변성환자에게 않좋다는 이야기가 있어 전문가분께 문의드립니다.교체항션 않되는건가요?",C5,C1,tri_llm_consensus
T-1507,2023,"안과, #황반변성안과, #tv모니터, #시력차이, #안과의사분들도움",황반변성 tv 크기,아버님이 황반변성 이시라 현재 tv 52인치 보시는데 잘 안보이신다고 바로 앞에 안장서 60cm 정도 앞에서 보시는데 86인치 tv 로 교체해드리면 효과가 있을지요? 효과 없이 똑 같으면 바꾸는 의미가 없어서요.  전문가님의 답변 부탁드립니다.,C9,C5,tri_llm_consensus
T-1508,2023,안과,황반변성이요,"황반변성 이요

3번 주사맞고.

시력이. 그대로면

보험이. 안된다고 하여서요

주사말고

약을. 처방받을수 없나요?",C7,C7;C4,tri_llm_consensus
T-1509,2023,안과,황반변성 검사 여러번 해도되나요?,"동네병원에서 한번 햇는데

큰병원 두군데 더 가보려고하는데요

3일 간격으로 ㄱ검사해도 문제없나요? 습성 황반입니다.",C2,,tri_llm_consensus
T-1510,2023,"안과, #황반변성, #레이저수술, #황반변성치료, #황반변성수술, #오큐실, #황반변성, #아미넥스코리아, #아미넥스건강TV, #쿠팡, #스마트스토어, #11번가, #녹내장, #황반변성수술, #당뇨망막병증",황반변성 레이저수술...,"황반변성 레이저수술 후 부작용이 있나요?

수술한지 5일차 되어가는데 전보다 시력이 더 떨어지고

사물이나 사람 인식이 불편할정도입니다

시간이 경과하면 괜찮아지나요?",C9,C3,tri_llm_consensus
T-1511,2023,안과,산동없이 시행하는 안저검사로 황반변성 유무 확인 가능하나요?,직장건강검진에서 안저촬영을 했는데요. 산동없이 시행했습니다. 산동없는 안저검사도 황반변성 유무 확인이 가능하나요??,C2,,tri_llm_consensus
T-1512,2023,안과,황반변성 믿을수 있는 안경점,"황반변성입니다

안경하나로 자외선 차단 기능까지 (선글라스)가능한게 있다고 들었는데요 가격은 어느정도하는지 알고싶어요

믿을수 있는곳 추천 부탁드립니다",C8,C5,tri_llm_consensus
T-1513,2023,"의료기관, 의료인, #황반변성, #노인성황반변성, #황반변성주사",긴급합니다. 누네안과 vs 대학병원 (황반변성 검사 및 주사 관련) 문의드립니다.,"안녕하세요.

​

암점이 보인지 7일 정도 되었습니다.

​

그저께 개인병원 진료를 보았더니, 물이 고이고, 신생혈관 보인다고 말씀하셔서,

누네안과에 가서 오늘 검사했더니 같은 소견을 받았습니다.

​

검사하고, 누네안과 이원O 원장님께 진료를 받으러 방에 갔었는데, 너무 바쁘셔서 2개방을 왔다 갔다하시면서 진료를 정신없이 봤습니다 ㅠ

​

동공확대 약 넣고 눈은 안보시고, 씨티 사진만 보고 판정하였습니다.ㅠ

​

누네안과에서는 내일 주사치료를 하자고 하셨는데,

​

제가 다음주 수요일 성모병원 박영O 교수님께 초진 예약을 해두어서..

​

1. 내일 누네안과에서 먼저 주사를 맞고 성모병원 진료(+검사)를 가는게 맞는지.. (""형광안저혈관조영술"" 를 할까요?)

​

아니면,

​

2. 다음주 수요일 성모병원 진료(+검사)받고, 주사 치료를 성모병원 교수님과 결정하게 나은지..

​

고민입니다.

​

어떻게 하는게 맞을까요..?

​

너무 급해서, 두서없이 쓴 글 읽어주셔서 감사합니다..ㅠ",C8,C4,tri_llm_consensus
T-1514,2023,"안과, #황반변성, #황반변성주사치료",황반변성 주사 후 검사 가능할까요?,"﻿

안녕하세요.

누네병원에서 황반변성 판정을 받았는데요, 먼저 항체 주사 먼저 맞고,

2틀 뒤에 성모병원 교수님께 초진 검사와 진료 받을 수 있을까요?

대학병원에서도 진료해 볼 필요할 것 같아서요.

답변 부탁드립니다. 감사합니다. ㅠㅠ

﻿",C8,C4,tri_llm_consensus
T-1515,2023,"안과, #황반변성, #황반변성주사치료, #황반변성, #황반변성치료, #아미넥스코리아, #오큐실, #황반변성, #녹내장, #쿠팡, #11번가, #스마트스토어, #네이버페이, #안과, #눈항체검사",황반변성 주사 후 검사가능할까요?,"﻿

안녕하세요.

누네병원에서 황반변성 판정을 받았는데요, 먼저 항체 주사 먼저 맞고,

2틀 뒤에 성모병원 교수님께 초진 검사와 진료 받을 수 있을까요?

대학병원에서도 진료해 볼 필요할 것 같아서요. 불안해서요.

답변 부탁드립니다. 감사합니다. ㅠㅠ

﻿",C8,C4,tri_llm_consensus
T-1516,2023,"안과, #황반변성, #녹내장, #황반변성치료, #녹내장치료",저희 아버지가 황반변성 과 녹내장을 앓고 계십니다.,"현재 한쪽 눈은 시력이 많이 떨어져서 기존에 하던 주사치료도 안하고 계시는 상황이고

안약만 넣고 계십니다.

오랜만에 병원에 가셨는데 한쪽 눈은 거의 시력이 떨어졌다고 하네요.

제가 걱정되는 부분은 다른 한쪽의 시력입니다.

지금은 생활하시는데 크게 불편하신건 없다고 하시는데 ...

아무래도 한쪽 눈으로 계속 지내시다보면 다른 한쪽의 시력이 나빠지실거 같은데

최대한 유지할 수 있는 방법이 없을까요?

예를 들면 안경이나 치료 약...

시력을 다 잃으실까봐 걱정되고 두렵습니다.",C6,C5,tri_llm_consensus
T-1517,2023,안과,황반변성 증상 질문,"몇달전에 컴퓨터를 하다가 글씨가 갑자기 읽기 힘들정도로 찌그러졌습니다

한 15분?20분 정도 지나서 증상은 사라졌고 피곤해서 그랬나보다,.. 싶어 그냥 넘겼다가

오늘 황반변성이라는걸 알게 되어 증상을 보니 제가 겪었던것과 동일해서;;

그때 그 이후로는 한번도 찌그러져보인다던가 그런 증상들이 나타나지않았는데

그냥 단순 피곤해서 그랬던거겠죠..?",C2,,review_pool_R1_v5b
T-1518,2023,"안과, #아미넥스코리아, #오큐실, #황반변성, #녹내장, #안과, #쿠팡, #11번가, #네이버페이, #스마트스토어, #황반변성검사",하월곡동 안과 황반변성 진료하는데가 있나요?,성북구 하월곡동 안과 중에서 황반병성 진료하는데가 있나요?,C8,,tri_llm_consensus
T-1519,2023,안과,습성 황반변성인데 황반을 보호하려면 안경을 어떻게 맞춰야 할까요?,"자외선? 적외선? 황반을 보호하기 위해 차단해야할 것들이 있다고 봤는데

지금 쓰는 안경은 자외선 차단기능만 있는 상태인데

어떤 기능들을 넣어서 새로 맞춰야 하는건지 궁금합니다.

습성 황반변성입니다.",C5,,tri_llm_consensus
T-1520,2023,"가정의학과, #영양제, #루테인, #영양제먹기, #아이루테인, #약복용법",영양제는 언제 먹는 게 좋나요?,"아버지가 황반변성으로 눈이 안 좋은 상태에서 돌아가셔서

눈에 신경을 쓰게 되더라고요.

황반변성 예방에 루테인이 좋다고 해서

눈 영양제로 아이루테인을 먹고 있는데요.

언제 먹는 게 좋을까요?

식후에 먹는 게 좋은지 아님 공복에 먹는 게 좋은지.",C5,,tri_llm_consensus
T-1521,2023,유전학,급해요!!! 유전적으로 나타나는 황반변성은 유전자,유전적으로 나타나는 황반변성은 유전자 치료나 유전자 가위로 황반변성을 치료할 수는 없는 것 인가?,C3,C1,tri_llm_consensus
T-1522,2023,"건강식품, 의약외품, #습성황반변성, #눈건강, #황반변성, #습성황반변성치료, #아미넥스코리아, #오큐실, #황반변성, #쿠팡, #11번가, #스마트스토어, #네이버페이, #눈건강, #눈영양제, #눈주사",내공 100 습성 황반변성 영양제 추천해주세요,"어머니가 50대 중반이신데

습성 황반변성 진단을 받으셨습니다.

주사치료는 하고 있는 중이고,

추가적으로 영양제와 음식 등으로 눈건강 관리를 하는 것이 더 도움이 될 것 같아 질문드립니다.

1. 습성황반변성에 좋은 영양제 추천부탁드립니다.

2. 습성황반변성에 좋은 음식들 추천부탁드립니다.

(논문 결과를 토대로 가장 효과적인 음식순으로 추천 부탁드리겠습니다)

3. 주사치료 외에 습성황반변성에 도움이 되는 방법들을 무엇이 있을까요? (눈 마사지 등등)",C5,C3,tri_llm_consensus
T-1523,2023,"외과, #황반변성, #항체주사, #안과, #오큐실, #아미넥스코리아, #쿠팡, #11번가, #스마트스토어, #항체주사, #눈주사, #눈영양제, #녹내장, #시신경",황반변성 항체주사 고통,"황반변성을 늦출 때 항체주사를 맞는다고 들었는데요..

그 항체주사를 안구에 맞는다고 들었습니다.

혹시 그 항체주사 많이 아픈가요..?

그리고 또 항체주사는 한번 맞는데 돈이 얼마정도 드나뇨..?

내공 40이요",C4,C7,tri_llm_consensus
T-1524,2023,"안과, #황반변성, #안과",옆 눈으로 쳐다보면 상이 찌그러져 보이는 현상,"정면을 볼 때는 정상적으로 보이는데

눈을 옆으로 볼 때

상이 찌그러져 보입니다

이것도 황반변성의 증상일까요?",C2,,review_pool_R1_v5b
T-1525,2023,안과,렌즈끼는거 가능한가요..? (내공100),"난시 근시 약시가 있고 황반변성도 있습니다

시력은 왼쪽 0.6 오른쪽 1.2로 안좋은편은 아니지만 차이가 많이 나요 저 렌즈 착용 가능할까요..",C9,,tri_llm_consensus
T-1526,2023,안과,안과) 황반변성,"체감상 이전보다 시력이 안좋은것같아

안과에서 검사를 했는데 황반변성이라고 합니다.

이 안과에는 검사장비가 없어 대학병원에 가서 검사하라고 합니다.꼭 대학병원으로 가야 하나요?

이곳말고 주위에 황반변성 검사할수있는 큰 안과가 있든데 이곳으로 가도 될까요?",C8,C2,tri_llm_consensus
T-1527,2023,안과,습성황반변성 오메가3,"아빠가 습성황반병선입니다.

암점이 생겨 주사치료도 받고계신데요.

습성은 루테인이 크게 도움되지않는다고는 하나

반대쪽 눈을 위해 오큐아레즈투엠 오메가3버전으로 구입해드렸는데

암점이 생긴건 혈관이 터진건데 오메가3가 있는걸 드셔도 되는지 해서요.

고혈압약도 드시는데 괜한걸 사드렸나 걱정도됩니다.

오메가3 없는 버전을 드시는게 나을까요?",C5,C9,tri_llm_consensus
T-1528,2023,안과,황반변성인가요,앞을 볼때는 굴곡없이 잘 보이는데 옆쪽을 완전 째려보면 째려보는 선이 살짝 굴곡져보이는데 이것도 황반변성인가요?,C2,,review_pool_R1_v5b
T-1529,2023,"안과, #지식인카드, #지식인카드답변, #플레이스URL",초기 황반변성,"암슬러 격자를 보면 심한건 아니고 선이 조금 휘어보입니다.

황반변성인데 크게 문제될게 없다고

주사를 맞아도 안빠져 나올 경우가 많다고 하시면서

아무런 조치도 없이 암슬러 격자 보고 현 상태보다 안좋아지면

다시 내원하라고 하시는데..

황반변성이면 치료가 필요한게 아닌가요?

검시한걸 보니

오목한 부분 바로 아래

볼록하게 튀어 올라와 있었습니다.",C3,C6,tri_llm_consensus
T-1530,2023,안과,황반변성인가요?,얼굴 가만히 있고 눈만 옆쪽을 엄청 째려보면 약간 굴곡이 생기는데 이것도 황반변성 일까요? 복붙 하지마시고 제대로 답 해주세요 광고도 ㄴㄴ..,C2,,review_pool_R1_v5b
T-1531,2023,"안과, #오큐실, #아미넥스코리아, #쿠팡, #녹내장, #황반변성, #아미넥스건강TV, #안과, #황반변성환자, #안과전문의, #녹내장치료",황반변성 눈 통증 머리 통증,"58세 황반변성으로 병원에서 눈에 주사 맞는 치료 하시다가

몇일 전 부터 눈에서 눈물이 계속 나고 안구 통증과 두통이 심해져 힘들어 하시는데 병원에서는 눈이 죽어가서 그런다 설명 해줬대요 저번주에 병원 갔을때 보다 지금 통증으로 너무 힘들어 하시는데 오늘 근로자의 날 이고 응급실로 가야되는지 어떻게 해야되는지 모르겠어서요 너무 힘들어 하세요",C9,C4;C6,tri_llm_consensus
T-1532,2023,보험,의보1동 황반변성추사비다내야하나요,의보1종황반변성주사비13만원다내야하나요,C7,,tri_llm_consensus
T-1533,2023,안과,안과 녹내장 검사,"안녕하세요.

2년전 안과에서 녹내장 검사 10개정도를 했었는데요

그 당시는 괜찮다고 하더라고요.

혹시 녹내장 검사에서 황반변성인지 까지 판단할수 있을까요??~

황반변성은 다른검사를 해야 될까요??~

광고글은 삼가합니다.",C2,,tri_llm_consensus
T-1534,2023,"안과, #검색질문, #통합검색궁금증, #통합검색질문하기",황반변성 치료,,C3,,tri_llm_consensus
T-1535,2023,안과,아빠가 백내장 수술한지 오늘이 한달되는날인데 그동안 병원갔을때는 계속 깨끗하다고 했는데 오늘병원 갔더니 갑자기 물이고였다고 황반변성이 있다고 안,아빠가 백내장 수술한지 오늘이 한달되는날인데 그동안 병원갔을때는 계속 깨끗하다고 했는데 오늘병원 갔더니 갑자기 물이고였다고 황반변성이 있다고 안좋아지면 주사치료 해야된다고 하는데 왜갑자기 황반변성이 생겼다는건지 이유가 뭘까요?,C9,C1,tri_llm_consensus
T-1536,2023,"안과, #오큐실, #아미넥스코리아, #쿠팡, #스마트스토어, #황반변성오큐실, #녹내장오큐실, #눈주사, #황반변성초기, #황반변성치료, #황반변성증상",백내장 수술 후 황반변성,"아빠가 백내장 수술한지 오늘이 한달되는날인데

그동안 병원갔을때는 계속 깨끗하다고 했는데

오늘병원 갔더니 갑자기 물이고였다고 황반변성이 있다고

안좋아지면 주사치료 해야된다고 하는데

왜 갑자기 황반변성이 생겼다는건지 이유가 뭘까요 ?",C9,C1,tri_llm_consensus
T-1537,2023,"건강상담, #안과, #황반변성, #지식인카드, #지식인카드답변, #플레이스URL, #아미넥스코리아, #오큐실, #오큐실황반변성, #오큐실녹내장, #대릭김, #아미넥스건강TV, #눈영양제, #황반변성주사, #녹내장수술, #녹내장검사",황반변성 진단 후 첫 주사치료한 다음날...,"황반변성 진단 후 첫 주사치료한

다음날 반드시 병원에 다시 내원해야하나요?

일을 이틀 연속 쉬기가 어려워서 질문드립니디",C4,,tri_llm_consensus
T-1538,2023,"안과, #지식인카드, #지식인카드답변, #플레이스URL, #오큐실, #아미넥스코리아, #아미넥스건강TV, #황반변성, #녹내장, #황반변성오큐실, #백내장오큐실, #녹내장황반변성, #눈영양제, #황반변성주사",황반변성 치료하면 완치 가능한가요?,"얼마 전 40대 중반인 제 동생이 황반변성 진단을 받았어요.

눈에 주사를 맞고 왔다고 하던데...젊은 나이라 걱정이 많이 됩니다.

꾸준히 치료하면 완치 가능할까요?

70대인 우리 아빠도 황반변성으로 한쪽 눈이 실명인 상태인데 이 것도 유전인지 궁금하기도 합니다.

건강할 때 관리를 해야겠지만 진단을 받은 지금이라도 병원 치료와 함께 집에서 관리하는 방법에는 뭐가 있는지도 알고 싶어요.",C3,C1;C5,tri_llm_consensus
T-1539,2023,안과,망막 검사와 녹내장 검사는 따로 받아야 되는 건가요?,"망막검사(황반변성, 망막박리,망막열공 등등)와 녹내장 검사는

각각 검사항목이 따로 있나요?

아니면 녹내장 검사를 받으면, 자동으로 망막도 검사를 해주는 건가요?

시신경이 망막에 붙은 것같은데 아닌가요?",C2,,tri_llm_consensus
T-1540,2023,"안과, #녹내장, #안질환, #장기치료, #강남안과, #밝은성모안과, #강남역안과, #아미넥스코리아, #오큐실, #녹내장, #황반변성, #아미넥스건강TV, #쿠팡, #11번가, #스마트스토어, #눈영양제, #오큐바이트, #지식인카드, #지식인카드답변, #플레이스URL","당뇨병증, 녹내장, 황반변성 같은거 치료하는 강남안과 있나요?","강남안과들 죄다 수술만 많이는 하는데

이렇게 오랫동안 관리해야 하는 질환도 봐주는 병원이 있나 싶어요.

직업 특성상 어르신들을 많이 모시는데

대부분이 좀 이렇게 시력이 안좋은 분들이셔서

저한테 많이들 물어보시더라고요 괜찮은 안과 없냐고

헌데 제가 의료 쪽과 관련있는 사람도 아니고..

이런거 또 잘못 소개시켜 드리면 오해도 생기고 그럴거 같아서

그냥 병원 몇군데 추려서 보여드리고 대충 이렇다고 넘기려고 하는데

죄다 수술 이야기만 하지 질환 이야기는 잘 없네요..",C8,,tri_llm_consensus
T-1541,2023,안과,제가 황반변성인거같은데,"오늘하고 내일 주말이라

하는 병원이없어요 ㅠㅠ

다음주 월요일 아침일찍가야되는데

이틀정도는 늦게가도 괜찬은건가요?ㅠㅠ

이틀동안 뭘해야 더심해지지않고

치료잘받을수잇을까요?

정말 겁나네요 ㅠㅠ

자가진단하는 그 네모사각형이 한쪽이 강물흐르듯이 보이거든요

이거진짜인거같은데 ㅠㅠ

이틀동안 불안해서 어떡해요

병원가면 치료는할수있나요?ㅠㅠ",C2,C3,review_pool_R1_v5b
T-1542,2023,"안과, #황반변성, #망막, #황반, #안과, #아미넥스코리아, #오큐실, #황반변성, #녹내장, #아미넥스건강TV, #황반변성병원, #황반변성전문, #황반변성명의, #황반변성치료, #황반변성약",황반변성 잘 아는 대학병원 알려주세요,신촌세브란스가 가장 잘한다는 말도 있고 서울백병원이라는 말도 있네요 추천 부탁드립니다,C8,,tri_llm_consensus
T-1543,2023,안과,황반변성질문,"황반변성 자가진단 하는거 하면 황반변성 있는사람은 바로 나오나요 ?

그리고 건물이 휘어보는게 황반변성 인가요 아니면 건물 선이 조금 휘어 보이는기 황반변성 있가요

직선이 정상으로 보이면 황반변성이 아닌가요?",C2,,tri_llm_consensus
T-1544,2023,"안과, #황반변성치료, #좋은약, #진행속도",황반변성에 좋은약과 진행속도 늦추는 방법,건강검진 결과 황반변성이 있다고 합니다. 진행속도를 늦추려면 어떤방법이 좋은지 약은 어떤걸 먹어야 하는지 알려주세요.,C5,C6,tri_llm_consensus
T-1545,2023,"안과, #망막박리, #비문증, #광시증, #한쪽눈붉게보임",오른쪽 눈이 붉게 보임,"걱정이 돼서 질문합니다.

저는 양안에 비문증과 광시증이 있어요.

2년 전 오른쪽 눈에 비문증이 생겨서 6개월마다 안과검진을 했었고 작년부터 왼쪽 또한 비문증이 생긴 후 광시증까지 생겼으며 올해 2월에 왼쪽 눈에 작은 구멍이 생겨 레이저 시술을 하고 그 후로 한달마다 안과에 방문하여 망막검사를 하고 있습니다.

어제 6월 1일에도 망막검사를 하니 아직 후유리체박리 진행 중이라 비문증과 광시증 위치가 변할 수 있다는 말을 들었고 아직까진 크게 걱정할 필요 없다는 진단을 받았습니다.

오늘 엘리베이터를 타서 눈을 한 쪽씩 번갈아 가며 감았다 떴는데 오른쪽 눈이 갑자기 차이가 느껴질 정도로 붉게 보입니다.

궁금한 점을 몇가지 정리하자면

1. 후유리체 박리가 끝난 후에도 비문증과 광시증이 악화가 되는가.

2. 양안이 보이는 색감이 크게 차이가 나는 건 혹시 황반변성 징조인가.

3. 안과적으로 문제가 없다면 뇌신경쪽 문제인가.

걱정도 많이 되고 스트레스를 많이 받아서 질문이 길어졌네요… 조금이나마 걱정을 줄일 수 있을까 싶어서 질문합니다ㅠㅠ",C2,,tri_llm_consensus
T-1546,2023,안과,안과 검사 요 검사로 뭘 알수있나요?,"경피적 혈액산소포화도 측정

정밀안저검사

광각안저촬영

안압측정

세극현미경검사

안구광학단층촬영

를 했는데

녹내장 / 백내장 / 황반변성 / 망막폐쇄증

다 알수있나요??

ㅠㅠ눈앞이 뿌옇게 보이는게 꽤 오래됐는데 요 검사를 했는데도 이상이 없다고 떠서 .. 더 정밀검사를 해봐야하는건지",C2,,tri_llm_consensus
T-1547,2023,안과,안과 검사로 알 수 있는 질환 문의,"경피적 혈액산소포화도 측정

정밀안저검사

광각안저촬영

안압측정

세극현미경검사

안구광학단층촬영

를 했는데

녹내장 / 백내장 / 황반변성 / 망막폐쇄증

다 알수있나요??

ㅠㅠ눈앞이 뿌옇게 보이는게 꽤 오래됐는데 요 검사를 했는데도 이상이 없다고 떠서 .. 더 정밀검사를 해봐야하는건지",C2,,tri_llm_consensus
T-1548,2023,안과,황반변성 질문드립니다,"제가 최근 눈이 안좋아져서 검사를 받았는데

당뇨망막병증이 중간정도 진행됐다고 진단 받았어요

따로 처방받은게 없어서 그건 따로 질문 드렸었구요

근대 관심가지고 알아보다가 알게됐는데

정확히 황반변성 증상이더라구요(사진첨부)

병원에서 검사했을때 선생님이 이거 이야기는

따로 안하셔서 노파심에 질문 드려요

계속 저 상태에서 좋아지질 않는데

영양제 챙겨먹고 다이어트하고 당관리 하는거 말고

치료 받거나 약처방 받을 수 있는게 있을까요??

초기치료가 중요하다해서

뭘 좀 하고 싶은데 답답해서 질문 드립니다",C3,C5;C2,tri_llm_consensus
T-1549,2023,"안과, #루테인, #루테인영양제, #루테인추천, #눈건강, #건강관리, #눈건강관리",눈 영양제 뭘 더 먹어야 할까요??,"당뇨망막병증 황반변성 진단받아서 관리중입니다

뭘 더 먹어야 할까요?? 하루 한알인데 2알 먹으면 안될까요??

그리고 안과에서 따로 처방해준게 없어서 그런데

시야 안좋을때 넣으면 좋을 안약같은게 있을까요??",C5,C9,tri_llm_consensus
T-1550,2023,"안과, #아미넥스코리아, #오큐실, #황반변성, #녹내장, #아미넥스건강TV, #쿠팡, #11번가, #스마트스토어, #녹내장약, #녹내장말기",87세 엄마가 황반변성으로 시력을 거...,"87세 엄마가 황반변성으로 시력을 거의 잃으셨는데요 보름전부터 갑자기 눈통증(우안) 및 두통으로 여러 병원을 내원하였으나 원인을 몰라 답답하기만 합니다

오래전부터 엄마 안과 주치의 선생님은 망막 담당분이라 모으시는 건지 안과적 문제가 아니라고 해서 신경과적 소견을 주셔서 ㅇㅅ병원 응급실 내원 씨티 촬영도 했고 설마라는 마음을 가지고 치과도 방문했지만 치과 선생님도 이상없음 소견을 주셨습니다. 물론 내과도 방문 대상포진이 아니라는 소견도 받았구요.

계속 병원에서 처방해 준 진통제를 드시지만 간헐적 통증은 계속됩니다.

다담주에는 안과 전문의 (성형 및 눈질환)를 찾아뵈려고 하고ㅠ있는데 정말 답답하네요.

지금은 테라마이신을 제가 임의로 발라 드리고 있는 중입니다

혹시 안과 전문의분 계시면 도움 부탁드립니다

참고로 엄마는 눈꼽이 나는 주의가 딱딱하게 굳었고 붉게 변했으면 통증이 심하면 아랫눈두덩이도 붓는 증상이 계속 됩니다.

미리 감사드립니다",C9,C8,tri_llm_consensus
T-1551,2023,안과,암슬러 격자 몇초를 보는건가요?,"바로 봤을땐 안휘어지는데요

안깜빡이고 오래(10초정도)보면 치즈처럼 쭉 늘어져요

깜빡이면 다시 원상태로 복귀되구요

황반변성은 처음부터 휘어보이는건가요?",C2,,review_pool_R1_v5b
T-1552,2023,안과,황반변성 질문이요.,"저희 할머니께서 황반 변성 판정을 받으셨는데 진행이

이미 많이 되었다고 하더라고요.ㅠ

황반 변성이 뭔가요?

수술하면 금방 낫나요?",C1,C3,tri_llm_consensus
T-1553,2023,안과,당뇨망막병증 황반변성이 같이 오는 질환인가요?,"선생님이 당뇨이야기는 하시는데

황반변성 이야기는 안하셔서 궁금합니다",C1,,tri_llm_consensus
T-1554,2023,안과,황반변성 질문 (내공 100),"제가 황반변성인거 같아서 평일에 안과 가볼려고 하는데 일단 찾아보니까 주사 맞거나 수술하거나 그런식으로 치료 하는거 같은데 주사를 눈에 맞는다고 하던데 의식이 있는 상태에서 맞는건가요?

그리고 인터넷에 있는 황반변성 테스트 치면 나오는 격자무늬? 표 같은거 보고 하는게 있던데 그거 맞는건가요? 저희 엄마도 황반변성이 있었는데 인터넷 보니까 유전도 있다고 하던데..",C4,C4;C1,tri_llm_consensus
T-1555,2023,"안과, #안과, #휘어져보임",한쪽 눈이 무언가를 볼때 휘어져보입니다.,"오른쪽눈으로 보면 사물이나 모니터나 핸드폰화면 특히 글자가 심하게 휘어져 보입니다.

범위자체는 밥알보다 조금 작은 범위여서 처음에 잘못봤나 했지만 눈을 가려보니 확실히 오른쪽눈만 휘어보였습니다.

증상은 오늘 저녁에 갑자기 생겼습니다.

눈이 아프거나 피로하거나 그런건 없습니다. 그냥 직선 같은것이 휘어져 보이는 증상이 끝입니다.

일단 급한대로 집에 있는 안대로 오른쪽 눈을 가려놨습니다.

그리고 찾아봤는데 중심성망막염이나 황반변성이 휘어져 보인다고 했습니다.물론 다른 병일수도 있다고 생각합니다.

안양근처에 일요일에 진료하는 안과를 못 찾아서 검사할려면 월요일까지 가다려야 합니다.

지금 걱정되는것은 오른쪽눈을 안 가리고 업무를 봐도 되는지가 궁금힙니다.

급한일이 있어서 처리해야 하는데 조금 오래 모니터를 봐야되는 일이기 때문에 한쪽눈으로만 작업하기에는 너무 피로합니다. (지금 맞춤법도 맞게 쓰는지 잘모르겠습니다.)

결론적으로는 이런 증상이 있을때 눈을 가리지 않고 여기저기 봐도 괜찮은지가 궁금합니다.

오른쪽눈을 뜨고 있으면 눈이 이틀만에 심각히 악화된다거나 그런것이 걱정입니다.",C2,,review_pool_R1_v5b
T-1556,2023,보장성보험,황반변성 종신보험 보장,"안녕하세요~

황반변성 치료로 월 1회 혈관억제 주사를 맞는 경우

종신보험 수술보장 특약 1~3종이 적용되나요?",C7,,tri_llm_consensus
T-1557,2023,"건강식품, 의약외품",루테인 질문,"어디에서 들었는데 루테인은 황반변성 증상 있는사람한테만

효과 있다는 게 사실인가요??루테인 복용한지 일 년 넘었는데 그 얘기 듣고 허무해서요..",C5,,tri_llm_consensus
T-1558,2023,"컴퓨터주변기기, #시각장애, #TTS, #OCR, #시각장애인, #지식인카드, #지식인카드답변, #플레이스URL",휴대용 OCR 스캐너 + TTS 리더기 같은 제품은 없을까요?,"안녕하세요?

이리저리 검색을 해보다가 못 찾아서 질문을 남깁니다.

제가, 아니 정확히 말하자면 저희 친척 할아버님이 필요한 도구가 있습니다.

시력이 많이 나빠지셨는데 그게 단순 노안이 아니라

황반변성인가 하는 게 있어서 거의 시각장애인급이십니다.

문자나 이런 건 제일 큰 글자로 두고 아주 가까이 하셔서 겨우 보시고

중요한 일들은 할머님이 대신 봐주시고... 그렇게 생활하고는 계신데,

이게 갈수록 심해지기도 하고

아무래도 신문이나 문서 같은 걸 거의 못 보시니 너무 답답해하셔서요.

그래서 뭔가 좀 수를 생각해보고 있는 중인데요...

요즘 OCR 기술도 발전하고 TTS 기술도 발전해서

젊은 사람들이야 스캔해서 변환해서 듣고 다니기도 하고 그러던데,

연세가 있으시니 컴퓨터는 못 쓰시고(컴퓨터 자체도 없으심)

스마트폰을 활용한 것도 조금만 복잡하면 하실 수가 없으세요...

시골에 계셔서 젊은 사람들이 딱 붙어서 봐드릴 수도 없는 상황이고요.

제가 생각해보니

휴대용 스캐너 같은 걸 문서에 갖다대면 자동으로 OCR 변환해서

소리로 쏴주는 기계 같은 게 있을 법도 한 거 같은데

아무리 검색을 해봐도 컴퓨터랑 연결해서 쓰는 식 말고는 없는 거 같아서요...

혹시 별도의 기기(PC, 폰) 연결 없이 바로바로 TTS로 읽어주는

이런 제품을 알고 계신 분 있으시면 알려주시면 감사하겠습니다.

없으면 아쉬운 대로...

이런 데 쓰기 좋은, 아주아주 사용법이 간단한 어플이나 요령이 있으시면

그거라도 알려주시면 좋고요.

이 분야 잘 아시는 분들의 멋진 답변 기다리겠습니다.

읽어 주셔서 감사합니다!!!",C9,,tri_llm_consensus
T-1559,2023,"연애, 결혼",어머니 1박 우리집에서 주무신다니까...,"어머니 1박 우리집에서 주무신다니까

와이프 친정간다네요.

3년전에 어머니가 장인어른 키작다고 욕하고

동생언제죽냐고 그런적이있어요

싱크대에서 설거지하는 와이프 밀치고 침뱉고

그래서 그런지

어머니 황반변성 의심되서 검사할겸

1박 주무신다니까 친정간다네요

보내줘야할까요",C9,,tri_llm_consensus
T-1560,2023,"연애, 결혼",집이 서울삼성병원 근처라 시어머니가....,"집이 서울삼성병원 근처라 시어머니가..

제주사는데

툭하면 제 집에서 살고싶어하면 어떡하죠 ㅜㅜ

건강염려증인지

황반변성 의심된다고 검사하러 오신다는데

몇일자고가신다네요

대처방법 알려주세요

제 아빠 키작다욕하고 동생언제죽냐그러고

설거지하는데 밀치고 싱크대에 침뱉는 사람이에요

남편 외동 내과의. 아들 23개월이에요",C9,,tri_llm_consensus
T-1561,2023,"영양제, 건강보조식품, #지식인카드, #지식인카드답변, #플레이스URL",루테인 (황반변성/비문증),"안녕하세요~

안과에서 황반변성 진단을받고 6개월마다 검진을 받고있습니다

몇년전부터 루테인을 챙겨먹고 있는데요

현재는 뉴트리코어 루테인지아잔틴을 먹고있는데

검색해보니 areds2 영양제가 더 좋다는 얘기도 있어서요.

황반변성과 비문증이 더 심해지지않게 영양제를 먹으려고하는데 저한테는 뭐가 더 좋은걸까요?

그리고 루테인 고를때 지아잔틴과의 비율을 1:4 또는1:5인 제품만 골랐는데...이 비율이 좋은건 맞는건가요?

전문가분들의 답변부탁드립니다!",C5,C2,tri_llm_consensus
T-1562,2023,안과,근시성 황반변성,"근시가 아니어도 근시성 황반변성이나 범무늬 안저가 나타날 수 있나요?

의사선생님들의 답변만 부탁드립니다",C1,,tri_llm_consensus
T-1563,2023,"안과, #황반변성, #젊은층황반변성",근시성 황반변성,"근시가 없더라도 근시성 황반변성이 생길 수 있나요?

의사선생님들 답변 기다립니다",C1,,tri_llm_consensus
T-1564,2023,안과,황반변성 검사료와 치료비용 질문드립니다,대학병원 기준 비용 문의 드립니다,C7,,tri_llm_consensus
T-1565,2023,안과,실명..?,"인스타를 보다가 이런 사진을 보게되었는데..

2번째는 멀쩡하게보이는데 1번째랑 3번째가 여기서 말하는 황반변성?인 사람이 보이는것처럼 보이거든요..? 이거 원래 이렇게 보이는건가요 아님 제가 진짜 황반변성인가요?",C2,C2,review_pool_R1_v5b
T-1566,2023,"건강식품, 의약외품",필수 영양제 추천부탁드립니다.,"안녕하세요~

70대 남성 현재 고혈압,고지혈증,황반변성 진단 받아

위에 약들과 뇌영양제 처방 받아서 복용중이고

따로 덴프x 유산균 ,아로나x 실버,루테인,

콘드로이친,인사돌 아침 저녁에 나눠 복용하고 있습니다.

먹는 약이 많아서 간기능이 떨어진것인지 아니면 면역력이

약해진것인지 최근들어 감기 및 몸살을 자주 앓고 있는데

따로 먹는 약들을 줄여야 좋을지..줄여야한다면 꼭 먹어야 되는 필수 영양제 추천도 부탁드립니다.",C5,C9,tri_llm_consensus
T-1567,2023,안과,황반변성 질문,저희 어머니가 이제 59세이신데 황반변성이 있다고 안과에서 진단받고 앞으로 정기적으로 지켜보자고 하셨거든요 증상은 전혀 없고 안과에서도 심한 건 아니라는데 그냥 지켜보면 되는 건가요? 많이 안 좋은 걸까요?,C6,C2,tri_llm_consensus
T-1568,2023,"안과, #황반변성, #눈건강, #시력건강, #시력저하, #안과검사",건성 황반변성 질문,건성 황반변성 진단을 받았을 경우 꾸준히 검사받고 관리하면 나아지거나 멈출 수 있는 건가요?,C6,C3,tri_llm_consensus
T-1569,2023,안과,황반변성 산정특례,"오늘 저희 아빠가 습성황반변성 진단을 받으셨습니다.

검사 및 주사 치료 1회까지 마쳤는데요,

이 질병은 산정특례적용이 되며 주사 3회는 의무로 맞아야 한다고 하더라고요.

질문입니다.

1. 지방병원이여서, 서울 병원도 가보려고 합니다. 그런데 이미 1회 주사를 맞아서요. 산정특례 작용되는 의무 주사 3회중 남은 2회 주사는 다른 병원에서 맞아도 되는거겠지요?

2. 아니면 옮긴 병원에서 다시 산정특례 신청을 해야 하나요?",C7,C8,tri_llm_consensus
T-1570,2023,건강에좋은음식,황반변성 예방,제가 한 2주에서 1주에한번씩 케일 당근 양배추 셀러리 사과 복숭아 미나리 등을 즙짜서 마시는데 황반변성 예방에 도움이될까요?,C5,,tri_llm_consensus
T-1571,2023,"동물의료상담, #황반병성, #황반하출혈",황반하출혈,"70대 후반 어머니시고 평소 고혈압. 고지혈. 당약 복용 중이십니다

그런데 일년반정도 된것 같은데 검은물체가 없는데 보이고  근래에는 티비화면에

검은 구름같은것들이 보여서 안과진료 황반하출혈 (좌안) 대학병원 소견서 받았습니다

현 일차병원 의사선생님께선 주사치료 할수 있을것 같다고 합니다.

질문1- 어머니께서 한쪽눈이 위와 같은 현상이 있습니다. 계속 그러는것은 아니고 가끔씩

그런데 근래에 보행중 한쪽으로 쏠리는 느낌, 또한번은 앞으로 넘어질뻔 하셨다해서

뇌졸증 뇌출혈이 걱정되는데요  황반하출혈이 뇌와 관련도 있을까요??

안과검사로 뇌쪽에서 출혈이 된건지 안과적인 문제인건지 진단되나요?

2- 눈에 주사치료가 출혈을 멈추게 하는거라는데 현재 드시는 고지혈증약은 혈전을 용해해주는것인데

치료에 영향이 없을까요??

3-  안과전문병원 진료 예약받고 대기중인데 그전에 뇌관련 MRI 받아봐도 될까요??

일차병원 진단명은  황반변성 (삼출성)     황반하출혈 (좌안 )  입니다",C9,C4;C6,tri_llm_consensus
T-1572,2023,"주사, 약물 요법, #검색질문, #통합검색궁금증, #통합검색질문하기",황반변성 주사맞는데 멀어서 가까운데로...,황반변성 주사맞는데 멀어서 가까운데로 옴기려면 무엇이 필요한지요,C8,,tri_llm_consensus
T-1573,2023,"안과, #황반변성",황반변성 가스주입수술 관련(내공100),"안녕하세요.

황반변성 가스주입수술 관련해서 질문드립니다.

금일 오전에 아버지가 눈에 이상한 점이 보인다고 하셔서 안과에 가셔서 습성환반변성 진단 받으시고 급하게 가스 주입수술을 받았는데요.

병원에서 오늘 수술 후 2시간 뒤 부터 앞으로 엎드린 자세(눈이 밑을 보게)로 5일 정도 있어야 된다고 하더라구요.

Q1. 혹시 엎드린 자세로 스마트폰 보는 것은 상관없나요?

Q2. 황반변성 관련해서 먹으면 좋은 음식이 뭐가 있을까요?

이상입니다.",C9,C3;C5,tri_llm_consensus
T-1574,2023,안과,눈 포도막염 망막부종 병명,"안녕하세요

친한 동생이 포도막염 황반부종 아니면 황반변성 있다는데

완치할수 병인가요?

눈알에 주사도 맞고 하는데

그리고 서울 괜찮은 병원좀 추천해주세요",C8,C8;C4,tri_llm_consensus
T-1575,2023,"안과, #황반변성, #황반변성치료, #황반변성자가진단",황반변성자가진단 할 수 있나요? (강남  40대중반/남 황반변성),"큰아버지가 황반변성으로 수술하시고, 아버지도 얼마 전에 황반변성 진단을 받으셨는데 다행히 초기라 수술까지는 안하신다고 하시더라구요. 아무래도 유전력이 있는거 같아서 걱정이라 병원에 갔더니 현재는 괜찮고 아직 걱정할 나이는 아니지만 정기적으로 안과 검진을 하라고 하시더라구요. 물론 정기적으로 검사를 받긴 할 껀데 평소에 황반변성자가진단을 할 수 있는 방법이 있을까요?",C2,C1,tri_llm_consensus
T-1576,2023,"안과, #검색질문, #통합검색궁금증, #통합검색질문하기",황반변성 치료 병원,"광주에서 황반변성으로 안내주사 치료를

받다가 수도권으로 자리를 옮기게 되었습니다.

보건복지부 지정 (보험이 적용되는)

황반변성 치료 안과를 알고싶습니다.

대학병원은 토욜 진료가 없어 망설이고

있습니다.",C8,C7,tri_llm_consensus
T-1577,2023,"안과, #황반변성, #황반, #안과, #황반변성안과",황반변성 개인 병원 다녀도 될까요?,"5년 전 쯤 습성 황반변성 진단 후 서울성모병원을 거쳐

서울대학교병원 다니고 있습니다.

초반에는 한 달에 한 번 아바스틴 주사 5-6번 맞았고,

경과가 좋아져서 점차 3개월에 한 번, 6개월에 한 번,

지금은 1년에 한 번 내원하여 추적 관리 중입니다.

그런데 대학병원 한 번 가기가 너무 힘들어서

이제는 개인 병원에서 관리하고 싶은데 괜찮을까요?

CIRRUS-6000, Optos Daytona 등 대학 병원급 장비와

주사 치료도 가능한 병원입니다.

다른 쪽 눈에도 발병할 수 있다고 하여 걱정인데,

그냥 계속 대학 병원으로 다니는 것이 좋을까요?",C8,,tri_llm_consensus
T-1578,2023,안과,황반변성과 스테로이드연고,"2년전에 황반변성진단을 받았습니다

지금은 별 이상없이 관리하며 지내고있습니다

그런데 지금 피부질환이 생겨서 스테로이드성분의

연고를 처방받았는데 발라도 되는지 걱정이됩니다

황반변성에 스테로이드연고는 바르면 안되는지 궁금합니다",C9,,tri_llm_consensus
T-1579,2023,"의약품, #기넥신에프, #하지정맥, #황반변성, #근시성맥락막신생혈관",기넥신에프 80mg 약 질문드립니다,"기넥신에프 80mg 약이 하지정맥에 도움이 될까요?

제가 근시성맥락막신생혈관 황반변성이란 병을 치료중입니다. 지인이 눈에 좋다고 기넥신 약을 준게 있는데 아직 먹지는 않았습니다. 담당 교수님께서 제 병명엔 크게 도움 안될거라고 해서요. 그러던와중에 무릎뒤쪽에 핏줄이 점점 진해지고 약간 구불거리는 부분도 조금 보이기 시작해서 하지 정맥 관련 약보다가 기넥신 글이 있길래 생각나서 질문 드립니다. 기넥신이 하지정맥 증상에 도움이 될까요?

일주일에 두세번 오래 서있거나 걷는 일을 해야합니다

그때 말고는 평소에 다리 저림이나 붓기는 없습니다",C9,,tri_llm_consensus
T-1580,2023,안과,가끔 사물을 볼때 일부 부분이 흑백처럼 보여요,황반변성이 있고 안과검진 정기적으로 받고 있는데요 요즘 가끔 멀볼 때 점점이 파편같이 흑백? 아니면 색바랜? 것 저럼보이는 부분이 있어요 놀래서 다시 보면 아닌거 같고요ㅠ 이런 경우도 있나요?,C2,,tri_llm_consensus
T-1581,2023,"안과, #황반변성, #안과",황반변성 발생 후 대처에 대해 질문드립니다,"현재 아버지께서 왼쪽 눈에 황반변성이 약 3-4개월 전 미세하게 하단부에 왔었는데 그 당시 심하지 않아서 그 다음 달까지 총 2회 주사 치료를 받으시고 마지막 검사를 5월에 받으신 후 더 이상 주사를 맞지 말고 주기적으로 검사만 해도 될 것 같다고 의사 선생님께서 말해주셔서 8월 초 검사를 앞둔 상황이었습니다.

그러나 검사를 3주 앞둔 금일 오전경 새로운 황반변성 증상이 저번보다 더 크고 선명하게 발생하여서 시력이 굴곡, 흐림 등으로 인해 많이 저하 된 상황입니다.

바로 대학 병원 응급실에 가보셨으나 별다른 처치가 불가하다고 하여 약이나 주사 치료 없이 간단한 검사만 받고 오셨습니다.

1. 오늘 갈 수 있는 병원이 없다면 당장 내일 바로 병원에 가도 크게 문제가 되지 않을까요?

2. 루테인, 지아잔틴 성분의 영양제를 먹는 게 시력 유지 및 치유 효과에 가시적인 효과가 있을까요?

3. 당장 집에서 할 수 있는 처치법이 뭐가 있을까요?",C6,C2;C8,tri_llm_consensus
T-1582,2023,"건강식품, 의약외품, #황반변성, #영양제, #아미넥스코리아, #오큐실, #녹내장, #황반변성, #안과, #황반변성영양제, #황반변성치료, #황반변성약, #눈영양제, #황반변성증상",황반변성 습성 영양제,"어머니께서 황반변성 진단 받으셔셔 오큐테인3  복용 생각중인데

평소 고혈압,당,고지혈증, 우루사 드시고 계셔셔 같이 복용해도 될지요

내과 선생님과 상의하고 먹어야할까요?

노인 여성분이 드실 하루 영양 권장량에 괞찬은지 문의합니다.",C5,C9,tri_llm_consensus
T-1583,2023,안과,시야 암점 질문,"시야에 검은점이 생겼다가 사리집니다

한 3-5초 지나면 사라지고 또 다시 보이고 사라지고 반복되는데

비문증인가요 아니면 황반변성에서 나타나는 암점인가요?",C2,,review_pool_R1_v5b
T-1584,2023,안과,안질환(황반변성) 관련 질문,"안질환(황반변성) 관련해서 드루젠, 삼출물 이라는 용어가 보이는데 이 둘의 차이점을 알려주세요",C1,C1,tri_llm_consensus
T-1585,2023,안과,황반변성 fag,oct말고 fag로도 황반변성을 알수있나요?,C2,,tri_llm_consensus
T-1586,2023,안과,황반변성 형광안저혈관조영술 (FAG),"질문과 관련없는 답변이 달려 다시 질문합니다. 양해부탁드립니다ㅠ

황반변성 하면 oct (빛간섭단층촬영?)이 많이 나오던데, oct없이 fag(+광각안저촬영)으로도 초기 황반변성 진단이 가능할까요?

시야 일그러짐이 황반변성 말고 어떤 질환으로 가능한지도 궁금합니다.",C2,,tri_llm_consensus
T-1587,2023,"안과, #오큐실, #아미넥스코리아, #황반변성, #스마트스토어, #네이버페이, #쿠팡, #11번가, #안과, #눈건강, #눈영양제",황반변성 망막주사,"황반변성 때문에 망막주사를 맞았는데요.

질문이 두 가지가 있습니다.

1. 망막주사 효과는 언제부터 나타나나요?

2. 주서 후 검은색 점 같은 것이 날아다니는데 원래 이런 건가요?",C4,C9,tri_llm_consensus
T-1588,2023,안과,블루베리 눈건강,"유튜브 영상중에 어떤 티비프로그램에 나온 사람이 블루베리가 단순당 성분이 많은데 미국에서 사람들에게 단순당이 많은 과일을 먹였더니 황반변성 발생 확률이 40퍼센트 증가했다는 연구결과가 있기때문에 블루베리가 눈에 안좋다는 내용이었습니다

블루베리가 눈에 좋은걸로 많이 알려져있는데 위의 내용이 신뢰성이 있는지 궁금합니다. 안과의사분들께서 답변해주시면 좋겠어요",C5,C1,tri_llm_consensus
T-1589,2023,안과,망막세포변성증(황반변성)질문,"아빠가 망막세포변성증(황반변성)이있으신데

몇일전부터 눈알이빠질것처럼아프고 뒷골이땡기신다는데 이거실명전조증상인가요 ?

실명일까봐불안해요",C6,,tri_llm_consensus
T-1590,2023,"주사, 약물 요법, #오큐실, #아미넥스코리아, #아미넥스건강TV, #황반변성, #녹내장, #안과, #눈영양제, #쿠팡, #11번가, #스마트스토어",황반변성인데 콜레올로지컷 먹어도 되나요?,"안녕하세요.

아버지께서 중심성 장랙성 맥락막병증, 황반변성으로 아일리아 주사 맞고 계신데 (주사 간격 늘려서 맞는 치료중)

살을 빼주는 보조제를 드시고 싶다고 하셔서요.

콜레올로지컷 성분 중 카테킨, 홍경천, 히비스커스, 알로에베라, 계피, 핑거루트 중 문제가 될 성분이 있을까요??

아니면 다이어트 유산균을 사드릴까요",C9,C4,tri_llm_consensus
T-1591,2023,안과,황반변성 맨올로지컷 먹어도 될까요?,"안녕하세요.

아버지께서 중심성 장액성 맥락막병증, 황반변성으로 아일리아 주사 맞고 계신데 (주사 간격 늘려서 치료중)

살을 빼주는 보조제를 드시고 싶다고 하셔서요.

콜레올로지컷 맨올로지컷 성분 중 BCAA, L아르기닌, L카르니틴, 마카, 키토산, 강황 중 문제가 될 성분이 있을까요??

아니면 다이어트 유산균을 사드릴까요",C9,C4,tri_llm_consensus
T-1592,2023,"안과, #황반변성, #아미넥스코리아, #오큐실, #황반변성, #녹내장, #눈영양제, #황반변성전문, #황반변성치료, #황반변성증상, #스마트스토어, #11번가",황반변성 반대쪽 눈에도 전염되나요?,"최근 저의 아는 사람이 황반변성에 걸렸다고 하는데, 한 쪽 눈만 이상하다고 합니다. 최근 한 쪽 눈에 주사를 맞기는 했는데, 혹시 반대쪽 눈에도 이상이 생길 수 있을까요? 또 치료 주사나 약을 꾸준히 복용하면 악화 되거나 실명이 되지 않을까요? 걱정됩니다. 정성있는 답변을  기다립니다.",C6,C1,tri_llm_consensus
T-1593,2023,"안과, #황반변성, #치료, #아미넥스코리아, #오큐실, #황반변성, #녹내장, #스마트스토어, #쿠팡, #11번가, #눈영양제, #습성황반변성, #황반변성치료",황반변성 실명 후 치료,"저희 할머니가 황반변성이 있으신데 상태가 많이 안 좋으신 것 같아요. 이미 한쪽 눈은 실명 되셨고 다른 한쪽 눈도 진행중이라 장애인 판정까지 받으셨는데, 며칠 전에 원래 다니던 안과에서 상태가 많이 안 좋으니 다른 병원가서 검진을 받아보라고 하셨대요. 건성 황반변성인지 습성 황반변성인지는 모르겠는데, 이미 눈이 안 보이시는 걸 보면 어느 쪽이든 좋은 상태는 아니신 것 같은데 부모님이 걱정이 많으세요. 부모님이 가장 걱정하시는 건 '더 이상 의학적으로 할 수 있는 치료가 없다'는 말인데, 이미 병이 진행되었다면 어떻게든 병을 늦출 방법이 없는 건가요?",C3,C3,tri_llm_consensus
T-1594,2023,한국드라마,황반변성 증상이 있다가 2-30분 후에 증상이 사라질 수 있나요?,"이틀 전에 동공에 뭐가 씌인 것처럼

일정부분이 동그란 모양으로 흐려보였어요

일단 인공눈물 점안하고 눈 좀 감고 있었더니

증상 바로 사라졌고 지금까지 증상이 없는 상태입니다

찾아보니까 황반변성일 수도 있다고 해서 불안해요

만약 황반변성일 경우

이렇게 일시적으로 증상이 있다가 없어지고 반복하나요?

아님 한번 생기면 증상이 지속되는 편인가요?",C2,,review_pool_R1_v5b
T-1595,2023,"슈퍼마리오, #급해요ㅜㅜ제발요, #안과, #눈, #시력",급합니다ㅜㅜㅜㅠ 안과 전문직분들 알려스애ㅛㅜㅡㅡ,제가 카트라이더를 하다가 잠깐 시계를 봤는데 흐려보이는 거에요 그래서 고개를 들고 다시 시계를 보니까 괜찮더라고요 그리고 (밑에 사진)있는 테스트를 했는데요 무슨테스트 였나면 눈 한쪽을 가리고 점에 초점을 맞춰서 보는건데 이게 한쪽눈 가리고 30cm?떨어져서 했는데 흐릿하게 보였어요. 이거 무슨 황반변성? 그 테스트하는건데 이거 잘못되는거 아니게ㅆ죠?ㅜㅡㅜㅠ,C2,,review_pool_R1_v5b
T-1596,2023,"미용도구, #황반변성",황반변성 주사 후,황반변성으로 눈주사 후 혹시 부기가 있는사람 있을까요?눈알이 부어서 눈이 무겁게느껴집니다,C9,C4,tri_llm_consensus
T-1597,2023,신경과,사물이 두개로 보여요,"온열로 인해 두통,어지러움증으로 신경과.내과.이빈후과.안과에 다녀왔어요 신경과에서mra 찍었는데 괜찮다고 하고 내과에서는 이틀 입원해서 영양제 수액 맞았어요 그래도 증상이 나아지지않고 내과 권유로 안과에 가서 검사 했는데 황반변성이 왔는데 진행되는건지 아닌지는 지켜봐야한다고 했구 레이저치료권유와 인공눈물 안약 먹는약 주셔서 먹는데 별 차도가 없고 사물은 계속 두개로 보입니다

왜 그럴까요 참고로 50대중반 남자이고 안경착용착용 하고 있어요",C2,C3,tri_llm_consensus
T-1598,2023,"노래, 연주, #지식인카드, #지식인카드답변, #플레이스URL",황반변성일가능성이있나요?,"두달전에 글자가 휘어져보여서 안과에서 검사를받았는데 문제없다고 들었습니다

어제 새벽늦게까지 유튜브보고있었는데 또휘어져보였습니다

자고일어나니 돌아오긴했는데

이거 눈이 피곤하면 휘어져보이거나 이런건가요?

걱정입니다",C2,,tri_llm_consensus
T-1599,2023,"안과, #오큐실, #아미넥스코리아, #황반변성, #녹내장, #안과, #안과전문, #녹내장전문, #황반변성전문, #황반변성진단, #황반변성증상",황반변성 치료는 어떻게 하나요?,"아빠가 황반변성 진단을 받으셨는데

초기인지 일단 지켜보자고 했다고 합니다

아빠는 별다른 증상은 없다고 하시는데

혹시 치료를 안 받아도 되는 걸까요?

심해지면 받으면 되는 건지 알고 싶어요

그리고 치료받으면 어떤 치료를 받는 걸까요?

미리 감사드립니다.",C3,C6,tri_llm_consensus
T-1600,2023,미용도구,석계역 안과 질문있어요,"석계역 안과 중에서 황반변성 케어가능한 안과 있나요?

최근에 이사 왔는데 가족중에서 관리 받으셔야 하는 분이 있어서요",C8,,tri_llm_consensus
T-1601,2023,"건강식품, 의약외품, #황반변성, #눈영양제, #눈영양제추천, #눈영양제질문, #황반변성영양제, #오큐실, #아미넥스코리아, #황반변성, #녹내장, #황반변성환자, #녹내장환자, #쿠팡, #11번가, #스마트스토어, #안과",영양제 질문(황반변성),"안과에서 추천한 영양제가 있습니다.

병원근처 약국에서 구매해서 복용 중인데

다먹고 비슷한제품으로 인터넷으로 구매한건데

같은제품인가요?

좌 : 약국 구매

우 : 인터넷 구매

그리고 약국에서 구매한 것과 같은 제품판매처 아시면 알려주시면 감사드리겠습니다.

(기능이 더 좋은 제품이 있다면 추천 부탁드려요)",C5,,tri_llm_consensus
T-1602,2023,안과,황반 변성 암점은 고정되어 있나요??,"황반 변성은 추체세포 손상으로 인해 일어나는 걸로 알고 있습니다. 황반 변성으로 인해 추시, 추적, 주사로 시야를 보는 것이 아니라 중심 외 보기 방봅으로 봐야 하는데 황반 변성으로 인해 생긴 암점은 고정되어 있나요? 아니면 안구를 굴릴 때 따라 움직이나요??",C2,,tri_llm_consensus
T-1603,2023,미용도구,회기역 안과 망막 진료는 어디로 가야할까요?,"아버지가 황반변성이 있으셔서 꾸준히 안과 다니면서

관리를 받으셔야 하는데요

회기역 안과 중에서 망막전문의 실력이 있는 분이 있는데가

있을까요?

아니면 차로 30~40분 이내로 이동 가능한곳 중에서 잘보는데

있을까요?",C8,,tri_llm_consensus
T-1604,2023,안과,항암치료 기간 중에  안검하수 수술을 해도 되나요,"40년생( 83) 어머니가 방광암 4기로 항암치료를 받아야 하는데

심한 황반변성을 앓고 계시고 눈커플이 심하게 쳐저서 안검하수 수술을 앞두고

있으세요. 당장 항암지료를 받을 경우 안검하수 수술을 해도 되는지

항암주사를 맞고 부작용으로 수술에 문제가 없을지 알려주세요",C9,,tri_llm_consensus
T-1605,2023,건강상담,실명 위험이 높은 안 질환 예방할 수 있는 방법요,"실명 위험이 높은 안 질환으로 알려진 녹내장,

당뇨망막병증, 황반변성을 예방할 수 있는 방법 뭐가 있나요?",C5,,tri_llm_consensus
T-1606,2023,"선글라스, 안경, #자외선차단선글라스, #황반변성용, #선글라스",자외선 차단 선글라스,"황반변성에 선글라스  UV400 정도면 자외선 차단은 잘되는거죠?

렌즈색상은 어두울수록 좋나요 아니면 옅은색으로 가야하나요?",C5,,tri_llm_consensus
T-1607,2023,"안과, #황반변성재발방지, #오큐실, #아미넥스코리아, #황반변성, #습성황반변성, #녹내장, #11번가, #스마트스토어, #네이버페이, #안과, #황반변성주사",황반변성 습성으로 2년간 재발 않다가 다시 재발해서 치료했는데 한달만에 다시 재발했습니다.,황반변성 습성으로 주사 연속 3번 맞고 치료 되서 2년 간 재발 않다가 최근 다시 재발해 또 주사 3번 맞고 치료됐는데 한달만에 다시 망막에 물이 생겨 재발했습니다. 어떡해야 재발이 안되거나 늦추질까요?,C6,C4,tri_llm_consensus
T-1608,2023,"안과, #트립토판부작용, #안과질환, #황반변성",황반변성 증상이 있는데 트립토판을 먹어도 되나요?,"L-트립토판 부작용중에

흐릿한 시야 또는 흐린 시력이 있는데요

제가 황반변성 증상이 있어 1년에 1번씩

검진을 받고 있는데

복용해도 괜찮을까요?

검진 받았던 안과에서는

황반변성 치료에 대한

특별한 약 처방은 없었고요

3개원에서 6개월

6개월에서 1년으로

검진기간이 변경되었습니다.

혹시

부작용이 있을까봐 걱정이 되네요

명확한 답변을 부탁드립니다.",C9,,tri_llm_consensus
T-1609,2023,안과,황반변성때문에 눈에 주사 8번 맞았는...,황반변성때문에 눈에 주사 8번 맞았는데 아무일도 없었어요 이번에 계속봐주던 의사가 출장가서 다른의사가 주사 맞았는데 이튼날 아침에 눈밑에 피가 가득차였어요 그래서 다시병원가서 검사했는데 의사말로는 주사맞을때 눈안의 모세혈관을 건더려서 피난거래요..이건 의료사고인가요?,C9,C4,tri_llm_consensus
T-1610,2023,의약외품,도베셀정과 칼슘마그네슘 복용량,"습성황반변성으로 도베셀정 500mg 1일 1회 섭취중입니다.

여기에 칼슘 314mg, 마그네슘 282mg 추가 섭취해도 문제없을까요?

하루최대 칼슘마그네슘 복용량이 얼마정도일까요?",C9,C5,review_pool_R1_v5b
T-1611,2023,안과,안과의 Angi OCT와 눈번쩍하는 OCT는 차이가 큰가요??,"좌우 위아래 스캔?마냥 움직이는 angi Oct랑

한번에 번쩍하고 한번씩 찍는 OCT의 차이가 궁금합니다.

안과에선 좌우 위아래 스캔하듯 찍는 ANGI도 황반변성 검사가 된다는데 맥락막과 망막 이런거 다 나오는건가요?? 안지로는 처음 찍어봐서요",C2,,tri_llm_consensus
T-1612,2023,안과,황반변성인데 동맥초음파를해보라고합니다...,황반변성인데 동맥초음파를해보라고합니다 습성이라고요,C2,,tri_llm_consensus
T-1613,2023,"한방 안과, 이비인후과",노인인데 어지럽고 헛것이보여요,"저의 아버지가 연세가 80세이십니다. 파키슨병을 앓고계신지가 6~7년 정도 되셨고 눈에 황반변성이 있으셔서 앞이 잘안보이시고 귀도 어두우셔서 잘 들리지 않으십니다. 이런 와중에도 농사를 지으셨는데 최근 몇달 전부터 자꾸 어지럽다하시고 지금은 앉아서도 심히 어지럽다하십니다.그래서 아무일도 못하시고현재 일주일정도 누워만계십니다.

그리고 눈앞에 헛것이 자꾸보인다고히십니다.

일개 군대가 보이기도 하고 낯선사람들이 많이 보이고 어떤때는 낯선사람이 아버지더러 농약 먹었다고해서 먹지도 않은 농약을 뱉어낸다고 한밤중에 난리를 친적도 있습니다.긴얘기 다적지는 못하고~~ㅜ 왜 이런현상이 생길까요?병원은 어디를 가야할까요?",C9,,tri_llm_consensus
T-1614,2023,"안과, #검색질문, #통합검색궁금증, #통합검색질문하기",황반변성 아바스틴 맞고 열흘후 다른곳 재발,"저번주 월욜에 왼쪽눈 눈중심은 아니고

미간쪽에 암점이 있어서

2차로 주사치료 받았는데요

아바스틴 임

근데 열흘후 다른곳 왼쪽눈 오른쪽방향 코쪽으로

암점이 생겼습니다

제가 알기론 주사를 또 맞을순없고

한달 기다려야 하는거 알고있거든요

맞나요?

중심부는 아니지만 일단 이주는 기다려야하는데ㅠㅠ

상관없을까요?

너무 걱정됩니다",C4,C6,tri_llm_consensus
T-1615,2023,안과,저의눈은20년전망막수술과10년전오른쪽,"저의눈은20년전망막수술과10년전

오른쪽눈황반변성이생겨주사를맞고있는데

몇년전부터

밤에나가면발걸음딛기가자신이없고

방에불을꺼면

완전가운데가새카맣게크계보여

앞의사물이거의가검정색입니다

참. 참담합니다",C6,C4,tri_llm_consensus
T-1616,2023,"안과, #검색질문, #통합검색궁금증, #통합검색질문하기, #지식인카드, #지식인카드답변, #플레이스URL",황반변성 증상...,"황반변성 증상

건성드루젠이라고합니다 ㅠㅠ

아침에 일어나면 눈이 따가워요

눈물이 날때도 눈이 따가워요",C2,,tri_llm_consensus
T-1617,2023,안과,눈이 잘 안보였다,"그 제가 이상한 황반변성 같은 증상에 특정 부분이 잘 안보이고 이상하게 보이거나 그랬는데 지금은 괜찮은데

이거 병원 가봐야 하나요?",C2,,review_pool_R1_v5b
T-1618,2023,"안과, #오큐실, #아미넥스코리아, #녹내장, #황반변성, #안과, #루센티스, #눈주사, #눈영양제, #루테인, #오큐테인",황반변성 주사치료후,"오늘 대학병원에서 황반변성 주사치료후

눈에 이물감이 심한데 어찌해야 하나요?",C9,C4,tri_llm_consensus
T-1619,2023,"안과, #황반, #황반변성",황반변성에 대해,"제가 작년에 왼쪽 눈이 시력이 안 좋아서 안보이는게 아니라 뭔가 어두운 그림자라고 해야되나?? 눈 감우면 앞이 안 보이지만 완전 쌩검정으로 안 보이고 약간 좀 문양?? 뭐가 보인더고 해야하나 암튼 그렇잖어요 그게 왼쪽 눈에서 그래서 작은 병원에 갔다가 원인을 모르겠대서 큰 병원에 가봤는데 황반에 어떤 문제가 생겼더고 하더라구요.

이게 유전이라서 어떻게 할 순 없다고 허셔서 엄마가 엄청 우셨던 기억이 나는데요 ㅜㅜ

근데 또 요 근래에 더 심해진 거에요.. 이 무슨 그림자같은게 범위가 더 커져서 왼쪽 눈을 자연스레 감고 오룬쪽 눈으로만 가끔 보다가 거울을 봤는데 왼쪽 눈동자가 약간 왼쪽으로 쏠린 듯한..? 느낌이 드는 거에요..ㅠㅠㅠㅠ 원래는 두 눈이 정면을 응시하고 있어야 정상이잖아요. 갑자기 안 좋아지니까 무섭고 이러다가 실명 올까봐 진짜 너무 무서워요..

무슨 예방법이 있나요? 유전이라고 해서 병원을 또 가도 딱히 뭐 안 해주실 것 같은데..",C5,C6;C1,tri_llm_consensus
T-1620,2023,안과,시력 잃은 눈 통증,"저희 할아버지께서 한쪽 눈 시력을 잃으셨는데 시력을 잃은 눈에 진동이 울리는 것 같이 아파 한숨도 못 주무셨다고 해요 지금이 새벽 4시라 혹시 대처 방법이나 의심 가는 질병 좀 알려주세요

특이사항 : 황반 변성으로 나머지 눈도 안 좋으심, 어제 결막염으로 눈이 많이 부어 주사 및 안약 처방받으심

너무 소중한 가족입니다. 도와주세요",C9,,tri_llm_consensus
T-1621,2023,"인체건강상식, #눈앞이캄캄, #갑자기, #증상, #전조증상",갑자기 눈 앞이 캄캄해졌던 증상..이 있어요(약1-3초.),"60대 남자이고

젊었을 때 술담배를 많이하고

부모님이 다 당뇨이시기도 해서 그런지

당뇨 30년째입니다..

술담배 끊은지는 20년 되갑니다

합병증으로 황반변성이 있어 짧게는 한달에 한 번,길게는 세달에 한 번 눈에 주사를 맞고 있고. 혈압은 정상입니다.

오늘 특이한 경험을 해서요.

오전에 친구들과 차를 마시다가 웃긴얘기가 나와서

웃는데 갑자기 정신이 멍해지더니 눈 앞이 캄캄해졌습니다

약2초 정도요..

그런데

오후에 집사람과 얘기하던 중 웃다가 똑같이

갑자기 정신이 멍해지더니 눈 앞이 캄캄해지더라구요.

약 2초 내외로요..

이게 무슨

전조증상일가 두려워 올려봅니다..

전에 날파리가 눈 앞에 왓다갓다해서 병원가보니

백내장,황반변성인 걸 알았어서 좀 걱정이 되네요..",C9,C4,tri_llm_consensus
T-1622,2023,"성인영양, #루테인, #눈영양제, #안과",황반변성 초기라 예방으로 약 마쿠가드&빌베리 징코 아이브라이트 같이 복용해도되나요?,"격일로 해서 먹을까하는데

괜찮을까요?

고혈압이나 당뇨는 없습니다.",C5,,tri_llm_consensus
T-1623,2023,안과,백내장 잘보이는 빛,"27 청년입니다 외할머니가 최근에 밖에 있는 화장실을 갔다가

오시면서 넘어지셔서 크게 다치셨는데요 할머니가 한쪽눈은 황반변성 다른눈은 백내장 이셔서 잘 안보이셔요 밤에 이런 일이 생겼다하셔서

실내 화장실 쓰시면 참 좋지만 밖이 편하다 하셔서요..

밖에 넘어져도 덜 다치게 쿠션 될만 한 것 들도 설치할거긴 한데요 바닥이나 센서등으로 할머니가 잘 볼 수 있을만한 조명좀 설치 해 드리고 싶은데 백내장에는 어떤 색 빛이 잘 보일까요 무리없이 ... 초록색이라던지요..

어떤 색 조명 가이드라인 해드려야할지 색상좀 알려주세요",C5,C5,tri_llm_consensus
T-1624,2023,안과,황반변성 발병시 일상생활 가능 범위,"안녕하세요. 50대 후반의 주부입니다.

제가 현재 황반변성 진행중인데요. 아직 습식까진 안가서 주사치료는 받지 않고 있지만  언젠가는 습식으로 갈 가능성이 크다는 진단을 받았습니다.

그 시기가 언제일지, 갑자기 올 수도 있을거라 생각하니 지금 넘 혼란스럽고, 두렵고

어찌해야 할지 밤에 잠이 오지않네요.

하나하나 정리 해야  할것만 같고  무엇을  어디까지 정리 해야할지...

주사치료 받으면  일상생활 가능 범위가 어디까지 가능할까요?

예를 들면, TV, 핸드폰, 요리, 가벼운 외출 ,걷기

이런것들 가능할까요?

그리고  주변 정리를 어디까지 하면 좋을지도  도움 말씀 주시면 감사하겠습니다.

전문가님들의  답변 부탁드립니다.",C6,C4,tri_llm_consensus
T-1625,2023,안과,황반변성 의심이 됩니다.,"우연히 작은 글씨를 읽다가, 글씨 하나가 찌그러져 보여 한쪽눈씩 가려서 보니 오른쪽눈으로 볼때 글씨가 찌그러져 보이더라구요...

찾아보니 황반변성이 의심되고 실명위험도 있다는데,,

지금 당장 응급실을 가야 될까요? 내일까지 기다리고 아침에 병원을 가봐도 될까요?",C2,,tri_llm_consensus
T-1626,2023,안과,낭성 황반변성 산정특례 가능한가요?,"19년도 쯤에 엄마가 왼쪽눈 낭성 황반변성 진단 받으셨는데

치료비용이 비싸서 이후 치료를 안하셨어요

황반변성도 종류가 여러가지이던데

산정특례 진단 받을수 있나요?

19년도 진단

(우측)상세불명의 주변부 망막변성

(양측)기타 망막혈관폐쇄

(좌측)낭성 황반변성 / <<왼쪽눈 거의 안보이십니다.

마른눈 증후군

23년도 진단

(좌측)중심성 장액성 맥락망막병증

근시

규칙난시

주변부 망막변성",C7,,tri_llm_consensus
T-1627,2023,"안과, #황반변성, #영양제, #눈, #약사",황반변성 수술 후 영양제 추천,"어머님이 한쪽 눈 황반변성 수술을 한 지는 오래 되셨습니다.

백내장 수술하고, 시간이 지난 뒤 황반변성 수술을 하시고...지금은 10년 이상이 되셧는데요

눈이 많이 안 좋아지시는것 같다고 하셔서 영양제 사드리려고 합니다.

병원은 꾸준히 다니시고 있고요

처음엔 루테인지아잔티 라는 영양제를 사드렸는데요, 일반으로는 약한것 같아서요.

아래와 같이 질문합니다.

연세는 80세이십니다.

1. 오큐클리어가 좋다고 해서 오큐클리어 사드리려고 합니다.

눈이 워낙 안좋으신 편이라 그런데 복용량을 2배로 늘려도 되나요?(하루 4알)

2.. 오큐클리어 말고 추천 부탁드립니다. 복용량도 추천해주세요.

3. 가족 중에 그런 질병이 있으면 자녀에게도 생길 가능성이 있나요?

저도 아주 어렸을때 심한 약시로 한쪽 눈 시력을 거의 잃어서요...

한쪽 눈 관리라도 잘 해야 하는 상황이라..

노화 문제도 있으시겠지만 자식 입장에서 속상합니다

감사합니다.",C5,C1,tri_llm_consensus
T-1628,2023,안과,혹시 황반변성이 같은 눈 다른부분에도 생길 수 있나요?,그냥 단순한 궁금증입니다.....,C1,,tri_llm_consensus
T-1629,2023,안과,황반변성과 일반 눈,"황반 변성이 일어나 시각장애인이 된 사람의 눈구조 사진과 일반 사람의 눈 구조사진, 그리고 그 둘의 차이점을 알려주세요.",C1,,tri_llm_consensus
T-1630,2023,안과,황반 변성 주사치료,주사 치료할때 한번만 맞고 끝나는 건가요 아니면 여러번 주사 맞나요? 만약 여러번 맞는다면 몇일에 한번씩 맞는지 알려주세요.,C4,,tri_llm_consensus
T-1631,2023,"성형외과, #단기입원, #요양병원추천, #송파, #강남",송파/강남 쪽에 단기(10일 이상) 입원할 수 있는 요양병원이 있다면 추천 부탁 드립니다.,"안녕하세요

망막황반변성 수술을 하고 나서 2주동안 엎드려서 가만히 누워 있어야 한다는 진단을 받았습니다.

대학병원이라 입원은 사흘만 가능한 상황이고 이후에는 다른 곳에 간병인과 함께 있어야 하는데,

혼자 사는 사람이라 제가 있을 수 있는 곳을 문의드립니다.

송파/강남 쪽에 단기(10일 이상) 입원할 수 있는 요양병원이 있다면 추천 부탁 드립니다.

염증에 민감한 수술이라 시설이 깔끔한 곳을 찾습니다. (금액은 문제가 되지 않겠습니다.)

감사합니다.",C8,,tri_llm_consensus
T-1632,2023,"미용도구, #황반변성, #한도병원",한도병원 황반변성 치료 받아보신분,혹시 한도병원에서 황반변성치료 받아보신분,C8,,tri_llm_consensus
T-1633,2023,안과,황반변성 망막,안녕하세요 저는 태어났을 적부터 선천적으로 황반변성 망막을 가지고 태어나서 서울대 병원 다녔었는데요 그 당시에는 완치할수없다고 수술 같은것도 없다고 들었었는데 시간이 오래 지난 요즘도 황반변성은 수술 같은거해서 완치? 할 수 있을까요??,C3,C6,tri_llm_consensus
T-1634,2023,안과,저희 할머니가 황반변성이 있으신데 방 조명을...,"제목 그대로

저희 할머니께서 황반변성이 있으신데

방 조명을 어떻게 꾸며드리는게 좋나요?

노인분들경우 LED조명이 밝은게 좋다고 하는데

황반변성의경우 또 LED가 안좋다는게 나와서..

인터넷 정보는 어디가 맞는지 잘 모르겠습니다

부디 부탁드립니다",C5,,tri_llm_consensus
T-1635,2023,"건강식품, 의약외품",루테인 과다복용 부작용 질문,"하루에 한알 먹으라는 20mg짜리 루테인 영양제

설명서를 잘못읽고 하루에 2알씩 이틀간 먹어버렸어요

어제오늘 이틀동안 총 4알 (80mg) 먹었는데ㅜㅜ

부작용에 폐암도 있고 황반변성도 있고 무섭던데 괜찮을까요?

같이 먹는 영양제로 비타민d,비타민c,마그네슘 아연이 있고

오늘 생리통이 있어서 타이레놀도 먹었는데.. 뭔가 안좋은 건 없겠죠?",C9,,tri_llm_consensus
T-1636,2023,안과,외상성 황반변성 진단코드 H35.39 관련,"안녕하세요 금번에 눈을다다쳐서 질문 제목과같이 질병이 아닌 사고로인한 황반변성 진단을받게 되었는데요 보험회사에서 해당코드는 질병관련된코드라 보험금 지급이 안된다 그래서 상해에 해당되는 코드를 병원에 문의를 해달라 가이드 받았습니다 병원 문의전 여기에 문의를 합니다 혹시 사고로 인한 황반변성 코드가 있을까요? 인터넷을 찾아봐도 H35.39 ""원인불명 황반변성"" 밖에 못찾겠더라구요",C7,,tri_llm_consensus
T-1637,2023,안과,황반변성은 보험적용이 아예 안 되나요...,"황반변성은 보험적용이 아예 안 되나요?

산정 특례 적용이 될 경우 의료보험 적용이 된다고 본거 같은데요

산정 특례는 의사마음대로 보험이 적용되고 안 되고가 결정이 되는 거 아닌가요?

의사가 특례 조건의 병명이 아니다, 변이 이므로 보험 적용이 안 되는 사례다 라고 한다면 큰 비용을 오롯이 환자가 부담을 해야하는데요..

하.. 요즘 너무 힘든데 비용이 너무 비싸서, 황반변성 걸리면 그냥 실명되라고 하는건지..

1차 약이 안 맞는다고 2차 약을 맞았는데 감당이 안 될 거 같아요

무슨 방법이 없을까요?

요즘 젊은 사람들도 걸리는 병인가 본데요, 절망적이고 슬프네요..",C7,C4,tri_llm_consensus
T-1638,2023,"신장내과, #루테인, #복막투석, #오큐비전50플러스",신장투석환자 오큐비전 50 플러스 먹어도 되나요?,"엄마가 신장이 안좋으셔서 복막투석 하시는 환자이신데요

최근에 황반변성도 진단 받으셔서 눈건강에 좋다는 루테인을 섭취 하려고 하는데요 (안과 교수님도 먹으면 좋다 하셨습니다) EPA DHA가 오메가 3라고 하던데 맞나요?

이 알약이 루테인 성분이 들어있긴하지만 사진에 보신 것 처럼 다른 영양소는 신장에 무리없는지 궁금해서 확인하고 구매해서 섭취 하려고 합니다! 먹어도 될까요?? 신장과 교수님도 루테인은 먹어도 된다고 하시긴 하셨습니다",C5,C9,tri_llm_consensus
T-1639,2023,안과,황반변성 수술이 가능해졌나요?,"황반변성이 젊은 사람들도 걸리는거 같은데요.

의학이 발달하면서 수술도 가능해졌다라는 글을 본적이 있는데 사실인가요?

현재 2023년에 황반변성 수술이 가능한지 알고 싶어요.

약물치료가 아닌 수술이요.

만약 수술이 된다면 비용은 얼마나 들어가는지도 알고 싶어요.",C3,C7,tri_llm_consensus
T-1640,2023,안과,황반변성 수술이 가능해졌나요?,"황반변성이 젊은 사람들도 걸리는거 같은데요.

의학이 발달하면서 수술도 가능해졌다라는 글을 본적이 있는데 사실인가요?

현재 2023년에 황반변성이 수술이 가능한지 알고 싶어요.

약물치료가 아닌 수술이요.

만약 수술이 된다면 비용은 얼마나 들어가는지도 알고 싶어요.

전문의 답변을 받았지만 질문과는 맞지 않는 답변으로 다시 질문올려요.

수술이 가능해졌는지 꼭 알고 싶어요.

전문의와 상담해야 한다는 답변은 사양할게요.",C3,C7,tri_llm_consensus
T-1641,2023,안과,황반변성에 대해서  질문합니다,황반변성 초기 증상은 어떤지요? 또 안과에서 황반변성미 아닌데 황반변성으로 오진하는 경우도 있나요?,C2,C1,tri_llm_consensus
T-1642,2023,"안과, #황반변성",어머니께서 올해중순부터 안과에서 황반...,"어머니께서 올해중순부터 안과에서 황반변성 진단을 받으셨는데요 최근엔 한쪽 눈에 물이 찼다고 합니다.. 눈에 주사를 맞고 계시는데 어머니께선 이게 실명을 미루는거라고 하셨어요..

황반변성이 정확히 어떤 질환인가요?

주사가 실명을 미루는게 맞나요?

완치가 거의 불가능한걸로 알고 있는데 치료법이 있을까요..?",C1,C4;C3,tri_llm_consensus
T-1643,2023,"안과, #황반변성",황반변성질문,혈압이터셔서 실명이면 치료방법은 전혀없는건가요,C3,,tri_llm_consensus
T-1644,2023,안과,황반변성 초기에서 중기 가는데 시간 얼마 걸리나요?,"개인마다 차이가 있을거 같지만

평균적으로 초기에서 중기가 되는데 얼마의 시간이 걸리나요?",C6,,tri_llm_consensus
T-1645,2023,안과,황반변성과 황반원공의 차이는 뭔가요?,"무슨 차이인지 궁굼합니다

그리고 한쪽눈에 황반변성이 오면 다른쪽에도 시간차를 두고 반드시 황반변성이 오나요?",C1,C6,tri_llm_consensus
T-1646,2023,"약 효능, 성분, #비뇨기과",윕스정 10mg처방 받았습니다,제목처럼 윕스정10mg 처방을 받았습니다 여기서 궁금한게 두가지가 있는데 제가 눈에 황반변성? 이있다고 들었는데 복용해도 지장이 있을까요?? 그리고 루테인약을 복용중인데 같이 벅용해도 되나요?? 광고 답글은 정중히 사양하겠습니다. 전문적인 답변 기다리도록 하겠습니다!,C9,C5,tri_llm_consensus
T-1647,2023,안과,안약 사용법 궁금합니다,"눈이 건조하고 평소에 자주 침침해지고 피로해저서 구매했는데.

이 제품 잘아시는분 답변 부탁드립니다.

ㅍ쿠팡에서 구매했는데 판매처가 없어져서 사용법을 모르겠습니다.

상품 제목에는 황반변성 눈영양제,백내장눈 영양제 라고 적혀 있긴한데. 둘다 해당되야만 이거 사용할수있는건가요?",C9,C5,tri_llm_consensus
T-1648,2023,미용도구,황반변성 정기검진주기,"약 3년전 안경점에서 도수 확인중 선이 굴곡되게보여 환반변성이 의심되니 안과에 내원하여 확인해보라고 하여  확인결과  황반변성이라는 진단이 나왓음니다.

이로인해 2개월에 1회씩 계속 점검 하여 진행 상태를 보자고 하여 현재 까지 확인 하고 있음니다

현재까지는 변화가 없다고 진단 되고 있음니다

2개월에 1회씩 안과 방문이 비용부담도 있고 이와같이 자주 확인 해야 되는 것인지 의문이 감니다

어차피 진행되면 주사치료를 할것인데 무엇을 보자고 기다리는 것인지 모르겟음니다

격자 로도 진행 상태를 알수 있을텐데 몇일 주사치료가 늦는다고 문제가 될것인지 알고 싶음니다",C6,C2,tri_llm_consensus
T-1649,2023,안과,백내장과 황반변성에 관하여 문의,"백내장 검사를 하면 황반변성

이 있는지 어느 정도 알 수도

있나요?",C2,,tri_llm_consensus
T-1650,2023,안과,황반변성 루테인추처ㆍ,"안녕하세요~ 몇일을 찾아보다 전문가분들의 도움을 받아야 할 것 같아

질문을 남깁니다

남편이 망막장애 ,황반변성이라 이번달 21.27일검사를앞두고 있는데요(유전 검사는 하고결과 기다리는중)

루테인이 황반변성 의진행을25프로 더디게 한다고 하더라구요

증상에따라 알맞는 루테인이 있지않을까..이리저리찾아봐도

다좋다고만 하니 어떤성분을 봐야하는지 도 모르겠네요

제품 추천부탁 드립니다",C5,,tri_llm_consensus
T-1651,2023,"건강상담, #노안, #노안수술, #잠실안과, #송파구안과, #지식인카드, #지식인카드답변, #플레이스URL",노안 치료법,"엄마가 노안인데 검게도 보이고 멀리 보이는 것이 흔들거리게 보이고 침침하고 안 보인데요~

올 봄에 종합병원에서 검사할 때는 조금 황반변성 증상 있는 것 외에는 저상이였어요~

병원 처방약이랑 루테인 지아쟌틴 오메가쓰리 드시고 계세요~

왜 그러스는지~ 치료법은 어떤게 있는지 궁금해요~~",C3,C2;C5,tri_llm_consensus
T-1652,2023,안과,한쪽에 황반변성이 오면 반대편 눈에도 발병하나요?,"한쪽눈에 황반변성 증상이 나타나면

다른쪽눈에도 증상이 나타날 확률이 높나요?",C6,,tri_llm_consensus
T-1653,2023,안과,"황반변성 증상이 나타났는데요,","그저께 부터 오른쪽 눈만 암슬러 격자를 보면 선이 휘어 보이는데요,

병원에 가니까 아주 약간의 황반 변성은 있지만, 5년전 부터 찍은 사진들과 비교해서는

황반변성 크기가 커지거나 한게 없다고 합니다.

그러면 이게 피로누적으로 인한 일시적인 현상일수도 있는건가요??

5년전에도 아주 조그만하게 황반변성이 있었는데, 이게 갑자기 증상이 발현 될수도 있는건가요?",C2,,tri_llm_consensus
T-1654,2023,안과,목디스크와 황반변성 관련성이 있나요??,목디스크와 황반변성 관련성이 있는지 궁금합니다.,C1,,tri_llm_consensus
T-1655,2023,"안과, #양안시이상, #초점문제, #시각기능, #시각기능문제, #포커싱장애, #비전테라피, #한국시지각센터",황반변성이 없는데도 선이나 글씨가 휘어져 보일수 있나요,"갑자기 선이나 글씨가 아주 살짝 휘어져 보이는데

병원에 가니 황반변성은 없다고 합니다.

황반변성이 없어도 이런 증상이 나타나나요???

피곤해서 그런걸까요?",C2,,tri_llm_consensus
T-1656,2023,안과,황반변성 꼭 봐주세요,"제가 해외에 거주 하고 있는데

이주뒤에 한국에 들어갑니다..

원래도 황반변성이라는 질병을 갖고 있고

눈이 뿌애서 망막 단층검사를 받아보니 그렇게 심각한건 이니지만 주사를 맞아야한다 라고 하시더라구요

근데 2주뒤에 한국에 들어가니

가서 주사를 맞으라고 하시는데

그 이주안에 더 안좋아 질일은 없겠죠?? ㅔ",C6,C4,tri_llm_consensus
T-1657,2023,"외과, #뇌출혈, #뇌출혈혼수상태, #뇌출혈수술불가, #뇌출혈수습불가, #뇌출혈세미코마, #뇌출혈코마, #뇌출혈뇌사",고령자 외상 뇌출혈 서류 첨부,"저희 할머니께서 요양원에서 낙상사고로 인하여 뇌출혈이 생겼슺니다.

저희할머니는 평소에 정신은 멀쩡하시고 황반변성과 고혈압 당뇨를 앓았습니다.

낙상사고후>식사>가족과통화>의식없음 이 과정까지 한 6시간 정도 걸렸습니다.

병원 결과가 이미 뇌 80%정도 출혈이 진행되서 수술은 무의미하다고 하셨고, 세미코마라는 말을 들었습니다. 자가 호흡이 약하긴 하지만 있고 동공반응이나 ㄴ뭐 별다른 반응은 없는걸로 압니다.

외상이나 바깥에 나온 출혈같은 건 없습니다.

지금 현재 하루에 5-6번 이상 위액을 토하시고, 다리를 만지거나 발마사지를 하거나... 신체에 감각이 닿으면 다리를 움직이는 반자동적 반응을 하십니다.

희망이 없는 상태인걸 압니다.

기도 삽관한 상태고 수술도 안한상태라 팔과 머리가 붓고, 사고 이후 38도정도의 열이 나셔요.

저희는 연명치료하지않고 편하게 보내드리고 싶어서 상태만 보고있습니다.

가장중요한 질문

1. 정말 할머니가 통증이 없는게 맞나요? 위액을 너무 토해서 코를 통해 위액을 뽑고계신데 석션 하실때 표정변화는 없지만 몸 근육이 반응 하는 것 처럼 움직이싲니다.너무 걱정되요

2. 보통 얼마나 더 버텨주실까요.....뇌가 많이 출혈됬다고 하는데 수술을 하지도 않아서 그 피가 썩거나 너무 괴로워지는 건 아닌가요?.....

옆에서 지캬보는데 제가 너무 힘듭니다. 고통이 없으셨으면 좋갰어요

3. 갈때마다 할머니에게 대화를 걸고 마사지나 이런것들을 해드리는데... 혹시 이게 피를 더 돌게해서(혈액순환) 뇌출혈의 부종을 더 키우는게 아닐까 싶습니다. 돌아가시더라도 몸에 부종이나 이런것이ㅜ없고 고통없으셨으면 좋겠습니다.가장 큰바램이에요

관련 카페글이나 의사에게 질문 바란다는 답변은 정중히 거절하겠습니다. ㅈ대학병원의사와 제가 직접적으로 대화한게 없어서 너무 궁금해요....제발 관련 전문가나 비슷한 일을 겪으신분즐 대답 해주셨음 좋댔습니다.",C9,,tri_llm_consensus
T-1658,2023,의약품,황반변성 다이어트 약 복용가능여부,"눈 한쪽에 황반변성이 왔는데(엄청 심하지는 않음, 병원다님)

2~3개월정도 다이어트 약 먹어도 큰 문제가 되지않을까요?

(양약or한방)",C9,,tri_llm_consensus
T-1659,2023,"안과, #황반부종, #FAQ",황반부종이 심해지면 황반변성이 생길 수 있나요?,"황반부종 증상이 심해지면 생기는 게 황반변성인가요? 황반부종과 황반변성은 어떤 차이가 있는 질환인지, 황반부종이 황반변성에 어떤 영향을 주는지 궁금합니다.",C1,,tri_llm_consensus
T-1660,2024,"안과, #아미넥스코리아, #오큐실, #황반변성, #녹내장, #안과, #루테인, #코솝, #눈주사, #황반변성주사, #눈영양제",황반변성 주사를 맞았어요,"어제 황반변성 주사를 맞았습니다

현재 2번 째 맞고 있습니다

첫 번 째 맞았을 땐 안 아팠는데

두 번 째 (어제) 맞고 오늘 눈알이 붓는 것처럼 아프네요

원래 이런 건가요?

빠른 답변 부탁드립니다.",C9,C4,tri_llm_consensus
T-1661,2024,"안과, #황반변서",황반변성이 약간 있는데요. 증상이 없을 수도 있나요?,"최근 안과가서 ct찍어보니 황반에 변성이 있다고

하더라구요.

그런데 눈에 황반변성 증상은 없는데

증상이 안나타날수도 있는건가요?",C2,,tri_llm_consensus
T-1662,2024,안과,고도근시 녹내장 황반변성 망막박리 질문,"고도근시가있으면

녹내장,황반변성, 망막박리

셋중에 통계적으로 어느 안질환이 발병빈도가 더 높나요

의사분만!",C1,,tri_llm_consensus
T-1663,2024,"안과, #황잔변성, #오큐실, #아미넥스코리아, #쿠팡, #11번가, #녹내장, #눈영양제, #안과, #황반변성, #만성황반변성, #급성황반변성",황반변성 완치,환반변성 치료를 햐도 결국 나즁에는 실명 하나요?,C6,C3,tri_llm_consensus
T-1664,2024,"주사, 약물 요법, #황반변성, #황반변성치료, #황반변성주사치료, #안과의사분들도움",황반변성 주사...,황반변성 주사 2회차를 맞았는데 눈에 통증이 느껴지는데 타이레놀같은 진통제 먹어도될까요?,C9,C4,tri_llm_consensus
T-1665,2024,안과,황반변성 질문,위에 사진은 선들이 휘어보이고 해상도 깨진것처럼 블러처리 한듯 흐리게 보이는데 밑에는 똑바로 보이거든요 제 눈이 잘못 된건가요 위에 사진이 좀 휘어져 있는 건가요? 황반변성인건지 걱정돼서요,C2,,tri_llm_consensus
T-1666,2024,"의약품, #황반변성, #황반변성증상, #빌메루섭취법",황반변성 증상 어떻게 관리해요?(  황반변성 증상),"50대 초반/여 황반변성 증상

황반변성 증상 있을때 빌메루섭취법이 유명하던데 그 이유가 뭔가요?

황반변성 증상에 도움될만한 눈 영양제 뭐 없을까요?

저처럼 황반변성 걱정되는 사람들은 어떤 걸 먹는게 좋은지 궁금해요~

처음에는 루테인이 좋다고 해서 루테인만 먹었었는데

제가 제품을 잘못고른건지 모르겠지만 뭔가 부족해요..

알아보니 대부분 황반변성 관리를

빌메루섭취법으로 하시던데 혹시 이게 뭔가요?

자세하게 좀 알려주셨음 좋겠어요~

황반변성 증상에 도움되는게 맞는지 전문가분만 답주세요.",C5,,tri_llm_consensus
T-1667,2024,안과,황반변성 정밀검사,"좌안이 갑자기 굴절되어 보이고 왜곡되게 보여서 안과 갔더니 검사해보고 황반변성 의심된다고 의뢰서 써주시면서 대학병원가서 정밀검사 받아보라는데 대학병원은 대기와 예약 때문에 항상 곤욕스러웠던 기억이있어서 위 질환 정밀검사 받고 치료 받을만한 안과 추천 부탁드립니다.

안구 ct보니 망막인가 오른쪽은 일자로 평평한데 왼쪽눈은 굴곡져 있더라구요. 이전에 없던 증상이며 아침에 일어나서 갑자기 그랬고 건조함 시림 통증은 없습니다",C8,C2,tri_llm_consensus
T-1668,2024,안과,황반변성 증상일까요?,"갑자기 앞이 좀 뿌옇게 보여서

눈을 계속 깜박였더니 어느순간 가운데만 뿌옇게 보여요.

1시간정도 그러더니 다시 괜찮아졌습니다.

황반변성증상이 있는건가요?",C2,,review_pool_R1_v5b
T-1669,2024,"안과, #안경, #주시안, #부등시, #안과, #교정시력",주시안의 교정시력이 더 안나와요,"왼쪽 눈이 -7, 오른쪽 눈이 -4.5정도 되고 오른쪽 눈이 주시안인데요

안경을 쓰면 오른쪽 눈이 더 흐리고 잘 안보여요

원거리를 보며 오른쪽 왼쪽 손으로 번갈아보면 왼쪽 눈으로 읽히는 글자가 오른쪽 눈으로 안보입니다..

(참고로 왼쪽 눈에 황반변성이 있습니다. 치료안하는거보면 어릴적부터 있던 건성?이여서 그런거같아요)

어제 안경을 새로 맞춘건데 안경점 기계로 저정도 굴절률?이 나오긴 했거든요

이럴경우 오른쪽 안경알을 다시 맞춰야할까요?

안경점에서 오른쪽 눈 도수를 많이 조정해보지는 않아서 도수를 조정한다고 오른쪽 눈 교정시력이 잘나올지 어쩔지는 모르지만요. 왼쪽 눈 감고 오른쪽 눈 손가락 모으기해서 보면 안읽히던 글자가 읽히긴 하더라구요!

이럴경우 안과를 가봐야할까요

아니면 안경점에서 안경을 다시 맞춰야하는걸까요?

아그리고 과교정이 된다고해도 오른쪽 눈 교정시력을 높이는게 나을까요? 제 교정시력이 얼마나되는지는 모르겠으나 표지판들이 잘안읽히는걸로봐서 오른쪽 눈은 0.5-0.7정도 될거같아요..더 낮을수도있구요ㅠ",C9,C2,tri_llm_consensus
T-1670,2024,"한국사, #문제풀이",황반변성 질문,"황반변성 진단 받아서 약물치료랑 주사를 맞고 있는데요.

뉴트리원 루테인지아잔틴 같이 복용해도 되나요?",C5,C5;C4,tri_llm_consensus
T-1671,2024,한국사,뉴트리원 루테인지아잔틴,황반변성 있는 사람이 먹어도 되나요?,C5,,tri_llm_consensus
T-1672,2024,안과,"황반변성 약물, 안구주사",황반변선 약물 치료 먼저 하고 다음달에 물빼는 안구 주사를 맞기로 했는데요. 직업이 운전하는 직업인데 지장이 있을까요,C9,C4,tri_llm_consensus
T-1673,2024,"안과, #아미넥스코리아, #오큐실, #황반변성, #녹내장, #황반변성초기, #눈영양제, #루테인, #황반변성주사, #황반변성실명, #황반변성치료",저희 모친이 60대 초중반인데 황반변성 판정 받았습니다,"이틀 전에 저희 모친이 눈이 겹쳐보인다고 하더라고요...

예전에도 겹쳐보인다고 해서 검사를 받았는데 황반변성 증세가보인다고 했을때 바로 병원에 갔었어야 했는데 거의 1년이 지난 그제 사물이 겹쳐보인다든지 찌그러지게 보인다고 해서 병원가서 검사해보니 황반변성 판정 받았다고 하더군요..

근데 그 병원에서는 일단 2주분의 약을 처방 해 줄테니 먹어도 낫지 않으면 그때 소견서를 작성해 줄테니 큰 병원 가서 주사 맞으셔야 할 것 같다는 말을 했다는 겁니다...

근데 황반변성이면 두말않고 바로 큰병원 가봐야 하는거 아닌가요?? 그래서 걱정되서 오늘 진료받은 곳에 가서 얼른 소견서 써달라고 해보라고 모친에게 얘길 했는데 오늘 토요일이라 문을 열지 않는다고 하더군요.. 그럼 월요일에 일찍가서 소견서 받고 당장 큰병원으로 가자고 말했는데 모친이 왜 그렇게 닦달하냐고 하네요.. 인터넷에 보니 방치하면 실명까지 간다고 해서 얘길 해주었더니 마지못해 알겠다는 겁니다..

저희 모친이 실명 당하지 않게 치료를 잘 해주는 안과가 어디 있을까요?? 좀 도와주세요",C8,C6;C4,tri_llm_consensus
T-1674,2024,의약외품,히알루론산나트륨/인공눈물,"히알루론산나트륨 [인공눈물]

카이닉스2 와 큐알론0.18%

2가지 재품이 있는데

어떤걸 써도 상관 없나요?

황반변성으로 대학병원에서 카이닉스2 처방 받았는데

재품이 떨어졌어요

얼마전 안질로 동네 안과에서 큐알론0.18%를 처방 받았는데

큐알로0.18%로 대체해서 써도 되는지 궁금합니다

추가적으로 큐알론0.18%와 큐알론0.15% 차이가 뭔가요?",C9,,tri_llm_consensus
T-1675,2024,운동,빌베리 영양제 추천 부탁드려요,"안녕하세요

컴퓨터 일을 하면서 눈이 많이 퍽퍽하기도 하고

관리를 좀 해보려는데 방송에서 빌베리가 좋다고 하더라구요

루테인으로도 관리하고 있었는데

방송에 빌베리 안토시아닌 성분이 황반변성 및 시력개선에 좋다고해서

구매해 먹어 볼까하는데어떤 제품이 좋은지 모르겠어서요.

가격도 저렴하고 효과도 좋은 제품으로 추천 부탁드립니다.

특히 약을 많이 먹다보니 알약 크기가 크지 않은 먹기 편하면 좋겠습니다",C5,,tri_llm_consensus
T-1676,2024,안과,햇빛 황반변성,자외선으로 황반변성이 생길 수 있다고 알고 있습니다. 요즘 들어 반사된 햇빛을 여러번 봤습니다. 눈에 잔상이 생겼다가 사라졌는데 이것이 누적되어 황반에 문제가 생기나요?,C1,,tri_llm_consensus
T-1677,2024,"한방 안과, 이비인후과",안과질환 질문입니다.,"안녕하세요.

망막질환중 황반변성 관련질문입니다.

병원에서 몇가지 검사를 받았는데 실비처리를 위해 초진서류를 받아봤더니 진단란에 marcular degeeration ? 라고 되어밌네요.

.진료실에서 의사선생님이 정확히 병명이 이것입니다..라는 말도 없고 그냥 지켜보자..정도만 말씀 하셨고요.

전 현재 왼쪽눈 11시방향에서 직선이 약간 휘어보이는 증상이 있습니다.

작년 9월 첫검사받고 3개월 후 (올해1월) 재검 받았는데 상태가 좋아졌으니 6개월단위도 검사받자고 7월에 오라하네요.

특이사항이라면 이런 증상이 있기 직전 담도담석통증으로 마약성진통제를 여러차례 맞았고 담낭은 제거한 상황입니다. 이 직 후 왼쪽눈에 이런 증상이 있네요.

직선이 약간 휘어보이는건 여전합니다.

진단명 옆에 ?가 있다는건 무슨 의미일까요?

갑자기 눈이 이리되니 맘은 불안한데 의사선생님은 무엇이니 어떻게 하라는 말도 없고 답답한 마음에 질문드려봅니다.",C2,C9,tri_llm_consensus
T-1678,2024,"한방내과, #황반변성, #황반변성치료, #황반변성치료제","황반변성 치료, 치료제 관련 질문드려요(  황반변성)","50대 초반/여 황반변성

황반변성 치료와 빌메루섭취법을 같이 적용하시는 분들이 많던데 이게 왜 유명한건가요?

황반변성 치료를 받아야 되나 싶어서 알아봤는데 치료가 어렵다고 해서 따로 황반변성 치료제를 먹어야 하나 라는 고민중에 있습니다.

황반변성 치료와 치료제 어느쪽이 증상 완화에 더 좋나요?

그런데 계속 찾아보니 황반변성 증상을 치료 받든 치료제를 먹든 상관없이 빌메루섭취법은 기본으로 적용하시던데 이게 뭐길래 다들 이 방법을 적용하시는 걸까요?

눈 건강 관리하면 빌메루 저게 떠서 어떻게 도움되는 건지 너무너무 궁금해요

황반변성에 루테인이 좋다는 것 정도는 알고 있었는데 혹시 빌메루 이게 더 좋은건가요?

황반변성 치료 및 관련 전문가님들의 답변 받고 싶습니다.",C5,C3,tri_llm_consensus
T-1679,2024,안과,이거 황반변성인가요?,"제가 난시가 있는데요

그래서 그런지 몰라도 격자를 30cm거리에서 보면 안휘어보이는데 60~90정도로 보니까 살짝 휘어보입니다 흐려보이기도 해서 난시인가 황반변성인가 여쭤봅니다 겁나 휘어보이는건 아니고

약간 ~ 이런식으로 휘어보여요",C2,,review_pool_R1_v5b
T-1680,2024,"의료기관, 의료인",당뇨 눈에 주사 치료를 맞는게 좋겠다면,"안과에 가서 검사와 진료를 할때 당뇨망막병증 전문 의사 선생님이 ""당뇨 조절 관리를 잘하고 있나요?"" 물어 보더니 눈 안에 부우면 주사 치료 맞는게 좋겠지만 주사 치료에 맞을려고 한 느낌은 황반변성 부증이 있어 만약에 눈에 한번 더 치료를 받게 하면 당뇨 조절 관리를 잘 해야 하는데 제대로 못 하고 하지 않으면 치료를 받아야 한다고 그럽습니다.

작년과 제작년 겨울철 1,2월 2개월간에 당뇨 및 혈당 조절 관리를 하지 않기 때문에 이렇게 되어 있다고 합니다.",C4,C9,tri_llm_consensus
T-1681,2024,"안과, #안과질환, #안과, #안과전문병원, #오큐실, #아미넥스코리아, #11번가, #쿠팡, #스마트스토어, #네이버페이, #녹내장, #황반변성, #안과, #눈건강","홍성(내포)주변 황반변성 검사,치료 잘하는병원있을까요?","아버지께서 다니시던 안과에서 황반변성 검사, 치료 필요하다고 대학병원에서 검사,치료받으시라는 안내를 받으셨는데 대학병원은 예약이 많이 밀려 있더라구요.심하거나 시급하진 않다고는 하셨지만...그래도 빨리 정확한 검사와 치료가 이루어지는게 좋을것 같아 문의드립니다. 홍성이나 예산, 내포신도시근처에 황방변성 검사와 치료 가능한 안과전문병원이 있을까요?",C8,,tri_llm_consensus
T-1682,2024,안과,양쪽 눈 시력 차이 증상,"제가 왼쪽 오른쪽 시력 차이가 좀 있는데 황반변성 테스트를 하면서 한쪽 눈씩 가리고 그림을 보니까 오른쪽 눈은 밝고 전체 사진이 다 잘 보이는데반해 왼쪽 눈은 살짝 어둡고 누런끼?로 좀 시야가 막혀있는..답답한? 그런 느낌으로 보이더라고요 오른쪽 눈처럼 전체가 다 잘 보이지도 않고..

이런 증상은 그냥 양쪽 눈 시력이 많이 달라서 그런 건가요??

아님 눈에 이상이 있는 건가요..?? 망막 검사는 그냥 일반 안과 가서 받을 수 있나요",C2,,tri_llm_consensus
T-1683,2024,안과,시신경염 황반변성 녹내장 차이,"위 3가지 병이 비슷하게 느껴지는데

간단하게 어떻게 다른지 알려주세요",C1,,tri_llm_consensus
T-1684,2024,미용도구,철원 동송 안과 망막관련한 안과 있을까요?,"엄마가 tv보시다가 본인 증상이 황반변성 같다고 안과 한번 가봐야 할것 같다고 해서요

그래서 이번에 엄마랑 저 둘다 안과 검진 받아보려 하는데

황반변성은 안과 중에서도 망막의사가 있는데 가서 봐야한다는데 철원 동송 안과 중에서

망막의사 있는 안과가 있을까요?",C8,C2,tri_llm_consensus
T-1685,2024,건강보조기구,온열눈마사지기계요 추천좀부탁드립니다,"황반변성에 온열눈마사지기 좋다고 하네요

유튜브 황반변성 강좌를 보다가

재밌는얘기가있네요 안구에 온열찜질이 효과를본다구요

안구에온열찜질하면 정상세포는 견디는데 나쁜신생혈관은 죽을수있다구요

그리고 예전 어떤 카페인가 블로그를 봣는데 온열찜질이 좋다고 하는 글을 봤어요

실제효과좋으면 많이 살텐데 그렇지도 않은 거 같아요

하지만지금은 머라도 해보려고 시도합니다

온열눈마사지기계 쓰고계신거중에 추천부탁드려요",C5,,tri_llm_consensus
T-1686,2024,건강보조기구,눈마사지기계 사려고하는데요,"눈상태가 엉망입니다 눈아프고 피곤하네요

저는 황반변성으로 막망내출혈로 주사2회놓고 결과기다리고있어요

눈마사지기계 좋다고해서 사려고합니다 추천해주세요",C5,,tri_llm_consensus
T-1687,2024,"안과, #안과의사님께, #안과의사분들도움, #안과전문의, #안과질환, #양안시이상, #초점문제, #시각기능, #시각기능문제, #시각치료, #포커싱장애, #비전테라피, #한국시지각센터",한쪽눈 잔상,"태양이나 사물 하나를 오래보다 다른곳을 보면 하얀 잔상이 남잖아요

지금 한쪽눈이 그런상태입니다. 명절내내요

왜그런가요?

이전에 황반변성이 있었습니",C2,,tri_llm_consensus
T-1688,2024,"안과, #황반변성",(안과) 황반변성 관련 문의드려요,"회사에서 매년 진행하는 건강검진 결과

안구 단층촬영을 했는데 황반변성 소견이 나와서 정밀검진을 요한다는 연락을 받았습니다.

어느 정도 예상했던 결과이고, 예상이 가능했던 이유는 다음과 같습니다.

과거 2016년에도 동일한 경우 발생하여 안구 C/T를 찍었는데

일종의 점 같은 것이니 신경쓰지 않아도 된다는 판정을 받은바 있습니다.

그래서 이번에도 나올 수 있겠다 싶었는데 아니나 다를까 황반변성 의심 소견이 나왔구요.

이 경우 또한번 CT를 찍어야 할까요?

아니면 그냥 skip해도 괜찮을까요?

참고로 제가 느끼는 눈 상태는 아무런 이상이 없습니다.",C2,,tri_llm_consensus
T-1689,2024,안과,황반변성 당뇨망막변증 녹내장...,"황반변성 당뇨망막변증 녹내장

이 세 가지 혹시 발병이 되면 완치가 되나요?

초기부터 말기까지 완치율 알려주시면 감사합니다

그리고 후천적으로 발생할수있죠??",C3,C1;C6,tri_llm_consensus
T-1690,2024,미용도구,비가목스 안약 눈 가려을 때 사용해도 되나요?,"아버지께서 황반변성으로 치료받으시며 비가목스 안약을 꾸준히 사용하세요.

집에 남는 비가목스 안약이 있는데, 평소 눈이 자주 가렵고 따가울 때가 있는데 그때 제가 사용해도 될까요?",C9,,tri_llm_consensus
T-1691,2024,보장성보험,실비문의 드려요,"4세대 실비인데요, 안과에서 황반변성으로 인한 주사처방을 한경우, 통원한도로 보장이 되는지, 3대비급여 한도로 보장이 되는지 문의드려요 초고수분만 답변 부탁드립니다.",C7,,tri_llm_consensus
T-1692,2024,안과,국내나 외국 전체에서 황반변성 호전 완치,국내나 외국 전체에서 황반변성이 호전되거나 완치된 사례가 아예 없는가요.,C3,C6,tri_llm_consensus
T-1693,2024,암센터,암과 눈영양제 상호 작용,"눈 영양제 성분 표기입니다

황반 변성이 있어 복용 하려고 하는데 암 환자라 항암 주사까지 맞고 있습니다

항암주시가 혹시나 이 영양제로 인해 부작용을 일으키진 않을까 걱정이 되어서 문의 드립니다...

제발 부탁이니 정확히 아시는 분만 답을 달아 주세요

잘 알지도 못하면서 얕은 지식으로 함부로 적으신 분들이 의외로 많더라고요...절실하니 도와주십시오...

그럼 다들 복 많이 받으시고 감사합니다",C9,C5,tri_llm_consensus
T-1694,2024,"영양제, 건강보조식품",루테인과 눈 영양제,"[URL-REDACTED]

위영상 보시고 아래 성분 표기 보신 다음에 황반변성인 제가 먹어도 되는지 알려주세요 말이 헷갈리거든요

저 분이 말한 루테인 함량 이 많은 건가요

먹으면 나쁜 건지 궁금합니다 그리고 저는 금연 한지 몇 년 되었어요 이 베타 카르티니 비흡연자한테도 해당이 되나요

절실하니 누가 좀 알려주세요 제발

그리고 전문가 분만 답변 부탁드립니다

그럼 선생님들 복 많이 받으시고 건강하세요",C5,C9,tri_llm_consensus
T-1695,2024,안과,"황반변셩, 녹내장 동시 발견 시 진료 과정","안녕하세요.

안과 대학병원 예약을 어떻게 해야할지 질문드립니다.

아버지께서 왼쪽, 녹내장 오른쪽, 건성 황반변성을 동네안과에서 진단 받으셨는데요 ,

큰 대학병원으로 가보려고 합니다.

보험사 측 헬스케어 문의해보니 녹내장과 황반변성은 안과에서도 분야를 나눠서 진료한다고 하네요.

그러면 녹내장 교수님, 황반변성 교수님 각각 진료를 받아야 하나요?

녹내장이 더 심각한 질환으로 나오는데 녹내장 과에 우선 진료하면 황반변성도 같이 다룰 수 있는지 궁금합니다.

답변해 주시면 큰 도움이 될듯합니다.",C8,C2,tri_llm_consensus
T-1696,2024,"건강식품, 의약외품",황반 변성 눈 영양제 골라주세요,"사진에 보이는 것 중에 성분함량이 하루권장량 넘지 않고 좋은 제품 추천해주세요

가격은 전혀상관없습니다 가성비 이런 것도 필요 없으니

그저 성분 함량이 잘 배합 되어 있는것 중에서 골라 주세요

부탁드립니다

예를 들면 아연의 경우도 하루 권장량보다 지나치게 높은것

같은데 부작용 있을까요",C5,,tri_llm_consensus
T-1697,2024,"안과, #황반변성, #오큐실, #아미넥스코리아, #아바스틴주사, #루센티스, #눈영양제, #안과, #황반변성예방, #황반변성검사, #황반변성치료",황반변성 에 궁금 합니다,"몆년전부터 웃어도울어도 눈물이 계속 나와 안과 갔더니 사물이 너울져 보이지

않냐는등 정밀 검사후 황반변성과 안구건조증 이라면서 안약등 주시더라고요 의심스러워 몆군데 안과 다녀봐도같은 진단명 나오기에 인정 하게 되면서 외출시 선그라스챙기고 밤에 티브볼때도 선그라스를 될수 있음 쓰고 보는 편 입니다

제가 잘못되게 있는지 알고 싶고요 아침 저녁엔 안약 꼭 넣고 있습니다

황반변성 무섭다 하더라고요",C5,C2,tri_llm_consensus
T-1698,2024,안과,황반변성 괜찮을까요,황반변성 유전이 될까요? 엄마는 이미 한쪽눈 실명 이시고 오빠도 황반변성이 와서 주사 접종하고 지금은 괜찮습니다 루테인과 선글라스 필요할까요?,C1,C5,tri_llm_consensus
T-1699,2024,"안과, #아미넥스코리아, #오큐실, #황반변성, #녹내장, #11번가, #쿠팡, #스마트스토어, #네이버페이, #안과, #황반변성주사",황반변성...,"엄마가 황반변성 질환을 앓고계시는데요..

주기적으로 검사해서 주사맞고계십니다..

검사할때 괜찮으면 주사 건너뛰고 다음검사때 또 상황보고 그러시는거 같아요 !

질문이!

허리숙여서 아래쪽을보며 무언가 정리같이 하다가

허리를 다시 피며 일어나니 한쪽눈이 물찬거마냥 어릉어릉?거려서 뭔가 안보이듯 불편함이 생기셨다는데..요..

그래서 오히려 이상한쪽에 안대를 하니 앞이 더 잘보이는거 같다하시는데

물론 안과 가볼거지만 큰일이 생긴건가요?ㅜㅜ",C6,C6,tri_llm_consensus
T-1700,2024,"안과, #안과, #아미넥스코리아, #오큐실, #황반변성, #안과, #녹내장, #눈주사, #황반변성눈주사, #루센티스, #아일리아, #눈영양제",황반변성 항체주사 후 시력장애 (루센티스),안녕하세요 황반변성 진단 받고 루센티스 항체주사 후 3일째 시력이 안 돌아오고 있습니다 형체만 보이는 상태입니다 ㅠㅜ 병원에서는 정상이고 시간을 좀 두고 지켜보자하는데 일상생활 자체가 안되어 많이 불안하네요 또 아쿠아icl 수술을 9년전에 했는데 연관이있는지 아니면 부작용인지 답답해서 여기에 여쭤봅니다,C9,C4,tri_llm_consensus
T-1701,2024,안과,"황반변성 오른쪽 습성, 왼쪽은 건성인입니다. 오른쪽은...","황반변성 오른쪽 습성, 왼쪽은 건성인입니다. 오른쪽은 안구 주사 맞은 상황이고 평소 안경을 안끼는데 자외선 치단겸 안구 보호차원에서 안경을 맞추려는데 효과가있나요 일반렌즈와 다른 렌즈겠죠? 어떤 안경을 맞추면되나요",C5,C4,tri_llm_consensus
T-1702,2024,"안과, #황반변성, #안경점, #안경, #시력, #안과, #황반변성치료, #안구주사, #시력보호안경, #시력저하, #루테인지아잔틴, #아미넥스코리아, #황반변성, #오큐실, #아미넥스건강TV, #안과, #황반변성안과, #녹내장치료, #황반변성치료, #11번가, #쿠팡",황반변성 안경 맞춤,"황반변성에 걸리게되었네요 왼쪽은 건성으로 초기고 오른쪽은 습성으로 진행이 좀 되어 주사치료를 일차 받아놓은 상황입니다..

평소 안경을 착용하지 않는데 자외선차단겸 안구 보호 차원에서 안경을 맞추려고 합니다.

일반안경과는 다른 안경을 맞춰야하겠지요…? 어떻게 맞춰야 되는지 알려주세요ㅠ",C5,C4,tri_llm_consensus
T-1703,2024,"안과, #지식인카드, #지식인카드답변, #플레이스URL",황반변성 치료 완치되나요?,"황반변성 자기진단테스트해보니 선이 물결처럼 보였다안보였다 선이 끈겨보이고. 약간 휘어보이기도 합니다. 심하게 보이진. 않습니다.

황변초기때 치료가능한병인가요?",C3,C2,tri_llm_consensus
T-1704,2024,"안과, #지식인카드, #지식인카드답변, #플레이스URL, #아미넥스코리아, #오큐실, #황반변성, #녹내장, #황반변성주사, #11번가, #쿠팡, #스마트스토어, #네이버페이, #황반변성원인, #경산안과, #경산시장안과, #대구안과, #황반변성, #황반변성치료",경산시장안과에서 황반변성 잘하는 곳 있을까요?,"황반변성으로 안구주사 맞아보신 분들 계신가요

?

저희 어머니께서 증상이 황반변성이랑 비슷한 것 같아서요

보통은 주사로 치료 권하는 것 같던데 괜찮나요

?

시력이 나빠진 것 같다고 하시더니 가끔은 눈 앞에 있는게 휘어 보인다고 하셨거든요

경과 지켜보자했었는데 지금 같은 증상이 한 달째 가고있고ㅠㅠ

..

최근에는 실핏줄까지 자주 터지셔서 이번에 꼭 안과에 데려가 드려야할 것 같은데요

사정상 집 근처로 가야돼서 경산시장안과 가보신 분들 후기 남겨주세요 급합니다ㅠㅠ

경력도 좀 오래되신 분이셨으면 좋겠어요

정보 찾기가 어려워서 너무 오래 전에 가보신 분들보다는 최근에 황반변성 치료 받으신 분들 답변 기다리겠습니다..",C8,C4,tri_llm_consensus
T-1705,2024,안과,황반변성 테스트,"제가 황반변성 테스트 했는데 몇초동안 하는건가요?

계속 오래 10초정도 보면 점 주위로 검은색으로 되는데 문제 있나요? 눈을 감아야 하나요 아니면 두눈 다뜬 상태에서 한쪽 눈을 가리는 건가요?",C2,,tri_llm_consensus
T-1706,2024,미용도구,황반변성 테스트 하는법,"두눈 다 뜬 상태에서 한쪽 눈 가리고 바둑판 보는건가요?

아니면 한 쪽 눈을 감고 검사하는건가요?",C2,,tri_llm_consensus
T-1707,2024,안과,황반변성 테스트,"두 눈을 다뜨고 한쪽 눈을 가린 상태에서 검사하나요?

아니면 한쪽 눈 가리는동시에 눈꺼플을 가린 상태에서 검사하나요?

두번째 방법으로 했는데 의심증상 있어서요",C2,,tri_llm_consensus
T-1708,2024,여성질환,안과(황반변성),"저희엄마가. 시력0.1 0.2 구요

현제 한쪽은황반변성부종 한쪽은황반변성의종우종?

병원에서 혈관검사후 눈주사 애기하시는데

한번맞으면 계속맞아야된다고 들었습니다

인테넷검색하면

맞다가 중도포기하셔서 실명되었다는애기도있고

주사맞아도 안좋아지는경우도있고

그렇다고그냥 나둬도 실명될수도있고

어케 결정을 내려야하는지 모르겠습니다

눈영양제만으로 좋아지진 안겠지만ᆢ

나뻐지지않고 유지는 안되는걸까요?넘궁금합니다",C4,C6,tri_llm_consensus
T-1709,2024,안과,황반변성 관련,"초기 건성 황반변성의 경우 습식으로 진행하게 되는 확률이 얼마나 되나요?

씨티 촬영으로 황반변성을 진단 받았을 경우 산동안저검사가 추가적으로 필요할까요?

질환에 대한 진단이 잘못되는 경우도 있는데 황반변성의 경우는 두곳 이상의 병원에서 검사를 다시 해보는게 의미가 있나요? 황반변성이라는 진단이 잘 못 될 가능성에 대한 질문입니다.",C2,C6,tri_llm_consensus
T-1710,2024,안과,황반변성에 걸리면 1년에 12번 아바스틴 주사를 받을,"황반변성에 걸려서 심해지면 1년에 12번 아바스틴 주사를 맞을 수 있나요?

돈은 20만원 전후인 것 같습니다.",C4,C7,tri_llm_consensus
T-1711,2024,안과,황반변성과 시신경염의 차이...,"황반변성과 시신경염의 차이

치료방식의 차이도 궁금해요",C1,C3,tri_llm_consensus
T-1712,2024,"안과, #황반변성, #황반변성치료, #황반변성안과, #황반변성수술",어머니가 동공 주변으로 황반변성 심하다고하네요,"안녕하세요. 저희 어머니가 현재 69세이신데

예전 안압으로 인해 눈수술하시고 정기적으로 가시다가

코로나 이후로 안가시다가 눈이 침침하고 어느때 가끔 잘 안보인다하셔서 오랜만에 안과를 방문했는데, 동공 주변으로 황반변성이 심하게 생겼다고 하셔서요..

근데 의사선생님께서 일단 한달 지켜보고 동공쪽으로 커지면 그때 치료 시작하자고 하시는데, 황반변성이 심하다고도 하셨고 이거는 치료를 놓치면 어렵다고 들어서요

한달 지켜보는게 맞을까요? 다른 안과 병원을 방문해야할지ㅠ 나이도 있으셔서 빨리 치료 진행하는게 좋을 것 같아서 걱정되네요",C6,,tri_llm_consensus
T-1713,2024,"안과, #혈관",신생혈관 질문,"망막에 신생혈관이 생기는 증상이

꼭 코우츠병에서만 생기는 것은 아닌건가요?

최근에 큰병원 갔더니 코우츠인지 정확하지 않다 코우츠병의 양상과는 다르다 라고 하시네요

황반변성이나 다른 병에도 신생혈관이 자라나게 되는 흔한 증상중 하나 일뿐인건지 궁금합니다..",C2,,tri_llm_consensus
T-1714,2024,안과,습성 황반변성 증상 질문드려요.,"안녕하세요.   안과 검진을 받다가 노년성 습성 황반변성 진단을 받고 주사치료를 앞두고 있습니다.

시력이 나쁘긴 했지만, 왜곡이나 암점같은 불편하거나 의심 할 만한 증상은 없었습니다.  습성 황반변성도 시력저하를 제외하고 별다른 증상이 없는 경우도 있는지 궁금합니다.",C2,,tri_llm_consensus
T-1715,2024,"안과, #황반변성, #비문증",비문증? 시야에 검은점,"3일전 황반변성 진단받으시고 안구에 주사 1회 맞으셨는데

주사를 맞은날로부터 눈앞에 검은점이 아른거려서 신경쓰인다고 하시는데

문제가 있는건가여? 병원에 가봐야할까여?",C9,C4,tri_llm_consensus
T-1716,2024,안과,양쪽눈의 글씨 차이가 다르게 보여요 치료방법이 있을까?,"저는 양쪽 눈이 황반 변성 이 있습니다

안과에서 정기 점검을 받고 있습니다.

의사 선생님은 아직 치료나 수술 단계가 아니다 하시는데

제가 궁금 한 것은 양쪽 눈의 글씨 크기 차이가 오른쪽 눈으로 볼 때 한글 15 포인트 정도로 보이며

왼쪽 눈으로 볼 때 약 18 포인트 정도로 보입니다 ( 글씨가 앞으로 다가오면서 크게 보이는 느낌)

거리의 간판 글씨도 양쪽 눈의 차이가 있습니다

치료 방법이 있는 건가요",C3,C2;C6,tri_llm_consensus
T-1717,2024,안과,안과 처방약 도베셀정 500mg 질문 드립니다.,"안녕하세요.  나이관련 황반변성(습성/건성), 백내장 초기 진단을 받았습니다.    습성인 눈은 아일리아 주사 1회 맞았습니다.

집근처 첫 진료봤던 안과의원에서 도베셀정 500mg를 처방 받았는데, 황반변성 치료에 쓰는 약이 맞나요?  복용중인 약도 많고 신장도 걱정되서, 굳이 안 먹어도 되는 약이면 빼고 싶어서 질문 드립니다.",C9,,tri_llm_consensus
T-1718,2024,"안과, #황반변성수술",저희 엄마가 진단명이 연령과 관련된 삼출성 황반변성,"""연령과 관련된 삼출성 황반변성 유리체출혈"" 이라고나왔어요

근대 방법이 없다고 하네요. 부평 한길병원에서는..그리 말하더라구요..

저는 인천 살구요 엄마도 저희집 부근에 사세요.

한달전쯤 눈에 커튼이 가린듯 오른쪽 눈이 안보이신다고 까맣다고 해서 안과에 갔는데

출혈이 되었다고 약처방 받아오셧었어요

그땐 저와 동행하지 않고 남동생과 다녀오셨어요

근대 약을 먹고도 나아지질 않았고 얼마지나지 않아서 더 안보이게 되어서 갔더니

주사를 월1회씩 3개월 맞고도 진전이 안보이면 수술하라고 했다네요

주사가 무섭고 그병원은 검사할때 이런저런 복잡하게 눈을뒤집고 오히려

더 눈이 아프고 안보이게 되었다며 그 병원엔 안가시겠다고 해서

다시 다른 안과를 찾아서 전반적 검사를 오빠랑 하고 오셨어요

그리고 바로 그병원에서 눈에 주사를 맞았다고 하더라구요

주사 1회 맞고 일주일 후 방문햇는데

유리체 전체에 피가 퍼져서 이젠 망막을 볼수도 없다라고.. 수술하라고 했는데요...

​

부평 한길병원이 크다고 해서 그쪽으로 갔어요

근대 ....

​

수술해도 유리체 피가 고인걸 제거하는 수술을해도 시력은 회복이 안된다!

이렇게 말씀하시는거예요

즉 수술해도소용없다는 식으로요...

그리고 더 중요한건 나머지 한쪽도 진행될거라는 예측 무서운 말을 하곤.

그럼 나머지 눈 대책 방법은 뭐냐 라고 물으니

없다라고! 그냥 루테인을 건강보조식품 먹어라~

이렇게만 말씀하시고

방법이 없다! 라고만 하시니

하늘이 무너지는것 같고, 눈물만 나옵니다.

​

​

다시 검사를 받고 싶어도 일단 유리체에 피가 고여있어서 망막을 확인할 수가 없나봐요

한길병원에서 무슨액체넣고 망막검사한다고 눈을 이리저리 보는데 안보인다며

그전에 진료기록 화면을 보시고 그런 결론을 말씀하시는거예요.

​

어떤 방법이 없을까요..정말 답답하고 힘들어요 제발 도움 요청드립니다.ㅜㅜ",C3,C8;C6,tri_llm_consensus
T-1719,2024,안과,황반변성으로 시력을 거의 잃었을 경우,원래대로까진 못해도 시력을 조금이라도 되돌릴 수 있는 방법이 아예 없나요? 그리고 주사시술 말고 수술 같은 것도 있는지 궁금합니다,C3,C6,tri_llm_consensus
T-1720,2024,"안과, #안과, #눈충혈, #눈충혈원인, #눈",눈 아랫부분 충혈,"갑자기 눈 아랫 부분에 피부에 어떤 걸로 찔려서 난 상처처럼

충혈됐어요ㅠ 아프진 않고

다른 부분도 충혈됐어요ㅠㅠ..

심각한 건 아니죠? 화요일에 황반변성 검사 할 때 면봉으로

아랫 눈꺼풀 내리고 빛 나오는 검사 한 거 말고는 자극 주는 건

없었던 것 같아요

사진 보단 조금 더 빨개요",C9,,tri_llm_consensus
T-1721,2024,"선글라스, 안경",선글라스 색상,"장시간운전 일상생활 용도이며 황반변성때문에

좌외선 차단선글라스 구매하려는데 색상은어떤색이 좋나요 검정 브라운 카운 베이지 중 어느색상이좋은가요

아님 편광렌즈가좋나요 변색렌즈가좋나요",C5,,tri_llm_consensus
T-1722,2024,안과,황반변성에 온찜질해도 괜찮을까요?,"저희 아버지께서 노안으로 인해 황반변성이 생기셨는데

한쪽 눈이 거의 실명정도라고 하시네요 ㅜㅜ

눈물샘도 막혀서 주기적으로 병원 가서 뚫고 오신다고 하는데 온찜질을 하면 도움이 될까요? 찾아보니까 안압이 올라서 안 좋다는 얘기도 있던데 어떤 게 진실인지 알고자 질문올립니다",C9,,tri_llm_consensus
T-1723,2024,신장내과,도베셀정 복용 후 크레아티닌 검사 질문드려요.,"안녕하세요.   노년성 황반변성으로 안과에서 도베셀정을 처방 받았습니다.

약 설명을 읽다보니 도베실산칼슘수화물이 혈청 크레아티닌의 분석(비색 시험법)을 방해해서 실제보다 수치가 낮게 나올 수 있다고 적혀 있어서 질문드려요.

혈액검사 하기 몇일 전부터 복용을 멈춰야 혈액검사 때 영향이 없을까요?  고견 부탁드립니다.",C9,,tri_llm_consensus
T-1724,2024,"한방 안과, 이비인후과",이 식품은 루테인과 제아잔틴이 풍부하여 녹내장과 황반변,"이 식품은 루테인과 제아잔틴이 풍부하여 녹내장과 황반변성을 예바 하는데 도움을 주는 것은?

ㄷㄱ",C5,,tri_llm_consensus
T-1725,2024,"안과, #아미넥스코리아, #오큐실, #녹내장, #황반변성, #녹내장수술, #녹내장진행, #쿠팡, #11번가, #스마트스토어, #네이버페이",황반변성 녹내장,"안녕하십니까 저희아버지께서 연세가 65인데

2022년8월 녹내장 발병했는데 2004년부터 대리운전 하다가 눈이상 온거같아요

서울아산병원 에 수술예약 했는데 녹내장 은 수술불가능 하다는데 서울병원은 될까요

저는 32살 남자 입니다 경북구미 살고있어요",C8,C3,tri_llm_consensus
T-1726,2024,"한방 안과, 이비인후과",부산에 안과 전문 한의원 있을까요?,"안녕하세요?

너무 답답하여 네이버 지식인에 도움 요청 드려봅니다.

어머니께서 연세가 많으시다 보니 황반변성으로 앞이 잘 보이지 않으십니다.

병원을 많이 다녀봤지만 병원은 전부 노화로 인해 방법이 없다고 이러니...

답답하기만 하네요.

앞이 잘보이지 않고 점점 안보이는걸 느끼는 어머님은 스트레스도 상당한거 같습니다.

연세가 88세이다보니 병원에서 치료가 안된다는 말도 충분히 이해는 됩니다.

그래서 지푸라기라도 잡는 심정으로 한의학 도움을 받으려고 하는데

안 질환을 전문으로 한다는 한의원은 들은 적이 없어

부산에 안 질환 진료를 잘하는 한의원 추천 부탁드립니다.

답변 주시는분 미리 감사 말씀 드립니다. ^^",C8,,tri_llm_consensus
T-1727,2024,"안과, #황반변성",황반변성인지 아니면 그냥 피곤해서 그런지 헷갈려서요,왼쪽 눈으로 사진의 가운데 점을 응시하면 옆에 휘어진 거 그린 것처럼 저 쯤에 있는 선이 휘어져 보이는데 황반 변성일까요? 아니면 피곤해서 잠시 이런걸까요?,C2,,review_pool_R1_v5b
T-1728,2024,"의약품, #당독소, #루테인, #황반변성",황반변성 영양제 당독소 루테인이 왜 좋은가요?,"황반변성(건성) 판정을 받아서 관리 제대로 해보려고 영양제 많이 알아보고 있어요.황반변성은 당독소 때문에 생기는거라고 당독소 루테인이 좋다던데 이게 뭐길래 좋다고들 하는거에요?

결명자추출물.포도씨추출물,마리골드 추출물에 대해 자세한 설명 부탁드립니다.",C5,,tri_llm_consensus
T-1729,2024,"안과, #눈앞에검은얼룩",노안? 황반변성? 어떤 걸로 진료를 봐야할까요?,"안녕하세요.

50대 중년 여성입니다.

노안이 왔는지 최근 책을 볼 때 검은점이 떠다니고 운전할 때, 중앙선이 똑바로 보이지 않고 굽어 보입니다. 인터넷으로 처보니 황반변성 증상이랑 일치하는 것들이 좀 있는데..

단순히 노안이 온건지 눈건강에 이상이 생긴건지 잘 모르겠어서 안과에 한 번 방문해 볼려고 하는데 춘천노안 잘보는 안과있을까요??",C8,C2,tri_llm_consensus
T-1730,2024,"미용도구, #황반변성, #루테인, #황반변성원인, #황반변성치료, #황반변성영양제, #황반변성수술, #황반변성안과, #황반변성루테인, #황반변성수술비용, #황반변성증상",건성 황반변성에 루테인 섭취 어떻게 하면 좋을까요?,"건성 황반변성 진단을 받았는데요

처방받은 약 먹고 있는데요

루테인 섭취를 위해서는 어떻게 하면 좋을까요?

좋은 습관이나 관리도 알려주세요",C5,,tri_llm_consensus
T-1731,2024,"안과, #황반변성증상, #안과황반변성증상",황반변성 증상 수술로 치료될까요?(서울 황반변성증상),"서울 60대 중반/남 황반변성증상

아버지가 황반변성 증상으로 진단 받았다고 들었는데....

주사 맞으면서 치료 해보자고 들으셨다고 하더라구요..

근데 눈에 계속 주사를 맞는게 괜찮은가 싶고..

또 어차피 노안 오셔서 노안수술을 할까 생각했었는데

황반변성 증상도 함께 수술이 가능하면 수술을 하면 좋을 듯 한데..

황반변성은 수술이 안되는 건가요?",C3,C4,tri_llm_consensus
T-1732,2024,"건강식품, 의약외품",당독소 루테인 효과보신 분 있을까요,"어머니가 습성 황반변성입니다.

영양제 알아보던 중. 당독소 루테인이 좋다는말이 많이 보이던데

효과 얼마나 좋은지 궁금하네요.",C5,,tri_llm_consensus
T-1733,2024,"한방 안과, 이비인후과",루테인 알약과 마리골드 꽃차,"눈에 황반변성이 있어서 그동안 루테인 지아잔틴

20밀리그램. 함유된 알약을 먹었습니다

그러다가 마리골드 꽃차를 우연히 마시게 됐는데

하루 20밀리그램 먹고 있는데

다시 꽃차를 한두잔 더 마셔도 괜찮을까요",C5,,tri_llm_consensus
T-1734,2024,"의약외품, #황반변성, #아레즈2, #영양제",건성 황반변성에 아레즈2 성분 질문드려요.,"안녕하세요.  환우는 67세 여성이며 습성/건성 황반변성 진단을 받았습니다.

지금 하루치 식단에 시금치 100g, 양배추 200g, 갈치160g, 호두가 들어가서, 아레즈2 성분 중 루테인/지아잔틴/오메가3 이렇게 세 종류는 얼추 채워지는 것 같습니다.

섭취량이 채워지지 않는 부분이 비타민c/비타민e/아연/구리 4개 입니다.  조금씩은 섭취하는 것 같은데 용량들이 높아서요.  이 4개의 용량을 마저 채우지 않으면 무의미한 수준인가요?   그게 아니라면 4개 중에 이 성분만큼은 영양제를 먹어서 채워야 할 성분이 어떤 것인지 궁금합니다.",C5,,tri_llm_consensus
T-1735,2024,"건강에좋은음식, #황반변성, #황반변성주사, #황반변성치료, #황반변성에좋은음식, #황반변성증상, #황반변성영양제, #루테인영양제, #지아잔틴",완재배 루테인 옥산 케일파우더 드셔보신분,"제가 황반변성이라

안과에서 처방받은 혈액순환제는 먹어주면서

루테인 보충을 하려는데요 직접 재배해서 신선하고 흡수율 높다고

완재배 루테인이라는 옥산 케일파우더를 추천받았는데요

일반 아레즈2 같은 영양제 보다 낫겠죠?

드셔 보신분 어떠셨나요?",C5,,tri_llm_consensus
T-1736,2024,안과,황반변성인가요,이 영상을 보고 따라해봤는데요.. 오른쪽 눈을 가리고 해봤는데 몇초뒤에 이렇게 됬다가 사라져요;;; 이거 병원가봐야하나요? 부모님이랑 동생은 안그렇다고 하는데 왜그럴까요,C2,,review_pool_R1_v5b
T-1737,2024,안과,황반변성 실명이후 아일리아 효과,황반변성으로 양쪽 눈 모두 실명이 된 이후 4년정도 지나면 아일리아는 아무런 효과가 없나요?,C4,C6,tri_llm_consensus
T-1738,2024,"안과, #사시, #황반변성, #근골격계질환, #아미넥스코리아, #오큐실, #녹내장, #아미넥스건강TV, #황반변성, #안과, #눈건강, #눈영양제, #황반변성치료, #황반변성관리",황반변성 완치 가능한가요?,"1. 사시때문에 왼쪽눈은 똑바로인데 오른눈은 약간 왼쪽으로 회전한 시야를 가진것 같습니다. 두 눈의 초점을 맞추느라 황반변성이 온것일수도 있나요?

2. 황반변성으로 초점을 두고있는 곳 오른쪽 바깥부분이 약간 구불구불합니다. 치료가능한간요?

3. 제가 하즈렌즈를 끼는데 하드렌즈때문에 황반변성이 올수도 있는건가요?",C3,C1,tri_llm_consensus
T-1739,2024,안과,황반변성과 음주,"제가 한달전 황반변성과 녹내장 두쪽다 판정 받았습니다

고도근시 황반변성이라고 하셔서 일단 안구주사 한번 맞은상태이구요 앞으로 세네번 정도 주사 맞아야된다고 하시더랴요

녹내장은 일단 황반변성 부터 치료하고 보자고 하셨습니다

그런데 제가 워낙 음주를 좋아해서 거의 일주일에 소주 한병반정도를 세번이상 마시는편이었거든요

지금 치료하면서부터는 아예 안마시는데 술. 괜찮을까요? 아님, 무알콜 맥주는 어떨까요?

술 마시는걸 워낙 좋아해서 좀 힘듭니다",C5,C9;C4,tri_llm_consensus
T-1740,2024,안과,동공편위와 황반변성이 있는데 운전가능한가요?,"현재 왼쪽눈으로만 보고 있고

오른쪽 눈은 선천적 동공편위와 황반변성(아마도 9살 때 발병한걸로 추정)이 있어 시력이 없습니다

다니는 안과의 의사선생님마저도

오른쪽눈은 다쳐도 상관없다고 말을 할 정도거든요

어차피 기능을 못한다고...

문제는... 어느회사를 다니던

계속 운전을 해보는게 어떻냐는 얘길 듣는데

가능한건가요?

저는 제가 운전하는 게 매우 위험하다 생각해서

면허를 따놓진 않았는데...

면허가 있음 계속 운전을 시킬 것 같고요..

진짜 운전 때문에 스트레스를 받아요",C7,,tri_llm_consensus
T-1741,2024,"교통 사고, 위반, #면허, #적성검사, #1종, #탈락",1종보통 적성검사 탈락 시,"1종 보통 적성검사 대상자입니다.

시력이 좌 1.2 / 우 0.15 입니다

동네 병원에서 우측이 황반병성 의심증이라는 소견을 듣고 대형병원에서 확진받으라는 진로의뢰서를 받았습니다.

그런데 대형병원에서는 수개월지나야 진료가 가능하다고 합니다.

안경제작 후 적성검사 받으려고 하니 안경점에서는 대형병원에서 황반변성 확진을 받아야 안경을 제작할 수 있다고 합니다. 따라서 지금 적성검사 받으면 1종 보통은 탈락입니다.

1) 이 경우 1종 보통을 포기할 경우 2종 보통으로 면허증 갱신이 가능한가요?

2) 2종 보통으로 1톤  화물차(수동)운전이 가능한가요?

답변 기다리겠습니다.

감사합니다",C7,,tri_llm_consensus
T-1742,2024,"안과, #오큐실, #아미넥스코리아, #황반변성, #녹내장, #눈영양제, #황반변성병원, #황반변성전문, #녹내장전문, #루테인, #눈에좋은음식",노화로 인한 황반변성,"어머니께서 노화로 인한 황반변성으로

시야가 흐릿하게 보이셔서 안과를 가려고해요

광주광역시에서 노화로 인한 황반변성을

잘 보는 안과 추천 좀 부탁드려요",C8,,tri_llm_consensus
T-1743,2024,"성인영양, #황반병성, #루테인",루테인이 황반변성에 좋너요?,루테인이 황변변성에 좋나요??,C5,,tri_llm_consensus
T-1744,2024,"안과, #안과중심성망막염, #중심성망막염",중심성망막염? 황반변성? 증상좀 봐주세요(서울 망막염),"서울 60대 중반/남 망막염

얼마 전부터 책을 볼 때나 운전을 할 때(운전은 증상이 나타나고 한번 해보고 안하십니다)

눈 앞이 아른 거리고 글씨가 뿌옇게 잘 안보이고 그렇다고 하시네요

비슷하게 보이는게 중심성망막염 그리고 황반변성이 있더라구요

중심성망막염은 치료가 그렇게 급하지는 않은거라고 그러는데

황반변성은 치료가 또 급하고도 하고...

중심성망막염이랑 황반변성 정확히 어떤 증상이 나타나나요?

주변에 큰 병원이 없기도 하고 이번달 말에 어차피 서울 올라오시기로 하여

그 때쯤 병원에 가볼까 하는데 두달 정도 지난 뒤에 검사를 받아보셔도 괜찮을까요?",C2,C6,tri_llm_consensus
T-1745,2024,"신장내과, #산정특례",산정특례질문,"저희 엄마가

희귀질환 V023 범골수황폐

중증난치 V201 노년성황반변성(삼출성)

이렇게 산정특례가 등록되어 있습니다.

그런데 안타깝게 이번에 신장때문에 투석을 준비해야해서 현재 혈관수술 날짜 잡고 대기중이거든요.

알아보니 만성신부전도 산정특례신청이 되고 투석전 계속된 투석을 위한 혈관수술도 산정특례적용이 된다고하더라구요. 코드는 V001

그런데 제가 궁금한건 산정특례에 현재 안과쪽으로 중증난치가 등록되어 있는데 만성신부전으로 또 등록이 되는건가해서요.

안아파야 좋은거지만 만약 중증난치질환이 계속 발생한다면 코드가 다르면 등록이 다 되는건가요?

답변 부탁드립니다.",C7,,tri_llm_consensus
T-1746,2024,안과,2차 병원 좀 알려주세요,"황반변성 증세로 안과에서 큰 병원을 빨리 가보라는

진단을 받았는데 양평 하남 구리 등 이쪽에

2차 병원이 있는지 꼭 알려주세여",C8,,tri_llm_consensus
T-1747,2024,안과,"황반변성, 녹내장 다른거죠?","69세 이신데

작년부터 꾸준히 정기검진을 다니고계세요

3개월마다 가고있고 그때마다 제가 기록을 하고있는데

왼쪽 녹내장 진행가능성 약간있음(백내장 정상)

오른쪽 녹내장 약간진행(백내장정상)

오른쪽 황반변성 더 진행되었음, 3개월뒤 수술할지여부 결정함(백내장 정상)

갈때 기록했던 간략한 내용들이에요

녹내장이였다가 갑자기 황반변성이라는게 튀어나왔는데 같은거 아니죠??",C1,,tri_llm_consensus
T-1748,2024,안과,황반변성 초기,"제가 가끔 피곤하거나 그러면 오른쪽 눈이 황반변성? 처럼 글씨가 휘어보여서 두통이 가끔 생기는데

병원에가서 검사를 받을 정도일까요? 지금까진 하루 지나면 다 괜찮아졌어요",C2,,review_pool_R1_v5b
T-1749,2024,"외과, #검색질문, #통합검색궁금증, #통합검색질문하기",차상인의료비경감자 황반변성수슬해야되는데병원비용이250만,차상인의료비경감자 황반변성수슬해야되는데병원비용이250만원정도나오는데저같은경우얼마나나올까요,C7,,tri_llm_consensus
T-1750,2024,"안과, #오큐실, #아미넥스코리아, #황반변성, #녹내장, #안과, #눈건강, #황반변성검사, #루테인, #지아잔틴, #오큐테인",황반변성으로 시각장애등급 받을 수 있을까요??,"저의 어머니 연세가 만82세이시고 저번달부터 황반변성 치료를 받고 있습니다

산정특례로 받고 계십니다

양쪽 백내장 수술도 저번달에 하셨습니다

왼쪽눈은 거의 시력이 안나와서 오른쪽눈만 황반변성 치료를 받고 있는데 시각장애인 등록 가능할까요??

의사선생님께서 오른쪽눈도 시력이 안좋다고 그러셨어요

그리고 스티커 붙이기나 간단한 그림그리기, 선긋기,퍼즐맞추기같은 동작들을 해도 될까요?? 눈에 무리가 가는건 아닐지 궁금합니다",C7,,tri_llm_consensus
T-1751,2024,"안과, #오큐실, #아미넥스코리아, #녹내장, #황반변성, #황반변성치료, #황반변성예방, #황반변성전문, #황반변성영양제, #오큐테인, #루테인",청안과에서 황반변성 치료 받아보신 분 있나요?,"저희 시어머니가 황반변성이 의심된다는 진단을 받으셨어요.

자꾸 괜찮다고 하시는데 걱정이 돼서 큰 병원에서 다시 검사 받아보고 싶어요.

필요하면 치료도 받고요. 시어머니 집 근처로 큰 병원을 알아보니

청안과가 있던데 여기 황반변성 검사와 치료 잘 해주나요?",C8,,tri_llm_consensus
T-1752,2024,안과,눈 자외선 차단과 안질환의 연관성,"안녕하세요. 자외선 차단 관련해서 궁금한 게 있습니다.

UV-A는 망막에 영향을 준다고 알고 있는데 A는 겨울에도 발생하는 거로 알고 있습니다.

그러면 4계절 내내 자외선 차단이 필요한 거로 생각이 되는데요.

실제 자외선과 안질환의 연관성이 어느정도가 될까요?

만약 겨울에도 항시 자외선 차단을 해야한다면...자외선 차단 안경을 맞추려고 합니다.

황반변성, 백내장 등등 질환에 자외선이 미치는 영향을 알고 싶습니다.",C1,,tri_llm_consensus
T-1753,2024,"안과, #안과, #오큐실, #아미넥스코리아, #녹내장, #황반변성, #쿠팡, #11번가, #황반변성치료, #황반변성전문, #황반변성안과, #황반변성예방, #아미넥스코리아, #오큐실, #아미넥스건강TV, #황반변성, #녹내장, #황반변성검사, #황반변성증상, #황반변성진행, #쿠팡, #11번가",황반변성 주사치료 시기,"2년전 황반변성 진단후 추적검사만 해오다가 (마지막검사 지난해9월)

오늘 아침 시야가 심하게 울퉁불퉁하여 내원했습니다.

황반변성이 좀 더 진행됐다고 의뢰서를 써주며 큰병원가서 주사치료를 받으라해서 급히

큰병원가서 다시 검사를 받았습니다.

그런데 선생님 말씀으론 아직 신생혈관이 보이지 않으니 지금은 주사치료 받을때가 아니다.

3개월후에 다시 검사하되 그 전에라도 시야에 안보이는 부분이 생기거든 그때 바로 치료하자라고 하시네요.

여기서 제가 드는 의문은

검게 안보이는 부분이 생기거나 신생혈관이 생긴 시점엔 이미 치료 시점이 늦는게 아닌지 궁금합니다.

두려운 마음에 다른 큰 병원들에도 찾아가봐야 하나 싶구요.

조언 부탁드립니다.",C4,C6,tri_llm_consensus
T-1754,2024,안과,황반변성으로 시력이 넘 안좋은데요,"오큐 아레즈투 복용하면 진행을 늦출수있나요?

이님 황반변성 오기전이나 초기증상일때만 효과가있고 저와같이 진행이 많이됐을땐 먹어도 소용이없나요?",C5,C6,tri_llm_consensus
T-1755,2024,장애인복지,장애등급 여부,"안녕하세요.

제동생(남 만 66세) 이  몇년전에 황반변성이와서  한쪽 눈이 실명되었습니다.

이런경우 장애자등급을 받을 수 있는지요. 고견을 부탁드립니다.감사합니다.  끝.",C7,,tri_llm_consensus
T-1756,2024,안과,황반변성치료 어떻게 해야할까요?!,"최근 동네 안과에서 황반변성판정을 받았는데

대학병원이나 큰병원 혹은 어느정도 규모가 있는 안과로가서

황반변성치료를 한번 받아보라하셨어요.

황반변성에대해 설명을 해주기는 했는제 솔직히 잘 모르겠어요.

다시한번 황반변성에대해 설명해주시면 좋겠고

황반변성치료 부작용이나 회복기간 등 이런 부분에 대해서도

답해주시면 좋겠습니다.",C3,C1,tri_llm_consensus
T-1757,2024,"안과, #유리체절제술, #유리체절제술후, #황반변성, #황반변성수술",유리체 절체술에 대해서,"50대후반인 엄마가 황반변성에 걸려서

한달에 한번씩 안구에 주사 맞고있는데

2번째 주사때 출혈되어 유리체까지 번졌다고 하더라구요

결국 유리체제거술을 하기로 했는데 주사치료와 병행하쟤서 3번째 주사를 맞은 상태입니다.

백내장은 중간단계로 수술할 상태가 아니지만 유리체제거를 하면 백내장 진행상태가 빨리진행될 것으로 예상되어, 병원에선 유리체제거와 백내장 수술을 동시에 진행하자고 합니다. 대신 노안은 빨리 찾아올 수 있다하는데.. 우선 수술일정 및 다음 4번째 주사맞을 날짜 잡은 상태입니다

1. 유리체 제거술 후 재발 여부가 궁금합니다 (황반변성의 차도 등)

2. 동시에 두가지를 진행할때 시력악화 여부가 궁금합니다

3. 수술과 주사치료를 동시에 진행할때 환자가 괜찮을지 걱정입니다",C3,C4;C6,tri_llm_consensus
T-1758,2024,"안과, #오큐실, #아미넥스코리아, #아미넥스건강TV, #황반변성, #녹내장, #눈영양제, #눈건강, #황반변성예방, #황반변성치료, #황반변성전문",호매실 황반변성 검사 자세하게 해주는 곳,"어머니가 작년부터 눈이 급격히 나빠지셨는데

저희는 그냥 단순히 노화라고 생각했거든요

근데 며칠 전에 핸드폰 보는데 선들이 계속

휘어 보인다고 하십니다..ㅠㅠ

증상 검색해 보니 황반변성 대표 증상이라고

뜨길래 걱정돼서 이렇게 글 올리게 되었는데요..

눈은 예전부터 많이 안 좋으신 상태였는데

그때 병원 모시고 갈껄 후회만 되네요..ㅠㅠ

아직은 추측이라서 좀 더 자세한 상황

살펴보고 싶은데 호매실 황반변성 검사 꼼꼼하게

진행되는 안과 알려 주심 감사하겠습니다..",C8,,tri_llm_consensus
T-1759,2024,"취미, #황반병성, #스타자르트, #일본, #줄기세포, #오큐실, #아미넥스코리아, #아미넥스건강TV, #녹내장, #황반변성, #눈영양제, #루테인, #안과, #황반변성수술, #황반변성전문",눈 황반변성(안과) 문의드립니다,"혹시 일본에서 줄기세포 주사로 치료 가능한지요

?

아님 일본에서 치료법이나 영양제 등이 있을까요

?

혹시 국내에서도 치료법이나 약이 있다면 알려주세요",C3,C5;C8,tri_llm_consensus
T-1760,2024,"안과, #안과전문의, #안과질환, #안과진료, #안과, #안과의사분들도움",원래 시야는 양안이 합쳐서 완벽하게 보이는 건가요?,"제목 그대로입니다.

눈 시력 차이가 궁금해서 한쪽눈을 번갈아 감으며 시력을 비교하곤 하는데

그러다 한쪽눈으로 앞을 보면 사물이 시야와 멀수록 살짝 둥글게 보이거나 휘어지는 것을 알게되었습니다

오른쪽도 그렇고 왼쪽도 그런데, 한쪽눈으로 보면 각각 반대로 휘는 부분들이 양안으로 보면 한쪽 시야를 보정해서 제대로 보입니다.

그런데 한쪽눈을 감았을때 직선이 휘어지는 증상 중에 황반변성이라는것이 있다고 해서 한편으로 걱정이 됩니다. 3월 말 안과 정밀검진을 다 해보았는데 결과는 정상이라고 듣긴 했습니다만, 3개월만에 비슷한 이유로 병원을 찾기엔 민망하기도 하고, 그럼에도 걱정이 되어 지식인 전문 의료진분들의 의견을 듣고싶어 질문글을 써봅니다.

원래 한쪽눈을 감고 보면 직선이 약간 둥글거나 불완전하게 보이나요? 글씨가 찌그러지거나 휘어짐, 중심에 큰 점이 보인다거나 하는 증상은 없으며, 단지 첫째문단과 같은 상태입니다.",C2,,tri_llm_consensus
T-1761,2024,안과,당뇨 황반변성,"삼일전부터 왼쪽눈이 흐릿하게보이고

오른쪽눈보다 더안보이고

오른쪽눈가리고보면 직선도 약간 울퉁불퉁하게보여서

오늘 안과를방문했는데요

동공검사도하고 사진도찍고 했는데

눈안에 출혈이생겼다고 말씀해주시더라구요

제가 평소에몸관리를잘못해서 당뇨혈압다있는데

혹시 황반변성일까요ㅠㅠ

일단 메모로정한달치와 안약 인공눈물 이렇게처방받았는데

출혈이있다는거외에는 말씀이없으셔서ㅠ

혈압당뇨 조절해야된다고는 말씀해주셨는데

너무걱정되어 글써봅니다ㅜ",C2,C1,tri_llm_consensus
T-1762,2024,"안과, #포도막염",포도막염) 시야에 안보이는 부분이 생겼습니다.,"저는 처음에 시야에 안보이는 부분이 생겨서 황반변성과 증상이 흡사해보여서 안과에 갔었는데

전체적인 검사를 해보니 시야검사에 제가 안보이는 부분이 있는건 맞지만 다른 검사들은 정상으로 나오고 시신경에도 이상이 없었습니다.

교수님께서 여러가지 가능성중에 포도막염의 후유증으로 안보이는 시야가 생길수도 있다고 하셨는데요

이건 치료가 불가능한 후유증인가요?",C2,,tri_llm_consensus
T-1763,2024,"선글라스, 안경, #안과, #선글라스, #안경원, #안경테, #다초점, #선글라스, #안경렌즈",선글라스 맞추려고 합니다,"황반변성 있는 눈입니다.

시력 안좋습니다.

선글라스 맞추려고 하는데 안과 갔다가 안경원가서 맞춰야 하는건가요?

아니면 바로 안경원 가면 될까요?

황반변성이 있는 만큼 좋은거로 하고 싶은데 가격대가 얼마정도 될까요",C5,C7,tri_llm_consensus
T-1764,2024,안과,황반변성 치료후 비행기 탑승,황반변성치료후 비행기 탑승은 언제부터 가능한가요 ?,C9,C4,tri_llm_consensus
T-1765,2024,"의료, 상해 보험, #후유장애진단, #요추골절, #황반변성, #장애등급",후유장애진단서 발급,"엄마가 5년전 요추골절로 입원 한적있고

작년 10월에 또 요추골절로 입원햇었어요

현재는 작년 요추골절로 인해 지팡이 짚고 다니고요

작년 요추골절로 인해 골다공증 있다는것도 알게 되었고

현재 골다공증 주사 2번 맞았습니다

다니는 병원은 준종합병원인데 후유장애진단서는 안해준다고 하더라구요 영상들고 3차가라고 하네요ㅠ

그리고 오른쪽 눈 황반변성으로 주사도 여러번 맞았는데 진전없어 망막?수술한적있고 지금도 다니고 있는데

확실한건 아니지만 2년? 넘었거나 그쯤 된거 같아요

이런경우 후유장애진단이 나올까요?",C7,,tri_llm_consensus
T-1766,2024,성인영양,황반변성과 변비가 서로 연관이 있나요?,"안녕하세요. 저희 조부모님께서 황반변성이 있으셔서 현재 눈이 좋지 않으십니다.

그런데 최근 며칠동안 대변을 제대로 보지 못하시는 등 변비 증세가 나타난 이후로 눈이 이전보다 더 안보이신다고 하십니다.

약국에서 변비약을 구입하면서 약사님께 물어보니 ""변비가 심해지면 황반변성이 더 심해질 수 있다""라고 하셨는데 정확하게 두 질환의 연관성이 있는지 궁금합니다.",C1,,tri_llm_consensus
T-1767,2024,성인영양,안과영양제,어머니가 황반변성으로 안과에서 아레즈투 포뮬라 추천해주셨는데.. 어떤 브랜드가 좋은지 추천좀 해주세요,C5,,tri_llm_consensus
T-1768,2024,안과,황반변성은 실명되면 아무것도 안보이는건가요,"질문그대로 입니다

황반변성으로 실명하면 아무것도 안보인다는 사람도 있고

중심시야만 안보인다는 사람이 있고 실명했을경우 어떤게 진짜인가요? 사람마다 다른가요?",C6,,tri_llm_consensus
T-1769,2024,재산보험,황반변성 수술비 실손보험,"안녕하세요^^^^

실비보험에 대해 물어볼려고 함니다

제 가족중 황반변성으로 수술 하게 됐는데

실비보험이 나오는지 궁금 해서요

병원에서는 6시간 있으면 입원이라고

하는데 확실이 입원수술로 해서

치료비를 받을수 있는지 궁금 해서요^^

백내장은 통원치료비 밖에 나오는 걸로

알고 있거든요

수술비를 다 받을수는 없을까요?

방법좀 알려주세요",C7,,tri_llm_consensus
T-1770,2024,"약 효능, 성분, #영양제",영양제복용,"약복용법이 궁금하여 질문드립니다.

저는 76세여성입니다 아침식전에 갑강선저하증약 먹고

아침식후에 허리협착증약복용(정형외과)

점심식사후 루테인( 백내장수술 황반변성있다함 ) 코오롱제약 콘드로이친 4알남은거먹고안먹겠음

저녁잠자기전 알카본정,(혈액검사D29.40나왔음),유로신서방정 꾸준히먹고있습니다

그리고 영양제로 종합비타민(비맥스메타)과 고려은단비타민C먹었는데

내과에서 칼슘,너무많이복용한다고 먹지말라해서 중단했습니다.

제일 궁굼한게 먹다가 중단한 칼마다정과 닥터브라이언MSM2000 있는데 안먹는게 좋을까요?

혈압,당뇨,고지혈증은 없습니다.

제가 아픈 무릎에 좋은약과 영양제

루테인 지아잔틴 아스타잔틴 함유된 제품 꼭 추천부탁드립니다",C5,C9,tri_llm_consensus
T-1771,2024,"안과, #황반변성, #비오뷰주사, #물들어감, #오큐실, #황반변성, #아미넥스코리아, #아미넥스건강TV, #녹내장, #안과, #안과전문, #황반변성주사, #습성황반변성, #습성황반변성치료",황반변성 안구주사 맞고 머리를 감으면?,"엄마가 노인성 황반변성 삼출성인데 눈이 더 안좋아져서 오늘 서울에서 안구에 주사를 맞아습니다.

주의사항에 2일간은 눈에 물들어가지 않게 하랬는데

그간 여러번 맞아오던 주사인데

샤워하신다더니 깜빡하고 머리를 감으셨어요.

정말 미쳐버리겠습니다.

눈 꼭 감고해서 괜찮다고 억지소리 하고 계시는데 진짜 괜찮은건지 청주에서 서울까지 다시가야하는건지 판단이 안섭니다.

만약 주사 맞자마자 물이 들어가면 어떤문제가 생기나요?

이런 비상시엔 어떻게 해야 하나요?",C9,C4,tri_llm_consensus
T-1772,2024,"미용도구, #황반변성증상, #황반변성치료, #압구정안과, #압구정안과추천, #압구정황반변성, #압구정안과, #압구정성모안과, #압구정황반변성, #압구정안과추천",황반변성 증상 압구정 안과 추천 해주세요,"어머님이 나이가 쫌 있으신데요.. 얼마전에 TV 건강프로그램에서

황반변성 질환에 대해서 나왔는데

암슬러격자를 통해서 자가 진단을 하셨는데

그 바둑판이 살짝 휘어져 보인다고..말씀을 하시더라구요

이게 단순히 노안 때문에 그런건지.. TV에서는 휘어짐이

황반변성 증상이라고 해서 .. 동네 안과 말고

황반변성 잘 하는 안과로 한번 가서 검사를 받아보고 싶은데요..

어차피 동네 작은 안과가서 황반변성이라고 진단 받으면

큰 안과로 가야하니..애초에

규모도 크고 장비도 좋은 안과 추천 부탁드립니다.

강남이나 압구정 쪽이 가깝고 편해서

그 쪽이면 좋을듯합니다!

미리 감사합니다^^",C8,C2,tri_llm_consensus
T-1773,2024,안과,증상은 오른쪽 눈 가운데 초점부분만 까맣게 보입니다....,"증상은 오른쪽 눈 가운데 초점부분만 까맣게 보입니다. 정확한 병명은 모르지만 안구 내 출혈인 것 같다고 진단받은 적이 있습니다. 황반변성 환자들 대상으로 투여되는 주사를 맞았었고, 현재는 경과를 지켜보는 중입니다. 선글라스 수경을 착용한 채 야외 물놀이를 해도 될까요?",C9,C4,tri_llm_consensus
T-1774,2024,안과,안과 검진갔다가 황반변성이 약간 있다고 해요. 그럼 황...,"안과 검진갔다가 황반변성이 약간 있다고 해요.

그럼 황반변성 초기인가요?

1~2년마다 검진 받으라고 했습니다.

눈영양제를 사서 먹고 있는데 매일 먹어도 부작용은

없는지 잘 관리하면 진행을 멈추거나 늦출 수 있나요?

진행속도가 어느정도인지 궁금합니다",C6,C5;C2,tri_llm_consensus
T-1775,2024,안과,황반변성 드루젠이 없어지면,"황반변성 관리 열심히 하셔서 다음 검진때 드루젠이

없어졌다는 글을 봤는데요

드루젠이 없어지면 황반변성이 완치된건가요?",C6,,tri_llm_consensus
T-1776,2024,안과,황반변성 유전,황반변성이 유전이 된다고 들었는데 그것도 색맹처럼 반성유전인가요?,C1,,tri_llm_consensus
T-1777,2024,미용도구,덕계역 안과 중에서 어디가야,"양주 덕계역 안과 중에서 망막전문의 있는데가 있을까요?

아버지가 황반변성이 있으신데 정기적으로

진료 받으셔야 해서요",C8,,tri_llm_consensus
T-1778,2024,"미용도구, #아미넥스코리아, #오큐실, #녹내장, #황반변성, #아미넥스건강TV, #눈영양제, #황반변성루테인, #황반변성오큐테인, #안과, #녹내장전문",황반변성에 아레즈2+지아잔틴 같이 복용해도되나요?...,"황반변성에 아레즈2+지아잔틴 같이 복용해도되나요?

[국제약품오큐테인 + 태준제약 오큐아레즈알티지]이렇게 같이 복용하려하는데 괜찮을까요?",C5,,tri_llm_consensus
T-1779,2024,안과,안과 황반변성,"맥락막혈관신행? 이 병과

황반변성은 다른 병 인가요?

아님 같은 병인가요?

비슷한 병인가요?

치료 방법도 다른가요?

악화가 되었을때 두 병의 정점의 최악은 어떤결과인가요??",C1,C3;C6,tri_llm_consensus
T-1780,2024,"안과, #황반변성, #암슬러격자",암슬러격자 안경쓰고 보면 정상인데 벗으면 구불거려요.,"안녕하세요.

제가 왼쪽눈에 황반변성이 아주 살짝 있는데요,

안경을 벗고 암슬러격자를 보면 약간 구불거리는게 느껴지는데

안경을 쓰고 암슬러격자를 보면 구불거림없이 잘보입니다.

안녕을 쓰면 황반변성 상관없이 시력이 교정되서 그런건가요?

암슬러 테스트는 안경을 쓰고 해야하나요 벗고 해야하나요?",C2,,tri_llm_consensus
T-1781,2024,산업재해보상보험,황반변선 산재,"횬장에서 작업하다가 황반 변성이 와서 치료 중인데

산재 받을 수 있나요??",C7,,tri_llm_consensus
T-1782,2024,"안과, #황반변성증상, #황반변성안과",황반변성 증상 미리 아는법?(논현역 황반변성증상),"논현역 50대 후반/남 황반변성증상

황반변성 엄청 위험하다고 봤는데

혹시 황반변성 증상 미리 아는 법 있나요?

어머니는 그래도 계속해서 검사를 받으시는데 아버지가 절대 병원에를 안가세요

눈도 원래 계속 안경쓰시던 분이라서 걱정되는데

집에서도 계속 체크해볼 수 있는 황반변성 증상 있을까요?",C2,,tri_llm_consensus
T-1783,2024,"안과, #오큐실, #황반변성, #녹내장, #안과, #아미넥스코리아, #아미넥스건강TV, #스마트스토어, #쿠팡, #11번가, #눈영양제",황반변성 치료 주사 후 눈물 흘려도 될까요?,"안과에서 습성 황반변성 진단받고 안구에 주사 치료를 받았습니다..주의사항으로 5일간 눈에 물이 들어가지 않도록 해야하며, 세수 세발까지도 하지 않아야한다고 합니다..그런데 혹시라도 울게 되어 눈물이 나는건 괜찮을까요?",C9,C4,tri_llm_consensus
T-1784,2024,"안과, #오큐실, #아미넥스코리아, #대릭김, #알파실, #황반변성, #녹내장, #눈전문제품, #루테인, #쿠팡, #11번가",황반변성질문요,황반변성진단받고 눈에주사맞고있는데 다른때보다 약물투여량을늘렸는지동공확장이 풀리지않고있습니다 다른때같으면 주사맞고 집에오면 동공이다시 작아졌는데 오늘은 아직 동공이작아지지않고있습니다.. 오후4시쯤맞고 지금8시반인데 걱정입니다,C9,C4,tri_llm_consensus
T-1785,2024,"안과, #안과, #변시증, #황반변성",천장 보면 천장 타일이 늘어나는 것처럼 보이는 증상,"그냥 일상적으로 있다가 천장을 봤는데 사물이 늘어나는것처럼 천장 타일이 위아래로 늘어나는 것처럼 보였습니다.

그리고 핸드폰을 가만히 고정해두고 충전 중인데 계속 슬라이드 되는것처럼 밑으로 내려오는 것처럼 보이고요!

이런 증상은 뭔가요…? 혹시나 비슷한 증상을 찾아봤는데 변시증이나 황반변성이 뜨는데 아니겠죠…?",C2,,review_pool_R1_v5b
T-1786,2024,"안과, #아미넥스코리아, #오큐실, #아미넥스건강TV, #쿠팡, #스마트스토어, #11번가, #안과ㅓ, #녹내장, #황반변성, #안과전문",황반변성 1차 주사치료 후 헬스?,"1차 아바스틴 맞고 1달 후 검사 하고 많아 좋아졌다고 주사없이 2달 후 검진 예약했는데 제가 헬스를 하고 있어서 주사맞고 1주일 후 다시 시작했는데 헬스 해도 되는지 물어보지 못해서 할때마다 걱정 하면서 하고 있습니다 괜찮을까요?

시야 가림증상이 있으나 녹내장 때문이 아니고 녹내장 검사는 괜찮다고 합니다

1차 주사 후 3달 텀이 너무 긴게 아닐 까요?",C9,C4,tri_llm_consensus
T-1787,2024,미용도구,휘경동 안과 중에서 망막진료 가능한데요,"친정 엄마가 이번에 올라오셨는데 사시는 지역에 있는 안과에서

황반변성이 의심이 된다고 망막관련 안과 전문의가 있는

안과를 다녀오시라고 했나봐요

걱정이 많이 되는데 동대문구 휘경동 안과 중에서 망막진료

가능한 안과 있음 알려주세요",C8,,tri_llm_consensus
T-1788,2024,안과,암슬러격자 테스트,암슬러격자로 황반변성 테스트할 때 암슬러격자를 종이로 프린트한거 말고 그냥 핸드폰으로 보면서 검사해도 되나요?,C2,,tri_llm_consensus
T-1789,2024,미용도구,장안동 안과요,"저희 아빠가 황반변성이 있으셔서 관리를 받으셔야 하는데요

동대문구 장안동 안과 중에서 황반변성 관련한 망막전문의가

있는 안과가 있을까요?

실력도 좋고 장비도 좋은데였으면 합니다.

그리고 주차가 편했으면 해요",C8,,tri_llm_consensus
T-1790,2024,"꿈, 해몽, #황반변성, #오큐실, #아미넥스코리아, #아미넥스건강TV, #녹내장, #안과, #황반변성원인, #황반변성치료, #황반변성검사, #황반변성약",황반변성 치료 받을 만한 곳,"황반변성 치료 받을 수 있는 곳 없을까요?

이번에 황반변성 치료 때문에 알아보고 있는데

어디서 도움 받아야 할 지 막막하네요 ㅠㅠㅠ

황반변성 치료 좀 도와주세요..",C8,,tri_llm_consensus
T-1791,2024,안과,여고생 비문증,제가 얼마전부터 비문증이 생겼는데 눈앞 시야에 계속 나타나진않고 밤이면 괜찮은데 환하거나 불이 켜지면 시야에 검은 점 또는 회색점이 따라다녀요 시야를 전혀 가리진않아서 일상생활에 불편한 점이 전혀 없어요 처음엔 황반변성 증상이 의심되서 증상들을 찾아봤는데 해당이 안돼더군요..아닌가보다 하고 안심하고있었어요 최근 안과 의사쌤께서도 일시적으로 나타나는 비문증이기때문에 그냥 계속 적응을 할 수 밖에 없다고 하시더라고요 눈앞에 작은 점이나 이런 게 따라다니면 실명전조증상이라길래 아주 잠시 너무 두려웠지만..전에 안과쌤이 하신 말을 듣고 안심이 많이 돼었습니다 지금 브로멜라인 파파인 영양제도 챙겨먹고있는데 한 알에 1800함량이 안돼면 거의 효과가 없다 하더라고요 제가 먹고있는 건 한통에 1800함량이라..다 복용하고바꿔봐야겠어요 너무 무서운데 괜찮을까요..,C2,C9,tri_llm_consensus
T-1792,2024,안과,궁금합니다. 이정도면. 몇급이나요,오른쪽이0.1. 안경쓰면잘모르고. 오른쪽이 혼탁이심하고 또황반변성이. 진행중이라고하네요 심한정도는아니고. 나중엔. 심해질것라고하네요. 이정도면. 시각장애인될수있나요. 그럼 몇급정도일까요 구입하네요,C7,,tri_llm_consensus
T-1793,2024,"건강식품, 의약외품, #오큐실, #아미넥스코리아, #쿠팡, #스마트스토어, #황반변성, #녹내장, #루테인, #황반변성주사, #녹내장수술, #눈영양제",수유역 황반변성 주사 가능한 곳 있나요?,"안녕하세요, 수유역 근처에 살고 있는데 최근에 황반변성 진단을 받았습니다.

치료를 시작하려고 하는데, 가능하면 집 근처에서 치료 받고 싶어서요

혹시 수유역 황반변성 주사 치료 가능한 곳 있나요?",C8,,tri_llm_consensus
T-1794,2024,"안과, #황반변성, #백내장, #백내장수술, #잠실안과, #송파구안과",어머니 백내장 수술하라는데.....,"어머니께서 눈이 급시리고 피로하셔서 검사를받으러갔는데 정작 눈시리고 아픈건 큰문제없이 일시적으로 눈물이 좀 건조해져서그렇데요. 일시적인거고 원인은 스트레스나 뭐 여러이유가있을수있다고하시고는 안약을 처방해주셨는데.

문제는 황반변성이 진행되었다 하시네요.눈시력잃어버리는 병으로알고있는데 너무놀라서 어떤 병이나원인으로 생기게된거냐 물어보니 노화로 자연스럽게 오셨데요. 이건 어떤 치료방법이없고 앞으로 눈관리잘하고 그리고 종이에 그물같이 빽빽이줄이가있는그림 주시고는 이그물그려진종이의 그물이 일그러져보이거나 일부가 검게보이거나 수시로 점검하시다 증상보이면 바로 병원으로 오시라고하시더군요. 지금은 어머니께선 깨끗하게 그물처진그림그대로 보이신데요.그리고 황반변성이 앞으로도 더 안좋아질거 예방하려면 루테인 꼭먹으라하셔서 받아왔는데...좀;;....뭐랄까 비싸기만하고 웬지 굳이안먹어도되는건데 꾸준히 먹으라하시니... 물론 권해주실만하니깐 권해주셨겠지만 ....흠......그래서 루테인을 지속적으로 먹어야할지요?

그리고 제일문제는 생각지도못한 백내장이있으시데요. 근데 어머니께서는 사물이 잘안보이거나 흐려보이거나 이런점은 전혀없으시거든요. 그날 유난히 눈이 시리고 아픈느낌이와서 급하게 안과간것이고 진단결과도 일시적으로 안구건조증이신거로 말씀하셨고.....그리고 저희어머니께선 심지어 70세이신데도 작은 글씨까지 잘보십니다. 근데 뜬금 백내장이라니 상당히 놀랐습니다. 그 지수재는게있는데 1~10까지중에 6점때부터 수술을 권하게 되어있는데 어머니께서 딱 6점이나오셨다고 다음주중으로 백내장수술예약을 잡고왔습니다. 간호사님 말로는 딱 10분만에 끝낼수있는 간단한 수술이라면서 수술받는걸 권하셔서 일단 예약을 잡고는 왔는데...흠......제생각에는 나이70연세에 저희어머니정도면 상당히 눈건강이 좋다고생각들거든요. 백내장도 어머니연세에 자연스럽게 온정도이고 이게 병으로까지 생각하기엔 무리아닐지 하는생각이듭니다. 그래서 이 수술을 받아야할지 눈이란건 조금만 잘못되어도 큰일이기때문에 전 눈관리를 더 철저히 잘영양섭취하시고(당근같은거로) ....수술은 안받았으면 싶은마음인데 형님하고 아버지께선 수술받으라 하십니다...어떻게하는게 좋을지 전문가분께서 조언좀 부탁드려요!  그리고 어머닌 보이시는건 불푠한거없이 여전히 잘보이신다고하십니다. 수술 받아야할지 어떻게할까요??",C9,C5;C3,tri_llm_consensus
T-1795,2024,"안과, #눈, #망막박리, #망막박리수술후, #황반변성, #휘어보임",망막박리 수술 후 회복단계 황반변성,"망막박리 수술 후

안보이던 한쪽 눈이 보이기 시작했고

근데 수술 직후부터 앞이 휘어보이고 약간 어둡게? 보이는 둥

이게 황반변성이라고 하던데 병원에선 눈에서 물이 빠지고 있고 이런 현상들은 회복중에 있는 일이다랬는데

수술후 몇개월 지나서 렌즈도끼고 하는데

황반변성?은 나아지질 않네요ㅜㅜ

왼쪽눈에 비해서 수술한눈은 흐릿하고ㅜ

언제쯤 괜찮아질까요? 병원에선 원래 회복중에 그렇다던데 원래 이런건가요?

네이버 지식인 검색해보면 망막박리 수술 후 회복이 엄청 길다던데 정말인건가용 ㅜㅜ

아 수술 후 레이저는 한번 받았습니다

또 받으러 가야하는데 병원이 너무 멀어서 다른 병원에서

받아보려구요 담달부터",C9,C9,tri_llm_consensus
T-1796,2024,안과,황반변성도 유전이 되나요?,"친가쪽에 황반변성 걸리신 분이 계시는데

이것도 유전병인가요?

유전이면 몇 살부터 검사를 받는 것이 좋을까요?",C1,C2,tri_llm_consensus
T-1797,2024,안과,습성 황반변성 치료 방법은 있을지요?,제목과 같습니다,C3,,tri_llm_consensus
T-1798,2024,안과,황반변성 진단,"얼마전에 눈관련 진료를 받다가 황반변성이 있다는걸 알게 됐습니다

동네병원에서는 6개월뒤에 다시 검사해 보자고 했고 대학병원에서는 ""난 이정도로는 황반변성이라고 진단도 잘 안내린다""고 하시더라구요 그래도 백내장도 살짝 있으니 안구건조증 안약 잘 넣고 눈에 좋은거 멉으면서 3개월뒤에 다시 보자고 하셨는데요

근데 주위반응이 넘 안좋더라구요. 그거 안과질환중에 젤 무서운병이지 않냐 실명도 된다더라 등등...

아는 언니도 황반변성으로 따로 치료 받는거 없이 1년에 한번씩 추적관찰 하고 있다는데 사람들은 이병에 대해 넘 무섭게 생각들 하고 있는듯 합니다

제 나이가 50살인데요 황반변성이 시작됐어도 계속 정기적으로 검사만 받으면서 지내도 되는건지...

사람들 반응처럼 엄청 무서운 병인건지..궁금합니다

황반변성이 있는분의 의견이나 조언도 듣고 싶네요",C6,C2,tri_llm_consensus
T-1799,2024,"안과, #산정특례, #파킨슨, #황반변성",산정특례)황반변성으로 특례지정되었는데 파킨슨 진단받았면,"받았으면

산정특례가

황반변성으로 이미 되었기에 파킨슨으론 따로 신청안해도 두 질병 모두 산정특례 반영이 되는지

아님 또 파킨슨 산정특례 신청을 해야 하나요?

오늘 파킨슨 진료 및 진단해주신 선생님이 산정특례 눌러봤더니 이미 황반변성으로 특례떠있어서

반송된다고 보여주셨는데 혹시 해서요! 의료기기가 많이 필요해서요 ㅠ 안전바 등등..",C7,,tri_llm_consensus
T-1800,2024,"주사, 약물 요법",눈 황반변성치료주사 후 독감 코로나 예방,"안녕하세요

가천대길병원 안과에서 황반성 치료주사시술 을

지난14일 에 맞아는데 지금은 항생제 와 눈물 약을

눈에 넣고 있는데 내일 독감예방주사 와 코로나예방 주사을 맞을려고. 하는데 부작용 이 없는지 아니면

예방주사 을 맞아도 괜찬은지 알려 주세요",C9,C4,tri_llm_consensus
T-1801,2024,"안과, #황반변성, #녹내장, #안과, #오큐실, #아미넥스코리아, #쿠팡, #황반변성, #녹내장, #안과, #황반변성치료, #황반변성예방, #당뇨망막병증, #백내장",녹내장과 황반변성이 같이 있을 수 있을까요?,한쪽 눈에 녹내장 있어서 주기적으로 검사받으러 다니고 있는데요. 어쩌다 황반변성 자가테스트로 유명한 암슬러 격자 테스트를 하게 됐어요. 녹내장 있는쪽 눈으로 보면 아래 사진처럼 오른쪽 윗부분이 흐릿하게 보입니다.병원에 가보려고 하는데 녹내장과가 아니라 망막과로 가봐야할까요? 황반변성일 수 있을까요..?,C2,C8;C1,review_pool_R1_v5b
T-1802,2024,안과,황반변성 주사치료 사고 관련 문의드립니다.,"어머니께서 왼쪽눈 황반변성 진단 받으시고 주사 치료중입니다.

진단은 왼쪽눈을 받으셨는데, 간호사 실수로 오른쪽눈에 주사를 놓았다고 합니다.

의사는 괜찮다고하는데

정상적인눈에 황반변성 치료주사를 맞아도 이상이 없는지와

실수한 병원에 어떻게 대처를해야될지 문의드립니다",C9,C4,tri_llm_consensus
T-1803,2024,안과,안과에서 황반변성검사했고 이상없는데 이주뒤에 오라는이유,"초고도 근시에 요새 한쪽눈이 갑자기 잘 안보여서

오늘 정밀검사까지 했는데 아무 문제 없대요!

의사쌤 말로는 제가 요즘 폰을 많이해서 한쪽눈이 흐릿하게 보일 수도 있다네요ㅜㅜ

근데 오늘 검사에서 아무 이상도 없는데 이주뒤에 오라는 이유가 뭘까요?",C2,,tri_llm_consensus
T-1804,2024,"외과, #오큐실, #아미넥스코리아, #녹내장, #황반변성, #눈영양제, #눈전문영양제, #황반변성치료, #황반변성증상, #황반변성주사, #황반변성검사","황반변성,아일리아 주사맞았는데 비행기 타도 되나요?","제가 수요일에 망막에 물이차서 망막주사를 맞게 되었습니다. 근데 제가 한국이 주거지가 아니여서

다음주 수요일 저녁 비행기로 돌아가야 하는 데

병원에선 공기방울더 없고 주사 맞은 부위도 아물었다 하어 단지 경과를 못보고 가는게 아쉽다 말씀 하셨습니다

주사 맞고 7일만에 비행기에 올라타는건데

문제가 될까요?? 다시 물이 찬다거나.. 하는 건 없겠죠???",C9,C4,tri_llm_consensus
T-1805,2024,안과,황반변성  어떤상태인가요?,"언니가 황반변성 이라는데 직선이 구부러져 보인다고 합니다.

(병원에서 황반변성이라고 함) 이걸루 건성인지 습성인지 알 수있나요?

이 정도면 심각한 상태인가요? 언니 나이는 40중반입니다.

언니한테 자세한 상황을 묻고 싶지만 본인도 기분이 안좋은지 물어도 대답 안해줘서 답답한 상황입니다.

평소 안경도 안쓰고 다니고 현재도 안경 안쓰고 운전은 하는걸로 봐선 시력은 급격하게 떨어진건 아닌것 같아요

답글 부탁드립니다.",C2,C6,tri_llm_consensus
T-1806,2024,성형외과,안과검사에대한,제가. 목포에있는한빛안과에서. 목포한국병원에있는. 안과으로. 진료받고싶은데. 한국병원에있는 안과는첨이라. 한빛안광에서. 이제까지받았던. 진료내용을때거. 한국병원으로가고가야되나요. 한국병원에있는. 안과는제가. 어떤. 안과에 병명이있는지. 몰르잖아요. 예을들면. 혼탁이라던지. 황반변성 이라던지요. 알려주세요. 그래야. 진료내용을때서. 한국병원에서. 가다주고진료받게요,C8,C2,tri_llm_consensus
T-1807,2024,안과,눈에 불빛이....,지금까진. 괜찮지만. 아주 아주가끔씩. 눈에서불꽃처럼보이네요. 오른쪽눈에. 혼탁이랑. 황반변성이있어. 굴곡이랑. 한곳에. ⚫️이렇게보이는건알고있지만. 사진에있는것 처럼보이거나. 벌레처럼보일때가있는데. 이런것도. 안과에서 왜 그런지알수가있나요. 특히오른쪽이심해요,C2,,tri_llm_consensus
T-1808,2024,"안과, #아미넥스코리아, #오큐실, #황반변성, #황반변성증상, #황반변성치료, #황반변성말기, #황반변성주사, #눈영양제, #눈수술, #당뇨망막",황반변성 치료잘하는곳,"동네 안과에서 황반변성 진단 받았고

더 큰 병원으로 가서 치료 받으라고 합니다

이런 경우면 심각한 걸까요?

황반변성 치료잘하는곳 궁금합니다",C8,C6,tri_llm_consensus
T-1809,2024,안과,황반변성?,"살짝 피곤해지면 어느한부분을봤응때 초점에 살짝 검은색 큰점이생기는데

눈깜빡이면 없어져요

요즘 스트레스도많이받고

핸드폰도너무많이 봤는데

이거때문에 이증상이 장깐나타날수도있는건가요?

비문증이랑 광시증앓고있습니다

그리고 눈을 빨리깜빡거리면 그점이보여요

피곤할때

5일전에 안과가서 망막검사했는데

괜찮다는데

괜찮겠죠?

그리고 안과는 몇달주기로가는게좋을까요?",C2,,review_pool_R1_v5b
T-1810,2024,안과,황반변성?,"살짝 피곤해지면 어느한부분을봤응때 초점에 살짝 검은색 큰점이생기는데

눈깜빡이면 없어져요

요즘 스트레스도많이받고

핸드폰도너무많이 봤는데

이거때문에 이증상이 장깐나타날수도있는건가요?

예전에도 이런증상이 있긴했어요

비문증이랑 광시증앓고있습니다

그리고 눈을 빨리깜빡거리면 그점이보여요

피곤할때

5일전에 안과가서 망막검사했는데

괜찮다는데

괜찮겠죠?

그리고 안과는 몇달주기로가는게좋을까요?",C2,,review_pool_R1_v5b
T-1811,2024,안과,블루라이트 황반변성,"스마트폰 사용과 치명적인 눈질환사이 관계가 있나요?

스마트폰 사용이 길면 황반변성, 녹내장, 망막박리등 실명위험이 있는 질병을 일으킬수 있는지 궁금합니다",C1,,tri_llm_consensus
T-1812,2024,안과,암슬러 격자 현상 질문입니다,"안과에서 암슬러격자 자가진단표를 주셨는데

선이 휘어지거나 네 모서리가 보이지 않거나 하진 않으나

오른쪽 눈으로 봤을때

가운데의 하얀 점 부분이 주변에 크진 않지만 점 아래쪽으로 뿌옇게 번짐현상이 있는것 같습니다.

이것도 황반변성의 시초로 볼수 있을까요?

최근 오른쪽 눈이 건조해서 그런지 불편함이 있었던터라 걱정이 되네요

답변주시면 감사하겠습니다.",C2,,review_pool_R1_v5b
T-1813,2024,"안과, #황반변성, #오큐실, #아미넥스코리아, #녹내장, #눈전문영양제, #안과, #루센티스, #건성황반변성, #습성황반변성, #습성황반변성치료",황반변성 눈 검사 질문드려요.,"오늘 동네 병원에서 황반변성 진단받았습니다..

내일 모레 대학병원에서 다시 한번 검사 할려고 예약 잡아뒀는데

이렇게 짧은기간에 검사해도 눈에 무리가 가지 않는지요.

검사한 장비 이름을 정확히 모르겠지만

oct 도 있었구요.

괜찮은지요.",C2,,tri_llm_consensus
T-1814,2024,"영양제, 건강보조식품, #아레즈2, #아레즈2포뮬라, #areds2, #루테인, #지아잔틴, #루테인지아잔틴",황반변성으로 인한 아레즈2 성분 섭취 관련,"아레즈(AREDS2)가

루테인 10mg, 지아잔틴 2mg, 비타민C 500mg, 비타민E 400IU(약 270mg), 아연 25mg, 구리 2mg

이렇게 구성되어 있던데

이거 한 번에 다 챙겨주는 영양제가 잘 없더라구요

그래서 예를 들어

1. 루테인+지아잔틴

2. 비타민C

3. 비타민E

4. 아연+구리

이런 식으로 따로따로 용량에 맞게 영양제 종류별로 동시에 먹어도 아레즈2와 같은 효과 있을까요?

아니면 그냥 시중에 파는 아레즈2 영양제 사먹는 게 나을까요?",C5,,tri_llm_consensus
T-1815,2024,안과,안과 세극등현미경 검사 관련 질문,"1. 안과에서 기본적으로 하는 세극등현미경 검사 있잖아요. 그 검사에서 이상이 없다고 하면 백내장,황반변성,망막박리 같은 안질환 징후가 없다는 거죠??

2. 보통 세극등 현미경처럼 기본적인 검사를 하고 나서 이상이 있을때 안저검사 같은 다른 검사들도 추가적으로 하는 건가요? 이상이 없으면 할 필요 없는건가요?",C2,,tri_llm_consensus
T-1816,2024,"안과, #장액성맥락망막병증",장액성 맥락망막병증 질문입니다.,"작년 10월에 처음 발생해서 3주정도 지나 자연적으로 소멸하였는데

올2월에 다시 생겨서 병원에서 검사를 마치고 약복용으로 치료를 하였습니다.

중간에 검사를 하면서 점차 호전되는 모습이 보였고 10월쯤에 검사했을때

물이 다 빠지고 흔적만 남은 상태여서 일단 약복용은 꾸준히 하면서 지켜보자고 했는데요.

그리고 며칠전에 다시 재발해서 병원을 가서 검사를 했습니다. (이때는 망막전문의한테 갔네요)

그간 과정을 듣더니 2월부터 10월까지 약복용만으로 치료했냐고 좀 놀란듯이 말한게 걸립니다.

이 병이 오래되면 황반변성이나 신생혈관이 생기는 등 안좋다고 알고있는데요.

현재 검사로는 시력저하는 없고 물이 좀 찬 정도인데

의사분은 레이저치료를 하기에 좋은 위치라고 말은 하긴 했는데 자연적으로 호전되기도 한다는 식으로

선택하라는 느낌이여서 고민이 됩니다.

레이저 치료는 부작용으로 망막박리라던가 신생혈관생성같은 것들이 있고

재발된 시점은 짧으나 기간이 좀 오래된 게 걸리고 이게 너무 고민이네요.

레이저치료를 한다고 해도 재발가능성이 있다고하니..

일단 약복용하던거로 1달?정도 더 기다려봐도 되는건지.. 궁금합니다.",C9,C3,tri_llm_consensus
T-1817,2024,"약 효능, 성분",루테인은 황반병선에만 효과있는게 맞나요? 녹내장은요?,"녹내장때문에 병원을 다녀왔습니다

1. 루테인 처방을 원한다고 요청드리니 루테인은 황반변성에만 효과있는 것이라며 먹는 것은 추천하지 않으시더라고요 이게 맞는것인지..

2. 그럼 녹내장은 안약만 처방받는게 맞는건가요

녹내장 진행 전에 예방관련 약은 없을까요?",C5,C5,tri_llm_consensus
T-1818,2024,"인체건강상식, #황반변성증상",황반변성의 시력,황반변성은 시력이 아예 없어 앞을 아예 못보이지 않는것인가요?,C6,,tri_llm_consensus
T-1819,2024,"건강식품, 의약외품",메기슈퍼버전프리미엄루테인과 루테인지아단틴 오메가3,"황반변성 때문에 먹으려고 합니다

메가슈퍼버전 프리미엄루테인과 루테인지아잔틴 오메가3같이 복용해도 될까요??",C5,,tri_llm_consensus
T-1820,2024,"의료기관, 의료인",골프가 황반변성에 나쁜가요,일반적으로 고혈압이 황반변성에 나쁘나고하는데 골프스윙시 일시적으로 혈압이 오른다고 하는데 그러면 골프가 전체적으로 황반변성에 나쁜 결과를 주나요?,C5,C5,tri_llm_consensus
T-1821,2024,"한방 안과, 이비인후과",눈 영양제 복용,"황반변성진단 받은 70대후반 할밉니다

아들이 둘인데

항산화투모로우골드를 사오고

하나는 루테인&지아잔틴을 사왔는데

하루한알 인데

아침 한알 저녁한알 먹어도

될까요?

과다가 될까봐서요

조용히 묻습니다ᆢ",C5,C9,tri_llm_consensus
T-1822,2024,안과,황반변성 증상,"황반병선 증상이랑 똑같은 증상이 나오다가, 사라졌어요

이 경우도 괜찮은건가요?",C2,,tri_llm_consensus
T-1823,2024,안과,안저검사 소요시간 오래 걸리나요?,"황반변성 의심이 되서 정확한 검사를 위해

안저검사를 받아야할 것 같은데

제가 점심시간 이용해서 다녀올거라

안저검사 소요시간 오래 걸릴까요?",C2,,tri_llm_consensus
T-1824,2024,안과,"망막병증,황반변성에 걸리면 원시도 나타나나요?","망막병증,황반변성에 걸리면 원시도 나타나나요??",C1,,tri_llm_consensus
T-1825,2025,"안과, #황반변성, #실명, #안저검사, #시력, #노안, #황반변성완치, #백내장, #녹내장",60대 중반 남성 황반변성 진단 받았습니다,"안녕하세요.. 제 삼촌 이야긴데요 ㅜㅠ

몇년 전에 눈이 안보여서 안과에 엠알아이 각종검사했는데 아무 이상이 없다고 했습니다.

그런데

최근에 다른 안과에 가보니 오른쪽 눈 80프로 안보이고 황반변성이라고 진단 받았습니다..

의사는 나이들면 노화현상으로 이런병이 올수있다고 현재할수있는 방안으로는 “황반변성을 늦추기 위해”

루테인지아잔틴 비타민e 약을 먹으라고 하셨습니다.

황반변성의 끝은 실명이라고 알고있는데.

현재 병원측에서 말하는

실명을 늦추는 방법 말고,

실명이 되지 않게

오른쪽 눈 시력을 유지할 수 잇는 시술 , 수술 치료법은 없는지 궁금합니다.

돈은 얼마 들어도 괜찮으니 삼촌 지금 시력 20퍼라도 유지될 수 있는 해결책을 알려주시면 감사하겠습니다.",C3,C6,tri_llm_consensus
T-1826,2025,성인영양,눈영양제 지아잔틴과 아스티잔틴  무슨차이인가요?,"저희 엄마가 황반변성이 있으셔서 저도 꾸준히 눈영양제를 먹으려고 하고있는데, NCS 루테인 아스티잔틴, WCS루테인 지아잔틴 같은 제약회사도 이렇게 따로 나와있더라구요. 어떤게 더 좋을까요? 다른점이 뭔가요?",C5,C1,tri_llm_consensus
T-1827,2025,안과,황반변성의 원인,오메가6 와 황반변성은 관계가 있나요?,C1,,tri_llm_consensus
T-1828,2025,안과,황반변성관한 질문,황반변성 걸리면 수명이 줄어드나요?,C1,,tri_llm_consensus
T-1829,2025,"주사, 약물 요법, #걱정도",황반변성 주사치료 질문입니다,"주사치료후 눈에 붕대를 해야하나요? 또 아프지는 안나요?

바로 일상생활이 가능 하나요?

#걱정도

되고 궁금하기도 하고 아시는분 답변 부탁 드립니다.",C4,,tri_llm_consensus
T-1830,2025,안과,황반변성 인가요…??,어젯밤부터 왼쪽 눈 시야에서 까맣게 보이는데 반투명하고 까맣게 보이는거여서 시야는 잘 보여요. 시야에서 계속 보이는 게 아니고 어두운 곳에서 특히 그러거나 자주 보여요. 원래 근시가 있어서 시력이 떨어진 것 못 느꼈어요..,C2,,tri_llm_consensus
T-1831,2025,"건강식품, 의약외품, #황반변성",황반변성 건기식 의사가 추천한 거만 먹어야 하나요?,"어머니가 황반변성이 있으셔서 의사가 눈 건기식을 꼭 먹으라고 브랜드를 콕 찝어서 지정해서 말해주셨어요.

근데 이게 유의미한건 루테인뿐인거 같은데, 꼭 의사가 지정한 제품을 먹어야하나요?

찾아보니 의사가 추천한 약은 하루에 아침 저녁으로 2정씩 총 4정을 먹는데 어차피 하루 루테인 섭취량은 20mg이더라구요. 다른 제품들은 1정에 20mg이구요. 의사가 추천한건 2정씩 아침 저녁으로 먹어야 하는데, 다른 제품을 먹으면 하루에 1정만 먹어도 되는데 굳이 저 제품을 먹어야 하나 싶어서요.

그리고 의사가 추천한 약은 루테인에 비타민 C 500mg, 비타민 B2, B6, E, 아연 등이 조금씩 더 들어있더라구요. 추가로 들어가있는 비타민도 황반변성에 의미가 있는건가요? 그거도 궁금합니다.

의사가 추천한 약 말고 다른 제품을 먹어도 되는지 궁금합니다.",C5,,tri_llm_consensus
T-1832,2025,안과,황반변성시력이 떨어지몀 물이찬건가요?,"황반변성인데 어느덧 7년이 다되갑니다

33세이고

아일리아 맞은지 4개월째인데

중심부 암점은 안생겼는데 약간 시력이 떨어진 느낌입니다

다시 재발 한 걸까요? 원래 아일리아 맞으면 보통 일년은 가야한다는데 왜그리 재발이 빠른 걸까요",C6,C4,tri_llm_consensus
T-1833,2025,인체건강상식,황반변성의 시력,황반변성은 혹시 색상도 구별을 잘못하나요?,C1,,tri_llm_consensus
T-1834,2025,안과,황반변성으로 실명,"한쪽눈이 황반변성 으로 실명이 되었다는데,, 다른한쪽 눈으로 생활에는 불편이 없을지 궁금합니다",C6,,tri_llm_consensus
T-1835,2025,"안과, #황반변성, #망막박리",황반변성과 망막박리..,"오늘 일본 병원에서 찍은사진을 프린트로 받았는데요

혹시 봐주실분 계실까요?ㅠㅜ

제가 잘못알아들었을지도모르고...용어도 너무어려웠어요ㅠㅠ

오늘 진료하신 선생님은 황반변성보단 망막박리위험을 얘기하셨어요

왼쪽은 21년도에 레이져해놨었고요..

걱정인게 선이 구불거려보이는건데 이젠 물체를볼때도 느껴져요ㅠㅠ

더커지는건 아닐까 걱정되네요...",C2,C6,tri_llm_consensus
T-1836,2025,안과,외상성 황반변성 치료 가능한가요?,"안녕하세요.

제 동생이 약 8년전 어릴적에 친구의 장난에 눈을 다쳐 대학병원에서 황반변성 진단을 받았습니다.

황반변성의 그 심각성 정도는 양쪽 눈 각각 달라 한쪽 눈은 실명 직전까지도 간 것으로 알고 있습니다.

그때 당시에는 황반변성의 완전한 완치가 어렵다고 들었지만, 혹시나 수년이 지난 지금이라면 다른 치료방법이 있을까 하여 현재의 황반변성 치료법에 대해 질문합니다.",C3,,tri_llm_consensus
T-1837,2025,안과,oct 촬영이랑 안저검사를 자주 했습니다,"망막에 드루젠이 있어 황반변성 검사하느라 처음에

병원 몇군데에서 여러번 검사를 했습니다.

그리고 2개월 간격으로 했고요

이렇게 검사를 자주해도 눈에 부작용이 없는지

궁금합니다",C2,,tri_llm_consensus
T-1838,2025,"안과, #황반변성주사",건성 황반변성도 항체주사치료 하나요?,"엄마가 진단받으셨고 저도 같이 갔습니다.

3일 전부터 줄글 (책, 문자 등)이 약간 물결처럼 보인다고 하셔서.

건성 황반변성이라고 진단받고 주사치료 설명 들었습니다.

걱정되어 찾아보니. 일반적으론 습성이 주사치료던데 건성도 그렇게 하는 경우가 있나요?",C4,,tri_llm_consensus
T-1839,2025,안과,황반변성 피료제,지금 까지 나온 황반변성 치료제들은 대부분 완치보단 진행 속도를 늦춰주는 역할 이라고 들엇는데 그걸 맞고도 시려기리 좋아지거나 완치도 가능 할까요?,C3,C6,tri_llm_consensus
T-1840,2025,안과,황반변성 항체주사...,황반변성 항체주사 맞으면 시력이 많이는 아니지만 조금이나마 좋아지긴 하나요? 그리고 맞다가 안 맞으면 다시 나빠 지나요?,C4,C6,tri_llm_consensus
T-1841,2025,건강상담,청주황반변성 병원 추천 부탁드립니다!,"아빠가 요즘 눈이 뭔가 불편해서

증상을 찾아보니까 황반변성 같다고

청주황반변성 병원 좀 찾아달라고 하셔서요!

저도 좀 찾아보니까 망막쪽인 것 같은데

이쪽으로 잘 보는 병원 추천 부탁드립니다!",C8,,tri_llm_consensus
T-1842,2025,"성인영양, #황반변성, #약국",오큐테인3 질문입니다.,"눈에 황반변성이 왔다고 해서 병원에서 오큐테인3을 먹었읍니다.

6개월마다 검사를 한다고 하는데

그냥 동네 몇 군데 약국에서 사 먹을려고 하니 없다네요.

황반변성에 좋고 동네 약국에서 쉽게 구할수 있는 영양제 추천 바랍니다.",C5,,tri_llm_consensus
T-1843,2025,"안과, #습성황반변성, #안과, #망막삼출물",도베실산 칼슘수화물의 망막삼출물 질문드려요.,"부모님이 습성 황반변성 진단을 받으셔서 도움이 될 정보를 찾아보다가, 도베실산이 망막삼출물에 효과가 있다는 글을 보게 됐습니다.

""국내에서 처방가능한 750mg의 용량의 도베실산 칼슘은 당뇨병성 망막병증의 초기소견인 안저출혈, 미세동맥류, 망막 삼출물이 유의하게 감소시켰습니다.""

여기서 ""망막 삼출물"" 부분이 습성 황반변성의 삼출물에도 효과가 있는 것인지, 삼출물이 생기는 성격이 달라서 습성 황반변성의 삼출물과는 상관없는건지 궁금합니다.",C3,,tri_llm_consensus
T-1844,2025,"영양제, 건강보조식품, #지아잔틴, #아스타잔틴, #항산화, #피부영양제, #눈건강, #오메가3, #콜라겐, #노화방지, #건강기능식품, #영양제추천, #아이허브추천",마리골드꽃 추출물 루테인,"안녕하세요^^

병원에서 황반변성이 올 수 있다고 해서 지아잔틴이 함유된 영양제를 먹어보려고 하는데요~

그런데 오랫동안 먹어왔던 영양제를 보니 마리골드꽃 추출물에서 얻은 루테인이더라고요.

마리골드꽃에 지아잔틴도 소량 함유되어 있다고 들었는데, 영양제 성분표에는 아스타잔틴만 4mg 함유된 걸로 표기되어 있어서 궁금해서 물어봤더니 지아잔틴은 없는 게 맞다고 하더라고요.

그럼 마리골드꽃에 들어 있는 소량의 지아잔틴을 추출 과정에서 뺀 걸까요?

아니면 원래 루테인에 소량 포함되어 있는 거라 지아잔틴은 따로 표기하지 않고 아스타잔틴만 표기한 걸까요?

아니면 애초에 마리골드꽃에 지아잔틴이 있다는게 잘못된 정보일까요ㅎㅎ

물론 지아잔틴이 들어간 영양제를 따로 사 먹으면 되지만… 지금 먹는 영양제가 꽤 남아 있어서 고민이 되네요.

그리고 옥수수, 케일, 시금치, 브로콜리, 계란 노른자 등을 매일 열심히 먹으면 굳이 지아잔틴이 함유된 영양제를 따로 챙겨 먹지 않아도 될까요?

감사합니다!",C5,,tri_llm_consensus
T-1845,2025,안과,황반변성 마지막은 결국 실명인가요?,"이번에 양쪽눈 건성 황반변성 진단받았습니다

유튜브 카페가입해서 자료 찾아보았습니다

건성은 치료방법 없고 습성은 주사치료

결론은 실명을 최대한 늦추기 위한 치료인거지요?

그럼 언젠가는 100프로 실명이 온다는 건가요?",C6,,tri_llm_consensus
T-1846,2025,안과,황반변성 암점 순간적으로 보였다가 사라짐,"양쪽눈 건성 황반변성 입니다

요즘들어와서 순간적으로 암점이 보이면 눈동자를 따라

암점이 움직이고 눈깜밖이면 한 2초3초 정도 보였다가 사라집니다

하루에 한번정도 이렇게 보이는 듯 해요

이게 일반적인 황반변성 증상인가요?

제가 광시증도 있는데 광시증 증상일까요?",C2,,tri_llm_consensus
T-1847,2025,"안과, #황반변성",황반변성치료...,안녕하세요...저희아버지가 황반변성으로 점점앞을보지못하게되어가고있습니다 아무리찾아봐도 치료가능한병이아니더라구요...방법을찾고싶습니다 세상에서 제일 존경하는아버지인데 앞을못보게되어가고있다니 마음이너무아픔니다 도움을주세요 부탁드립니다....,C3,,tri_llm_consensus
T-1848,2025,안과,망막검사로 황반변성인지 알 수 있나요?,"망막 사진 찍었을 때 아무 이상 없다고 하셨고

동공 확장 안약 넣고 망막 검사 했을때 아무 이상 없다고 하셨어요

망막검사로 황반변성인지 알 수 있나요?",C2,,tri_llm_consensus
T-1849,2025,안과,망막검사로 황반변성인지 판별 가능한가요?,"망막 사진 찍었을 때 아무 이상 없다고 하셨고

동공 확장 안약 넣은 후 검사했을 때도 아무 이상 없다고 하셨습니다.

망막검사로 황반변성인지 알 수 있나요?",C2,,tri_llm_consensus
T-1850,2025,안과,산동검사로 황반변성인지 알 수 있나요?,"어제 산동검사를 받았는데

산동 검사로 황반변성인지 알 수 있나요?",C2,,tri_llm_consensus
T-1851,2025,"안과, #황반변성수술, #황반변성, #황반변성치료, #황반변성수술",황반변성 수술 필수인가요?,"건성 황반변성이라는 진단을 받았습니다

아직은 괜찮은데 심해지면 수술 받아야 한다고 하더군요

황반변성은 꼭 수술해야 하나요?

최대한 수술 안 받으려면 어떻게 관리하는게 좋을까요?",C3,C5,tri_llm_consensus
T-1852,2025,성인영양,황반변성에 솔티스 복용해도 될까요,"저의 엄마가 황반변성 치료중에 있습니다

약국에서 추천받아서 눈영양제 메가슈퍼버전프리미엄 루테인을 복용중입니다 아스타잔틴이 좋다고 해서 솔티스를 드리려고 하는데 같이 복용해도 될까요??",C5,C9,tri_llm_consensus
T-1853,2025,안과,황반변성 주사 맞고 눈에 물들어가면,황반변성 주사맞고 눈에 물들어가면 안된다고 들었는데 피치못할 이유로 물이들어가면 어떻게되나요?빗물이 들어간다던지..걱정되어 여쭈어봅니다.,C9,C4,tri_llm_consensus
T-1854,2025,"안과, #황반변성, #황반변성주사, #황반변성치료",황반변성 주사맞은 후 증상,"황반변성때문에 눈알에 주사 를 두방맞고 4일차 입니다.

오른쪽 눈알 안쪽 두방 맞았는데 처음에 모래낀것처럼

까끌거리는 증상은 없어졌는데 앞이 주사 맞기전보다

전체적으로 더 흐려졌고, 주사 안맞은 눈알 바깥쪽을 보면 눈곱낀것처럼 흐리고 텁텁한데 원래 이런가요?

시간이 지나면 나아지는지요? 안과가서 검진하니 안압은

정상이라고 합니다..",C9,C4,tri_llm_consensus
T-1855,2025,"의료, 상해 보험",황반변성 주사치료 보험가입시 수술로 고지해야 되나요?,수술비 보험가입 할때 황반변성 통원으로 주사치료 받은거 수술로 고지 해야 되나요? 10년동안 20번 넘은 주사치료를 받은 상황이예요 답변 부탁드립니다,C7,,tri_llm_consensus
T-1856,2025,안과,황반변성 소프트렌즈 렌즈 착용,"왼쪽 눈에 신생혈관이 있어서 주사 맞고 왔습니다

앞으로 렌즈 착용할 수 없나요?

렌즈 착용이 황반변성에 영향을 줄까요?",C9,C4,tri_llm_consensus
T-1857,2025,"미용도구, #루테아틴부스터, #루테아틴, #눈영양제, #황반변성, #황반변성초기","황반변성 초기, 루테아틴 부스터 도움 될까요?","안녕하세요 50대 남자 직장인입니다

요즘 가끔 사물이나 보이는 게 살짝 구부러진 것 같이? 보이기도 하고

시야 중심부가 흐리게 보일 때가 있는데 이거 황반변성일까요…

제가 얼핏 듣기론 황반변성 걸리면

실명될 수도 있다는데 어찌하면 좋을까요

증상이 아주 심하진 않아서 초기인 것 같긴 한데

일단 이번주에 연차내고 병원 한 번 가보려고 하고요

그동안에 손 놓고 있기 너무 불안해서

챙길 영양제 같은 것 좀 알아보고 있는데

친한 지인이 루테아틴 부스터 먹어보라고 하더라고요

본인도 자기가 다니는 병원에서 추천받은거라면서…

이왕 먹기 시작하는 거

제대로 된 제품으로 골라서 먹고 싶은데

그냥 추천 받은거 먹으면 될지..

아님 더 좋은 제품이 있을지.. 궁금하네요

많은 답변 주시면 감사하겠습니다.",C5,C2;C6,tri_llm_consensus
T-1858,2025,안과,황반변성 관련,"황반변성 의심 할려면 막 시야가 흐려지고 휘어지고 해야 한다고 하잖아요?

그게 괜찮았다가 이상해졌다가 하나요?",C2,,review_pool_R1_v5b
T-1859,2025,"안과, #안과전문의",(사진) 안저사진으로 황반변성을 알 수 있나요?,"안녕하세요

1. 안저사진으로 시신경말고

황반변성도 진단할수있나요?

꼭oct를찍어야 아나요?

2. 햇빛이나 형광등을 정면으로 보면

황반변성이 올 수 있나요..?

감사합니다",C2,C1,tri_llm_consensus
T-1860,2025,안과,황반변성 질문,"안녕하세요

한쪽눈 시력이 저하되고

사물이 휘어져 보이는 것은 모두 황반변성인가요?",C2,,tri_llm_consensus
T-1861,2025,"한방 안과, 이비인후과",황반변성 안구주사 부작용 인지 알고싶습니다,"황반변성 안구 주사를 맞았어요

몇 차례 주입 할 때는 물이 번지는 모양이 보였어요

이번 주입 할 때는 눈이 아프고 주입시 먹물이 번지는 모습이 보이더니

앞이 아예 안보이더라구요 눈동자가 기스난것처럼 걸리는 것도있고

6일째인데도 동전만한 검은 동그라미가 계속 보이며 시력이 안보이네요

증상이 왜그런 건가요 박사님 ?",C9,C4,tri_llm_consensus
T-1862,2025,"한방내과, #황반변성, #눈영양제, #황반변성테스트",황반변성 테스트 자가적으로 하는방법?(서울 황반변성),"서울 50대 중반/여 황반변성

황반변성 테스트 관련해서 질문좀 드릴게요

최근 들어 눈이 침침하고, 특정 부분이 흐려 보이는 느낌도 있는데요

혹시 황반변성이 아닐까 걱정인데 병원은 다음주 예약이예요

그동안 황반변성 테스트라도 집에서 할 수 있나 체크해보고 싶은데

황반변성 테스트 자가방법 있나요?

그리고 알아보다보니 눈 건조나 피로 같은 것도 황반변성에 영향을 줄 수 있다는 말을 들어서요..

정말로 노화만이 아니라 눈이 계속 피로하거나 건조할 경우에도 황반에 영향을 준다는 건데 이게 사실인가요?

챙겨먹을만한 눈 영양제를 알아보니 오큘라레이드 라는 제품을 많이 드시더라고요

[URL-REDACTED]

눈 영양제는 한가지 성분이 아니라 여러가지 관리되는게 좋다고 해서 찾아봤는데

이게 제일 드시는 분들이 많고 또 루테인, 오메가3, 빌베리추출물 들어있던데 전문가분이 한번 봐주실 수 있나요?

성분조합 괜찮은지 조언 부탁드릴게요

광고는 사절하겠습니다",C2,C5;C1,tri_llm_consensus
T-1863,2025,안과,궁금합니다,"제가. 교정시력이

오른쪽이0.1이고. 혼탁이랑. 황반변성이있는데

시각장애경증(4급)될수있나요

아님양쪽시력이0.1이되야되나요. 교정시력이

아님. 한쪽만. 교정시력이0.1되야하나요

시각장애경증(4급)되면. 시각장애협회에. 이용할수있나요

알려주세요. 첨이라서",C7,,tri_llm_consensus
T-1864,2025,"성인영양, #아스타잔틴, #아스타잔틴음식",아스타잔틴 음식 눈피로에 좋나요?(서울 아스타잔틴),"서울 50대 중반/여 아스타잔틴

혹시 아스타잔틴 음식으로는 어떤게 있나요?

자연식으로 챙겨보려고 하는데 아스타잔틴 음식 여러가지 추천해주셨으면 좋겠어요.

그리고 아스타잔틴 음식만 먹어서는 관리가 부족할거 같아서 눈영양제도 같이 먹어볼건데 이거는 뭐가 좋을까요?

찾아보면 피로나 건조감, 황반변성 이런게 다 중요해서 복합성분 들어간 제품이 좋다고 하더라고요.

오큘라레이드 라는 제품이 유명한거 같던데 이거 어때요?

빌베리추출물, 오메가3, 루테인 성분 들어있거든요? 식약처 인정받은거라고 하던데..

[URL-REDACTED]

실제로는 어떨지 전문가분이 직접 봐주셨으면 해서 같이 질문드려요.

전문적인 답변 주시고 광고는 사절하겠습니다",C5,,tri_llm_consensus
T-1865,2025,보장성보험,보험 알릴의무 1년 고지에 해당되나요?,"건강검진중 황반변성 의심을 받고

병원에가서 초기 진단을 받았습니다.

약을 먹거나 치료는 따로 없었습니다.

이럴경우

1년이내에 의사로부터 진찰 또는 검사를 통하여 추가검사(재 검사)를 받은 사실이 있습니까? 위 질문에

해당되는지 궁금합니다",C7,,tri_llm_consensus
T-1866,2025,안과,황반변성 증상 원인 알려주세요,"황반변성 증상 원인 알려주세요

책을 볼 때 글자가 휘어 보이거나 직선이 삐뚤어져 보여요. 이게 황반변성의 증상일 수 있다고 들었는데, 빨리 병원에 가봐야 하는 걸까요?",C2,C1,tri_llm_consensus
T-1867,2025,"과학, #건성, #황반변성, #치료제, #점안액, #문제풀이",건성 황반변성 치료제로 점안액이 개발되었나요?,과학저널에 우리나라 카이스트 팀에서 건성 황반변성 치료제로 점안액이 개발되었다는 기사가 실린 걸 읽었는데 시중 판매 개시되었는지 궁금합니다.,C3,,tri_llm_consensus
T-1868,2025,안과,이번 건강검진때 우측 눈에 드루젠 소견이 나왔어요,"2년전 검진 당시 황반변성 의증 이라고 해서

안과가서 검진받았는데 그때당시는 특별한거 없이

얼룩? 같은거만있고 문제는 없다고 했었는데

이번검진에서 드루젠이 나왔더라고요

이경우 악화 되었다고 봐야할까요 ?

그리고 이것만 검사하는데 종합적인 안검진이 필요한가요 ?",C2,C6,tri_llm_consensus
T-1869,2025,미용도구,db실손의료비보험2107,"안녕하세요

제가 황반변성으로 비급여 주사치료를 받았습니다.

질병 수술이 아닌 주사치료도 보험료를 청구할수있는지

궁금합니다.

감사합니다!",C7,,tri_llm_consensus
T-1870,2025,안과,이정도면. 시각장애,"안경쓰고

이정도면. 또. 혼탁이랑황반변성이있는데

시각장애4급정도. 받을수있나요. 아님. 정밀검사받아야하나요",C7,,tri_llm_consensus
T-1871,2025,안과,청주에 황반변성 치료할 곳 있을까요?,"안녕하세요 아부지가 요즘 사물이 구불구불?하게 보인다고 그래서

인터넷 찾아보니까 황반변성일 수 있다고 하는데요ㅠ

청주황반변성 치료할 수 있는 곳 좀 알려주세요ㅜㅜ",C8,,tri_llm_consensus
T-1872,2025,안과,안과 황반변성 검사 질문,"어머니께서 안과를 다니시다가 황반변성 증상이 보인다고 하셔서 대학병원으로 진료를 다니고 있습니다.

대학병원에서는 건성 황반변성이라 주사나 수술등의 치료는 아직 불필요하고 6개월에 한번씩 정기검진으로 진행상황을 지켜보자고 하는데요..

지방이라 서울까지 진료 다니려면 하루를 쭉 빼야하는데, 병원가서 촬영 및 산동 검사 등을 받고 외래시간까지 기다리다가 교수님을 만나도 과장안하고 30초만에 네 아직은 크게 변화 없네요 다음 진료때 뵐게요 하고 끝나버리더라고요...

백내장 등 다른 안구 질환은 없는지 등의 추가 질문을 하고 싶어도 질문조차 할 시간이 없을 정도로요...

그래서 위 검사 항목정도면 지역 내 안과에서도 꾸준히 검사를 해도 괜찮을지,

아니면 습성으로 변화 시 빠른 조치가 가능하게 대학병원으로 진료를 쭉 다니는게 맞는지 하는지 의견 좀 부탁드립니다.",C8,,tri_llm_consensus
T-1873,2025,안과,황반변성 검사,"제가 왼쪽눈이 약 15도 정도 중앙에서 왼쪽으로 ㅎ었는디

자가로 황반변성 검사하면 첨에 잘 보이다 계속 눈을 뜨고 있으면한 6-7초 이후로는 겉에 검은 띄가 둘러진거 처럼 보이던데 이것도 증상에 해당할까요 ㅍ?

대신 눈을 감았다 뜨면 다시 사라져요",C2,,tri_llm_consensus
T-1874,2025,"안과, #안과, #황반변성, #요즘궁금한",#요즘궁금한 황반변성은 완치가 없나요?,안과 질병중 황반변성이라는 질환이 있어요. 무서운 병이라는데 걸리면 완치가 안되는지요? 궁금합니다.,C3,,tri_llm_consensus
T-1875,2025,안과,시력 저하 관련 질문,예전부터 직선이 조금씩 구불구불하게 보이는 현상이 있어서 찾아보니 황반변성일수 있다고 하더라구요 근데 최근부터 컴퓨터 모니터나 핸드폰 화면의 전자 글씨들이 약간 입체적으로 보이는 현상까지 발생하고있는데 혹시 뭔지 궁금합니다,C2,,review_pool_R1_v5b
T-1876,2025,안과,시력 저하 질문,예전부터 직선으로된걸 보면 울렁울렁 거렸고 이 증상이 황반변성일수 있다는것도 알게되었는데요 갑자기 왼쪽눈이 깜빡일때마다 자그마한 반점같은게 보이는데 혹시 황반변성이면 무조건 실명으로 이어지나요? 치료는 어떻게 해야할까요,C6,C6;C3,tri_llm_consensus
T-1877,2025,안과,황반변성으로 산정특례,저희 아빠가 황반변성으로 인해 산정특례를 받게 되었는데 산정특례 혜택이 안과에서만 적용되는지 안과 아닌 다른 병원에서도 적용되는지 궁금합니다.,C7,,tri_llm_consensus
T-1878,2025,"라인, #검색질문, #통합검색궁금증, #통합검색질문하기",황반변성의 신약,페그쎄틱플라인,C3,,tri_llm_consensus
T-1879,2025,안과,시력저하로 장애판정 알라보려고 합니다,저는 20년전에 오른쪽 눈에  포도막염으로 유리체 교환술을 하면서 황반변성까지 생겼습니다.  현재는 오른눈의 시력은 물체의 형태만 뿌옇게 보이는 정도이고 왼쪽은 0.6 정도 시력이 나옵니다. 3년전쯤  수술한 병원으로 가서 검사를 는데 의학적으로 도움 줄수있는것이 없다며 오지 않아도 된다고 하더라고요. 수술 당시 결국 실명할 거라고 하셔서 알고는 있었습니다. 알기로는 6개월 진료 기록이 필요하다는데 저는 6개월 진료 기록이 없어서 어지해야 하는지 알고 싶습니다,C7,,tri_llm_consensus
T-1880,2025,혈액종양내과,황반변성과 당뇨,"황반변성 치료를 받고 있는 중입니다

그런데 최근,

당뇨잔단을 받았습니다

당화혈색소 6.8

황반변성 치료에 어떤 영향이 있는지요 ?",C9,C3,tri_llm_consensus
T-1881,2025,안과,황반변성으로눈이잘안보이고파킨슨병도치료받고있습니다.,"황반변성으로눈이잘안보이고파킨슨병도치료받고있습니다이런경우몇급으로판정되나요?

장애인에게주는 헤택은 얼마나되나요?",C7,,tri_llm_consensus
T-1882,2025,안과,눈.황반변성 궁금증?,"10년전쯤 그냥 눈관리차 큰안과에서 진료와 정밀검사 결과 황반변성

초기라면서 사물이 너울저 보이지 않냐길래 저는 아무렇지 않은데 관리차원에서 제주치의 되어주세요 하곤 건조증 약을받고 다른안과 더들려3군데 갔는데 똑같은말씀 이시네요 그래서 인정을하게되었어요 그럼 눈이 했빚 보면 않좋은가 하고 선글라스 쓰고 다니는데요 도움이 되는지 궁금 합니다

글구 황반뜻이 무엇인지요?",C5,C1,tri_llm_consensus
T-1883,2025,장애인복지,시각장애인 등굽 문의,"제가 양쪽눈 0.2 나왔는데 가끔 0.3, 0.2도 나옵니다.

유전적 황반변성으로 중심시세포가 조금 날아간 상태예요

시각장애인 둥급 몇인가요",C7,,tri_llm_consensus
T-1884,2025,안과,황반변성 질문,"이 병은 완치가 없다는데 증상이 있으면 굳이 병원 안 가고

식습관 등등 좋게 바꿔도 상관없나요?",C3,C5;C6,tri_llm_consensus
T-1885,2025,"안과, #황반변성, #황반변성안과",황반변성으로 인한 실명 위기... 치료법이 있을까요,"안녕하세요.

저희 아버지는 포항에 거주중이시고 현재 72세이십니다.

아버지께서 황반변성으로 인한 실명 위기에 있어 딸로서 다급한 마음에 어떠한 조언이라도 참고하고자 지식인에 질문 드립니다.

현재 아버지의 상황을 좀 더 구체적으로 설명드리면

아버지는 2024년 2월 경에 양안(왼눈, 오른눈)에 모두 황반변성 진단을 받으셨고

황반변성 중에서도 건성이 아닌 습성으로 난치성 질환을 인정받으셨습니다.

(아버지께서는 해양경찰이셨는데 바다로 한번 출동 나가시면 한달에 한번꼴로 집에들어오셨어요. 바닷물에 의한 자외선 빛노출과 흡연이 원인이 된거 같습니다)

그 후 '아필리부'라는 황반변성 주사 치료제를 양안 망막에 맞으셨습니다.

현재까지 왼쪽에 세번정도, 오른쪽에 다섯번 정도 맞으셨어요.

(이후 병원의 권유로 백내장 수술도 2025년 4월경에 받은적이 있습니다)

그렇게 치료를 이어가던 중

2025년 7월 10일 낮잠을 자고 오전 11시경에 일어났는데

갑자기 오른쪽 눈이 보이지 않고 새하얗게 백지로 보였답니다.

놀란 마음에 병원에 다녀왔는데 담당의사가 없어, 그 이튿날 다시 병원을 방문했고

담당의사가 오른눈에 핏줄이 터졌으니 가스를 넣는 방법으로 치료를 시작했다고 합니다.

의사 말로는 가스가 뜨지 않게끔 고개를 숙이는 자세를 2주 정도 유지해야 한다고 했어요

특히 최초 3일은 가장 중요한 기간이기 때문에 이때 수그린 자세를 유지하지 않으면 후회할 수도 있다며 최선을 다하라고 했답니다.

오늘(2025년 7월 15일) 다시 병원을 방문했는데

담당의사가 현재 상태에서 더이상 진행할 수 있는 부분은 없고

계속 동일한 자세를 유지하는거 밖에 별다른 치료법이 없다고 하네요.

아버지께서는 오른눈에 핏줄이 터진 이후로 가스 치료법을 시행했지만

현재까지 별다른 차도가 없다고 합니다.

담당의사 말은 치료법이 없다고 밖에 들리지 않는데,

환자와 환자 가족 입장에서는 답답한 마음입니다.

습성 황반변성 환자가 눈에 핏줄이 터진 경우

그리고 가스주입법으로 치료를 진행중인데

별다른 차도가 없다면

기다리는 수 밖에 정말 별달리 치료법이 없는건가요?

어떠한 1%의 가능성이라도 있다면 한가지 희망을 갖고

시도해보고 싶은 마음입니다",C3,C6,tri_llm_consensus
T-1886,2025,"안과, #황반변성, #망막박리",습성 황반변성+내부에서 피 터짐+망막박리일 때 치료?,"안녕하세요 가족이 습성 황반변성 진단을 받았는데 비문증 증상이 생기다가 시야 앞쪽이 가려져서 정밀검사를 받아보니 피가 많이 나와서 퍼져있는 상태라고 합니다.

습성 황반변성으로 인한 출혈 및 망막박리라고 들었는데, 회복은 어렵고 망막박리에 대한 치료는 따로 없이 주사 치료만 진행하자고 들었습니다.

혹시 피가 이미 터진 상태에서는 다른 수술이나 처치가 불가하고 주사로만 치료 연장을 해야하는 것일까요?",C3,C4,tri_llm_consensus
T-1887,2025,안과,교정시력이...,"교정시력이

왼쪽이0.5고. 오른쪽이0.1이라고하네요. 최대한올려도거의안된다고하네요. 오른쪽이. 혼탁이랑. 황반변성도. 있네요.

6~9개월후에도. 똑같나요. 이정도면. 시각장애. 몇습정도나요",C7,,tri_llm_consensus
T-1888,2025,안과,시각장애에대해서,"좋은 눈(외쪽)의 교정시력이 0.5이며, 안 좋은 눈의 시력이 0.1(오른쪽)이면. 시각장애가안되면

만약. 왼쪽이0.1이고. 오른쪽이0.01이면. 시각장애가될수있나요

짐은. 오른쪽이. 혼탁이랑. 황반변성이심한데.",C7,,tri_llm_consensus
T-1889,2025,안과,눈 주사후 이물감이 넘심해요,"황반변성으로 유리체주사 맞았는데 현재 5회째

주사맞고 부터 눈에 이물감이 넘심한데 현재 7개월째 이물감이 있어요

유리체 주사후에 원래 이렇게 이물감이 심한가요

안약 꼬박꼬박 넣고 있는데 이물감이 사라지지가 않네요 해결방법이 있나요",C9,C4,tri_llm_consensus
T-1890,2025,"안과, #습성황반변성, #황반변성",실명되기까지 얼마 안 남은 거 같애요 ㅠ,"안녕하세요. 제가 습성 황반변성이고 지금 너무 빠른 속도로 시력이 떨어지고 있어요. 눈에 주사 맞는 것도 효과를 본 적이 한 번도 없었어요. 실명되기까지 얼마 안 남은 거 같애요 ㅠ 실명된 체로 살아가긴 정말 싫어요 ㅠ

Q1. 어떻게 해야 하나요?

Q2. 황반이식이나 망막이식 수술을 통해시력을 회복할 수 있는 가능성이 있지만 수술은 상당히 복잡하고 리스크가 있다는데 어떤 리스크가 있나요?",C3,C6;C4,tri_llm_consensus
T-1891,2025,안과,눈 암점 질문,보통 황반변성은 눈 중심부에만 생기는 걸로 알고있는데 시선 밖에서 생기는 암점은 생리적 암점인가요? 제가 한쪽 눈을 가린 채 글씨 가운데를 주시하고 있을 때 중심 시야 바깥쪽 1시방향....? 이라 해야하나 거기에 있는 게 가려보여요 왤까요?,C2,,tri_llm_consensus
T-1892,2025,안과,황반변성 산정특례,"항체주사 산정특례로 치료받을때 일반적으로 환자가 비급여로 일단 치료비 전액 선불후

건강공단에서 결정이 되면 환불받나요?

아니면 안과에서 급여로 치료비를 받고 건강공단에 청구하나요",C7,,tri_llm_consensus
T-1893,2025,안과,황반변성 산정특례인정,"황반변성산정특례는 안과경유하여  신청하면 결과까지 얼마나 기달려야하나요?

산정특례신청이란 항체주사맞기전에 신청부터 하는것인가요?",C7,C4,tri_llm_consensus
T-1894,2025,"안과, #안과, #안과질환, #중심장액망막증",중심장액망막증 관련 질문드립니다.,"망막에 물이차는 중심장액망막증을 작년

9월쯤 앓았었어요. 당시에는 황반변성처럼

아스팔트나 다이아몬드 플레이트 철판같이

패텬을 보면 굴고져 보여서 안과에서 정밀검사

(엑스레이,황반검사,초점검사,시력검사 등 7~8가지

정도)했는데 망막에 물이 차서 그렇다며 약처방을

받았었습니다.

사물이 왜곡되어 보이고 피로해서 뿌옇게

보이니 시력도 본래 1.2~1.5를 왔다갔다

하는데 0.8까지 떨어졌죠. 그래서 약을 먹었는데

왜곡현상이 사라졌고 이 증상이 과도한 스트레스와

과로로 생기며, 자연스럽게 없어지기도 하고

다시 재발도 될 수 있다 보아서 우선 왜곡증세가

사라져 약을 중단했지만 침침하고 푸옇게 보이고

초점이 잘 맞지 않는 것같은 증세가 최근까지

계속되고 있어요.

눈영양제를 먹고는 있는데 크게 좋아지진

않아 아직 증상이 남아있거나 혹은 재발이

의심되어서 남은 병원 치료약을 먹으려하는데

괜찮을까요? 혹시 부작용은 없을지요..

답변부탁드립니다",C9,C5,tri_llm_consensus
T-1895,2025,안과,담배와시력,"금연했다.

다시흡연하기시 작했는데. 많이는. 아니고. 가끔피는데

시력에. 영향주나요

짐은. 교정시력이 오른쪽이0.1이고. 오른쪽이. 혼탁도있고. 황반변성이있는데. 더안좋아지나요. 가끔. 눈이간지럽고따가우면. 비비는데. 더안좋아지나용",C5,C6,tri_llm_consensus
T-1896,2025,안과,안구건조증과 황반변성에대해서,"제가맨처음에 눈이물감들고 눈통증이오자 병원에갔더니 안구건조증이라고했습니다.

그래서계속해서복용을해왔고 안낫자 2차병원으로갔습니다.

누점폐쇄술도했습니다.

그나마 효과는뛰어났지만... 돈이없어서못했습니다.

계속 약만복용을해왔고

그러자 다른개인병원으로가서 레이저치료를했습니다.

왼쪽은 살짝 감소되더니 오른쪽은급격하게시력이저하가되었습니다.

다시 처음갔던병원으로갔지만 레이저치료부작용은아니라고했습니다.

2차병원도 역시나레이저부작용은아니라고했습니다.

그래서 계속해서2차병원으로가서진료봤고 눈번쩍거림 비문증증가가있었습니다.

2차병원에서는 대학병원으로가라고했으며 처음갔던 병원에서는레이저치료를받지말라고했고

대학병원에서는레이저치료받아야한다고이야기했습니다.

레이저를받았는데 지금현재시력이왼쪽눈0.4 ,오른쪽눈0.2인데 황반변성일가능성있나요?",C9,C9,tri_llm_consensus
T-1897,2025,"비타민, 식이섬유 음료, #황반변성, #루테인, #지아잔틴, #비타민A, #블루베리추출물, #눈영양제",황반변성 환자입니다. 영양제 질문해요,"우안 습성 황반변성 환자입니다. 수술후 다행히 유지중입니다.

제가 먹는 영양제가

아레즈2(비타민c500. 비타민e 180. 아연 20 .구리2.루테인10지아잔틴2

코엔자임큐10. 오메가3. 비타민디 2천.

이렇게 먹고있습니다.

여기에 아스타잔틴 6미리를 추가해도 될까요?

(아스타잔틴을 먹을때 미네랄과 겹치지 않게 먹으라고 들은적이 있어서요)

약사님들의 답변 부탁드립니다.",C5,C9,tri_llm_consensus
T-1898,2025,성인영양,영양제 어떻게 나눠먹으면 좋을까요?,"오른쪽 우안 습성 황반변성 환자입니다.

현재

아침식후: 아레즈2 1알 . 비타민B군 1알. 코큐텐1알

저녁식후: 아래즈2 1알. 오메가3 1알. 아스타잔틴6mg1알

이렇게 먹고있습니다.

잘 나눠먹고 있는지 약사님들의 조언 기다립니다.",C5,,tri_llm_consensus
T-1899,2025,안과,황반변성 진단 후 재검사나 전문병원 진료가 필요할까요?,"안녕하세요.

얼마 전부터 왼쪽 눈 시력이 급격히 떨어지는 느낌이 있었고, 격자무늬를 볼 때 왼쪽 눈으로만 보면 물체가 일렁이거나 회오리처럼 왜곡되어 보였습니다. 오른쪽 눈은 정상입니다.

걱정이 되어 오늘 근처 안과에서

세극등현미경 검사

안압 측정

굴절 및 조절검사

기본 안저촬영

OCT(안구광학단층촬영)

시신경섬유층 사진

등의 검사를 받았고, 황반변성 진단을 받았습니다.

의사 선생님께서는 수술 단계는 아니라고 하셨고, 특별히 불편하지 않다면 당장 치료보다는 영양제를 권유하시면서 3개월 정도 복용 후 다시 보자고 하셨습니다. 그래서 국제약품

오큐테인3

영양제를 처방받아 복용하기로 했습니다.

다만 인터넷에서 찾아보니, 황반변성은 초기에 주사 치료나 적극적인 치료가 중요하다는 글들이 많아 혼란스럽습니다. 오늘 진료해주신 선생님과 병원에 대한 불신 때문은 아니고, 설명을 충분히 듣지 못한 채 급히 나와서 불안한 마음이 큰 상태입니다.

제가 궁금한 것은,

지금 단계에서 영양제 복용만으로 경과를 지켜봐도 괜찮은 건지,

아니면 황반변성 전문 안과에서 재검사 및 치료 방향을 다시 확인해보는 것이 좋은지

입니다. 경험이나 전문적인 의견 부탁드립니다.",C6,C5;C8,tri_llm_consensus
T-1900,2025,"성인영양, #황반변성, #황반변성치료, #눈건강",황반변성 치료,"황반변성에 좋은 영양제나 음식 차 등....

먹고 효과본분 있음 좀 알려주세요^^",C5,,tri_llm_consensus
T-1901,2025,질환영양,청주 황반변성 치료 잘하는데 찾아요,"엄마가 요즘 tv 자막이 흐리게 보이고

똑바른 선이 휘어져? 보인다고 하시네요..

찾아보니 황반변성인 거 같은데 이거 흔한 질병인가요?ㅠㅠ

청주황반변성 치료 잘하는 안과 어디있을까요ㅠㅠ",C8,C2,tri_llm_consensus
T-1902,2025,안과,황반변서흡서믜 주사치료,"황반변성건성으로 5,6년간 매년 검사받아 오던중,

최근 검사에서 왼쪽이 습성일 가능성이 보인다며 2개월 후 다시 검사 후 습성으로 판단되면, 주사치로법이 있다고 들었습니다.

주사치료법의 완치 내지 개선 가능성은 어느 정도인지요?",C4,C6,tri_llm_consensus
T-1903,2025,안과,습성황반변성의 치료,"습성황반변성의 주사치료 효과가 어느정도인지 의견 주시면 감사하겠습니다.

건성에서 습성으로 바뀐 윈쪽 눈의 치료(5년간 양쪽 눈의 건성 황반변성을 매년 검사 받아 옴)에 고민 중인 사람입니다.",C4,C6,tri_llm_consensus
T-1904,2025,"화학, 화학공학, #문제풀이",수업시간에 챗지피티가 쓴 거 그대로 베끼려고 네이버에 조사한 척 하기 위해 올리는 질문,"일본에서는 2014년 교토대 연구팀이 세계 최초로 **유도만능줄기세포(iPS세포)**를 활용한 임상시험을 진행했다. 황반변성으로 시력을 잃어가던 환자에게 iPS세포로 만든 망막 세포를 이식했는데, 부작용 없이 안정적으로 이식이 유지되며 치료 가능성을 입증했다. 또 미국 캘리포니아의 제론(Geron)사는 2010년 세계 최초로 척수 손상 환자에게 배아 줄기세포 치료제를 임상 적용했으며, 일부 환자들이 감각 회복 등 긍정적 반응을 보였다.

국내에서는 성체 줄기세포를 활용한 치료 연구가 활발히 진행되고 있다. 예를 들어, 차병원 연구팀은 2011년 세계 최초로 줄기세포를 이용한 파킨슨병 환자 치료 임상시험을 승인받아 실제 환자에게 적용했다. 또 서울대병원과 분당차병원에서는 환자의 자가 지방에서 줄기세포를 추출해 무릎 관절염 환자에게 이식하는 연구가 진행되었는데, 일부 환자들이 통증 완화와 연골 재생 효과를 경험했다. 이러한 성과는 국내 줄기세포 연구가 단순 실험 단계를 넘어 실제 임상 치료로 이어지고 있음을 보여준다.",C9,,tri_llm_consensus
T-1905,2025,안과,황반변성주사 맞은 당일 인공눈물 넣어도 되나요?,,C9,C4,tri_llm_consensus
T-1906,2025,"안과, #안과, #황반변성, #안과의사, #안과진료",저희엄마가이번에 건강검진하셨는데요,"계속 빠짐없이건강검진받고있는데 눈검사 아무이상없이 나왔는데

이번에건강검진 했는데 우안 황반변성 의심이라고나왔는데

이렇게 나왔어요 보는거는 지장없다고하십니당 시력이좀낮게나오긴했어요",C2,,tri_llm_consensus
T-1907,2025,"의료기관, 의료인, #안과, #황반변성, #안과의사, #안과전문의, #건강거, #건강검진결과, #안과진료",건강검진안저 검사결과??,저희엄마께서 계속 건강검진 받으셨는데 눈에아무이상없었는데 이번에 우안 황반변성의심이 나왔네요그래서비정상으로나왔어요 보는거는 잘보인다고합니다 안압은 정상으로나왔는데 빠른답변부탁드립니다,C2,,tri_llm_consensus
T-1908,2025,"가정의학과, #안과, #안과의사, #황반변성, #건강검진, #스마일검진, #병원비교플랫폼, #스마일라식, #라섹, #피부과, #성형외과, #안과, #치과",엄마가 이번건강검진 눈검사에서,"건강검진을 해마다 빠뜨리지않고 하는데 이번에 안저검사랑 시력검사했는데 시력은 좀낮게나오고 왼쪽눈은 정상 오른쪽 비정상

우안에 황반변성 의심이라고나옴 엄마한테물어봤더니 보는거는지장없다고합니다 사물도 일그러져보이지않는다고 이상증상은없데요ㅜㅜ 속상하네요

빠른답변부탁드려요",C2,,tri_llm_consensus
T-1909,2025,"안과, #안과, #황반변성",황반변성의심?? 동네안과에서도 검사가 가능한가요,저희엄마가 이번 건강검진에서 우안황반변성의심이라고나와서 이번주에 안과 가는데 동네안과에서도 검사가가능한가요??저희엄마는 보는거는 지장없다고합니다 찌끄러져보이지도 않는다고하더라구요너무속상합니다 빠른답변부탁드려요,C2,,tri_llm_consensus
T-1910,2025,"운전면허시험, #소방공무원, #운전면허, #자격증응시자격, #자격증",한 쪽 눈이 안 보이는데 1종 보통면허 딸 수 있을까요?,"소방 경방 쪽으로 공무원 준비하려고 하는데 1종 보통면허가 필수라고 하더군요... 오른쪽은 정상인데 왼쪽 눈이 황반변성이라 이 점이 걸려서.. 응시 자격이 될까요?

평소에 안경을 껴서 교정하면 오른쪽 눈은 잘 보이는데 왼쪽 눈이 가운데 부분이 잘 안 보여서 눈을 데굴데굴 굴려야 겨우 볼 수 있는 정도입니다....

가운데를 제외한 주변은 선명하게 보여서 괜찮은 건지... 아니면 응시 자격에 포함되지 않는건지... 참 고민이네요.

오른쪽 눈은 1.0 이상 나오는데 황반병성이 있는 눈에선 잘 나와야 0.2정도 됩니다.

아무래도 소방공무원 쪽은 확실히 어렵겠죠.... ㅜ.ㅜ ??",C7,,tri_llm_consensus
T-1911,2025,안과,눈 관련 질문이요,"안녕하세요

저희 어머니가 요즘 눈쪽으로 왼쪽눈 황반변성, 변성근시 진단을 받으셨어요

작은 안과, 큰 병원에 다 갔는데여

큰병원에서 왼쪽눈에 일단 주사까지 맞았는데

한 7일 됬나 싶은데 오른쪽눈에도 간혹가다가 포도송이 무늬, 파란 불빛, 파란 동그란 물체가 보인다 하시더라구요

괜찮던 오른쪽눈이 갑자기 또 왜 그럴까요?

어떡하면 좋을까요?",C2,C9,tri_llm_consensus
T-1912,2025,"의료기관, 의료인",직장 건강검진 결과로,"안저검사 : 황반부 드루젠 또는 초기 황반변성 의심 소견이 관찰됩니다. 정확한 감별 위해 안과 진료를 받으시기 바랍니다.

이렇게 진단 종합 소견 결과가 나왔습니다.

따로 진로의뢰서 없이 건강검진 진단 종합 소견으로도  대학병원에서 진료를 받을 수 있나요?

아니면 동네 병원 방문 후 진료의뢰서를 발급 받아야 하나요?",C7,C2,tri_llm_consensus
T-1913,2025,안과,황반변성 진단시 정기검사는 몇달에 한번인지요?,"황반변성진단후

세극동현미경검사

안압측정

정밀안저검사

광각안저촬영을 거의 두달에 한번씩 하는데 맞는지요?",C6,C6,tri_llm_consensus
T-1914,2025,"질환영양, #황반변성",황반변성 증상이 뭔가요,"서울 30대 후반/여 황반변성

단순히 눈이 흐릿해지고 이런게 아니고

책이나 컴퓨터 글자가 좀 휘어보이면

황반변성 증상이 맞나요????

이거말고도 어떤 증상이 있나요??

엄마가 갑자기 뭐 다 휘어서 보인다네요

황반변성에 루테인지아잔틴보다

사프란 영양제가 좋다는데 어떨까요??

먹으면 도움 좀 될까요??",C2,C5,tri_llm_consensus
T-1915,2025,"질환영양, #황반변성, #아이레노바",아이레노바 황반변성에 좋을까요??,"서울 30대 중반/남 황반변성

어머니께서 황반변성 진달을 받으셨는데

다행히도 습성이 아닌 건성이라 앞으로

관리를 잘해주면 된다고 들었습니다.

영양제도 챙겨먹으면 좋다고 해서 찾다보니

아이레노바라는 제품이 황반변성에 좋다고하는데

혹시 먹으면 도움이 될까요??

이 부분에 대해서 잘 몰라서 여쭤봅니다",C5,,tri_llm_consensus
T-1916,2025,"성인영양, #황반변성",황반변성에 좋은 성분,"서울 50대 초반/여 황반변성

황반변성에 좋은 성분 어떤게 있을까요?",C5,,tri_llm_consensus
T-1917,2025,"영양학 이론, #황반변성",황반변성 검사,"서울 50대 초반/남 황반변성

황반변성인지 검사 어떻게 하나요?

안과가서 그냥 바로 되나요??

이미 증상이 있으면 영양제 먹어도 효과 없나요??

약사분이 추천해주셨는데 먹지말까요?

[URL-REDACTED]",C2,C5,tri_llm_consensus
T-1918,2025,"질환영양, #황반변성영양제",황반변성 영양제 추천,"서울 50대 중반/여 황반변성

황반변성 영양제 추천 좀 해주세요. 아이레노바가 루테인지아잔틴 이런거보다 더 좋다고 하는 분들이 많던데 맞나요??",C5,,tri_llm_consensus
T-1919,2025,안과,할머니께서 황반변성을 걸리셨다는데 그게 뭔가요?,오늘 할머니께서 병원에 큰고모와 같이 백내장 때문에 병원의 가셨는데 환반병성이여서 한 쪽 눈은 시력이 없다고 하시는데 혹시 황반변성이 뭘까요?,C1,,tri_llm_consensus
T-1920,2025,"질환영양, #아이글로리업",아이글로리업 효능,"서울 40대 초반/남 아이글로리업

아는 약사 지인분께서 아이글로리업이라는 성분이 황반변성이나 녹내장 예방에 좋다고 추천해주시더라고요.

어떤 성분이 들어 있어서 그런 효능이 있는 건지 궁금합니다.

또 얼마나 꾸준히 먹어야 도움이 될까요?",C5,,tri_llm_consensus
T-1921,2025,안과,황반변성 황반부종 차이,차이점이 뭔가요 ?,C1,,tri_llm_consensus
T-1922,2025,안과,혹시 저 황반변성일까요?,"오전9시쯤 가능한빨리 안과를 방문하여 진료와 치료를받을려고합니다만

이게 구체적으로 어떻게설명해야할까요?

사물을 보면 좌우로 왔다갔다 보이고 흔들려 보입니다. 물체가 꼭 살아있는 것처럼 움직여 보입니다. 이렇게밖에 설명하기가 어려워서요 .. 건물의 일부나  입간판에 있는 사진을보면

살아있는것처럼 움직이는것같습니다!",C2,,review_pool_R1_v5b
T-1923,2025,"질환영양, #황반변성영양제",황반변성 영양제 루테인 효과,"서울 50대 중반/남 황반변성영양제

황반변성에 어떤 성분이 효과 좋을까요?

루테인밖에 아는게 없는데 황반변성 영양제로

루테인 효과가 어떨런지 모르겠습니다.

혹시 황반변성에 루테인만 먹으면 된다면

어떤 부분을 고려해서 먹어야 할까요??

성분이나 비율 같은게 있던데요.

유튜브에서 어떤 분께서는 이 제품먹으면서

황반변성이 더 진행되지 않고 잘 관리하고

있다고 추천해주셨는데 루테인은 따로 없는

제품인거 같은데 괜찮은지 궁금합니다

[URL-REDACTED]",C5,,tri_llm_consensus
T-1924,2025,"질환영양, #황반변성영양제",황반변성영양제 어떤게 좋나요?,"서울 50대 후반/남 황반변성영양제

노안도 점점 심하고 최근 황반변성 영양제를 알아보던 중 루테인과 함께 사프란이라는 성분이 좋다는 이야기를 들었습니다. 사프란이 황반변성 관리에 정확히 어떤 작용을 하는지 궁금합니다. 혹시 이것말고도 황반변성영양제로 좋은게 있으면 좀 알려주세요.

주변 사람들은 루테인지아잔틴이나 아스타잔틴을 주로 먹는데 이것먹어도 황반변성에는 효과 없다는 얘기도 많아 뭐가 맞는지 모르겠네요.",C5,,tri_llm_consensus
T-1925,2025,안과,황반변성에 대해서,황반변성 잘보는곳 추천부탁드립니다,C8,,tri_llm_consensus
T-1926,2025,"한방내과, #시야가흐릿함, #글자가휘어보임",글자가 자꾸 비뚤어져 보이는데 눈 문제?,"부산 60대 초반/남 글자가

최근 책을 볼 때 글자가 자꾸 비뚤어져 보이는데 예전과 다르게 직선이 휘어 보이기도 합니다.

눈을 비비면 잠깐 나아지는 것 같지만 금방 다시 흐려져요.

나이 때문인지, 병적인 건지 걱정입니다.

황반변성과 관련 있을까요?",C2,,tri_llm_consensus
T-1927,2025,"안과, #황반변성, #황반변성검사, #백내장, #당뇨성백내장, #잠실안과, #송파구안과",황반변성 .당뇨망막.백내장 잘보시는 삼성서울병원 명의,"저희엄마가  당뇨랑 고혈압에 고지혈증이 있으신데 당뇨때문에 안과의원에서 당뇨망막검사를

6개월씩 검사를 받고있으신데  요번에 검사를 받아보니 황반변성이 있다해서 대학병원으로 가서 진료볼려고하는데 혹시 삼성서울병원에 잘보시는 교수는 아시는분  추천해주세요

당뇨망막은 아직 괜찮다고하시는데 백내장이랑 비문증도 있으셔서 걱정이에요

황반변성도 심해지면 실명도 됄수잇는 거라도 들어서요 너무 걱정이라...

이왕이면 삼성서울병원이 좋지만 꼭 이병원이 아니어도 돼요

황반변성.  당뇨망막.백내장.비문증등등 눈 잘보시는 대학병원이랑 교수님 추천해주세요",C8,,tri_llm_consensus
T-1928,2025,"한방내과, #루테인음식, #루테인음식섭취, #루테인음식섭취효과",루테인 음식 먹어도 눈이 왜건조해요?(서울 루테인음식),"서울 50대 중반/여 루테인음식

눈 건강 챙기려고 루테인 음식 매일 식단에 넣어서 신경 쓰며 무척 노력하거든요.

그런데 주변에서 루테인 음식 섭취만으로는 눈 건조나 피로감까지는 해결이 안 된다고 하더라고요.

식약처에서도 루테인 음식 기능성은 노화로 인한 황반변성 부분만 인정했다니 솔직히 좀 충격이었어요.

저는 루테인 음식 하나면 다 되는 줄 알았는데 이제라도 제 눈을 위해 제대로 관리하고 싶어요.

그래서 알아보니 빌베리랑 오메가3가 건조랑 피로 개선에 좋고 이걸 한 번에 챙기는 게 빌메루 섭취법이라네요.

오큘라레이드 성분 구성을 보니까 루테인지아잔틴이랑 빌베리, 오메가3가 다 들어있고, 베타카로틴도 같이 있던데 전문가님이 보시기에 괜찮은 건가요?

베타카로틴이랑 비타민A 차이점도 궁금하고 제가 깐깐한 편이라 걱정되니 자세한 설명 부탁드려요.",C5,,tri_llm_consensus
T-1929,2025,"한방내과, #황반변성영양제",황반변성 영양제 루테인효능 믿을만할까요?,"서울 50대 후반/여 황반변성 영양제

황반변성 영양제 찾다 보면 루테인 얘기가 많아요.

그래서 황반변성 영양제로 루테인을 먹고 있는데요.

제가 눈 건조함이랑 피로도 같이 느껴져서요..

혹시 루테인만으로는 눈 건조랑 피로감은 관리되기 어려운건가요?

실제로 루테인 효능에는 눈 기능 중 아주 일부만 허가받은거라는 말도 있던데, 이 말이 사실인지 궁금해요.

저도 황반변성 영양제 필수인 나이라 무섭기도 하지만, 뻑뻑하고 피로한 게 더 급해서 더 괜찮은걸 알아보고 있는데,

빌베리랑 오메가3가 건조, 피로를 식약처에서 인정받았다 해서, 다 합쳐 먹는 눈 관리 빌메루 섭취법이라는게 있더라고요.

보니까 오큘라레이드가 이에 해당되는 제품이라던데 이거 믿고 먹어도 되는 제품인지 궁금합니다.

성분은 다 갖춘 것 같은데 베타카로틴 이라는 거도 포함되어있거든요. 이 성분조합으로 먹으면 도움이 될까요?",C5,,tri_llm_consensus
T-1930,2025,안과,이런게. 실명. 전조증상인가요,오른쪽이. 혼탁이있고. 오른쪽이. 부분부분이. 검정색이고. 찌그러져 보이고(황반 변성같은데) 오른쪽이교정시력이0.1이하같은데. 안경도수올려봤자똑같다고하는데. 이런게. 실명전조증상인가요. 알려주세요,C2,C6,tri_llm_consensus
T-1931,2025,안과,정밀검사비용과시간,오른쪽이. 혼탁이랑. 부분부분이 검은색이. 보이고. 찌그러져 보이는데(황반변성의심) 또 교정시력이 0.1이하고. 왼쪽이0.3종도되고. 안경점에서. 도수올려도소용없을거라하는데. 함번정밀검사받고싶은데. 정밀검사. 비용이얼마나할까요. 제가. 수급자라. 얼마나. 나올까요. 이정도로. 시각장애안나오겠죠. 알려주세요. 또벙밀검사하는데. 몇시간이나걸려요,C7,C2,tri_llm_consensus
T-1932,2025,안과,60세 아버지 눈이 빨갛게 변한 상태,"황반변성 있으시고

10월초에 눈이 가렵다면서 안과에 갔더니 눈병이라 하던데 그 이후로 오른쪽 눈이 계속 빨갛게 변해서 원상태로 돌아올 생각을 안하네요

퇴근하시고 6시 반쯤에 같이 저녁을 먹는데 항상 오른쪽 눈이 빨갛게 충혈되어 있고, 오른쪽 시야가 흐리다고 합니다.

자기 말로는 눈 안쪽은 간지럽지도 않아서 안긁었다고 함. 아버지가 전하기를 ""의사 말로는 눈병 후유증이다. 1년정도 계속 될 수 있다."" 라고 말하는데 이게 의사가 진짜로 한 말인지 믿어지지 않네요.

또 윗 눈두덩이쪽이 나이가 들어서 좀 무거워보이던데 눈을 살짝 까보니까 눈이 튀어나올 것처럼 눈두덩이 경계선 표시가 나있는 상태더라구요.

눈 전체가 빨갛게 변한 상태입니다. 다음주 수요일날 같이 병원에 같이 한 번 더 갈 생각인데 심각한 병의 전조증상이나 대학병원에 가야하는 일은 아닐까 걱정되는데 병명이 그저 '눈병'이 맞는지 궁금합니다.",C2,,tri_llm_consensus
T-1933,2025,"안과, #황반변성증상",황반변성 증상 어떻게 나타나나요(도곡역 황반변성),"도곡역 50대 초반/남 황반변성

안녕하세요.

저는 여성, 52세이고 최근 들어 가까운 글씨나 정면을 볼 때 글자가 울렁거리거나 가운데가 번진 것처럼 보이는 느낌이 있어서 걱정이 됩니다. 안경 때문에 그런 건지, 아니면 눈에 이상이 생긴 건지 헷갈려서 질문드립니다.

특히 책을 읽을 때나 휴대폰을 볼 때 가운데 부분이 흐릿하고 잘 안 보이는 느낌이 들고, 주변부는 괜찮은데 가운데만 뿌옇게 보이니 신경이 많이 쓰입니다.

빛이 번져 보이거나 직선이 구부러져 보일 때도 있습니다.

황반변성이라는 질환과 비슷한 것 같아서 걱정되고, 혹시 치료 시기를 놓치면 더 심해지는 병인지도 궁금합니다.

황반변성이라면 초기 증상, 진행 단계, 시력 변화가 어떤 식으로 나타나는지 자세히 알고 싶습니다.

또, 초기에 발견하면 어떤 도움이 될 수 있는지도 알고 싶습니다.",C2,C1,tri_llm_consensus
T-1934,2025,"한방내과, #눈건조증, #눈건조증치료, #눈건조증치료법",눈건조증 치료법 뭐가 좋나요?(서울 눈건조증),"서울 50대 후반/여 눈건조증

눈건조증 치료법 루테인 효능이 좋다는 말만 믿고 여태껏 열심히 챙겨 먹었는데 이게 뻑뻑한 증상에는 전혀 효과가 없다는 이야기를 듣고 가슴이 철렁했네요.

사실 눈건조증 치료법 알아보다가 그냥 남들이 다 먹으니까 먹은 건데, 알고 보니 식약처에서 루테인은 황반변성 관련된 것만 인정했고 건조함 개선은 전혀 인정을 못 받았다고 하던데 사실인가요?

저는 갱년기 지나면서 눈이 모래알 굴러가듯 뻑뻑하고 아픈 게 제일 큰 문제라 눈건조증 치료법 효과를 기대했는데,

이제야 제대로 관리하려면 빌베리랑 오메가3까지 같이 챙기는 빌메루 섭취법을 따라야 한다는 걸 알았어요.

눈건조증 치료법 때문에 고민하다가 성분을 따져보니 복합적으로 관리해야 한다길래 급하게 알아보고 있습니다.

검색하다가 알게 된 건데 오큘라레이드 라는 제품이 제가 찾던 성분이 다 들어있는 것 같아서요.

루테인도 지아잔틴이랑 섞여 있고 빌베리, 오메가3 등 눈에 좋다는 건 다 들어간 것 같은데, 어떤지 전문가님께 확인받고 싶어요.

좋아졌다는 후기는 많이 보이더라고요.

그리고 베타카로틴도 비타민A랑 비슷한 거라던데 제가 눈이 침침한 것도 있어서 이것도 도움이 되는지 궁금하네요.

자세히 설명해 주세요!",C5,,tri_llm_consensus
T-1935,2025,"안과, #황반변성, #황반변성병원",황반변성병원 답이 있을까요(한남동 황반변성),"한남동 60대 중반/남 황반변성

안녕하세요.

저희 아버지께서 최근에 황반변성 진단을 받으셨습니다.

나이가 60대이시고, 평소에 눈이 침침하다고 하셨지만

바쁘다는 이유로 황반변성병원을 미루다가 이제서야 진단을 받게 되었습니다.

황반변성병원에서는 주사 치료를 권유했고, 정기적으로 치료를 받아야 한다고 들었습니다.

이게 실명될 수도 있다고 하는데 꾸준한 치료로 막을 수 있을까요 너무 걱정이 됩니다.",C6,C4;C8,tri_llm_consensus
T-1936,2025,"한방내과, #눈건강식품, #눈건강식품효과","눈 건강식품 눈 피로, 건조 다 챙기려면 어떡해요?","서울 50대 중반/남 눈건강식품

눈 건강식품 루테인 효능 때문에 다들 눈 영양제 많이 드시는 걸로 압니다.

근데 아무 생각 없이 루테인을 먹어왔었는데, 이게 눈 기능 중에 일부만 허가를 받은 거라고 하더라고요.

저는 다 좋은 줄 알고 눈 건강식품으로 루테인을 먹었던건데, 그게 아니라는 사실에 좀 놀랐어요.

식약처에서는 루테인을 엄격하게 노화로 인한 황반변성만 되고 건조나 피로는 인정을 못 받았다고 하더라고요.

잘 보지 않고 먹은 제 탓이지만.. 제가 먹던 루테인 눈 건강식품도 다시 확인해보니까 정말 그렇더라고요.

저는 요즘 일하면서 눈이 건조하고 피로한게 자주 느껴져서 눈 영양제를 먹기 시작했던건데,

알고보니 저 같은 경우에는 루테인만으로는 부족하다고 하네요.

대신 빌베리랑 오메가3가 건조랑 피로에 허가를 받아서 이걸 포함해서 먹는게 더 좋다는데 사실인가요?

루테인이랑 빌베리랑 오메가3 다 같이 먹는 게 빌메루 섭취법이라는 거던데, 이 조합이 어떤지 봐주시고요.

그리고 오큘라레이드 라는 제품이 이 성분들이 다 같이 들어있더라고요.

게다가 루테인만이 아니라 루테인지아잔틴으로 구성되어있고,

또 베타카로틴? 이라는거도 같이 들어있던데, 이건 구체적으로 뭔가요?

식약처에서도 인증받았고 해서 좋은 것 같은데,

루테인 효능이 다가 아니란 걸 알고 나니 먹기전에 좀더 알고 먹고 싶어요.

전문가님께서 자세히 설명해 주세요!",C5,,tri_llm_consensus
T-1937,2025,"한방내과, #눈이침침할때, #눈이침침, #눈이침침할때관리",눈이 침침할때 어떻게 해야되나요?(서울 눈이침침할때),"서울 50대 초반/남 눈이침침할때

눈이 침침할때가 많아서 요즘 고민이에요..

눈 영양제로 루테인을 많이 먹잖아요.

그래서 저도 아무 생각없이 눈이 침침할때 루테인을 먹어왔었는데요.

근데 알고보니 루테인효능이 눈 기능 중에 일부만 허가를 받으거라고 하더라구요.

저는 눈이 침침할때, 또 눈이 건조하거나 피로할 때에도 다 좋은건줄 알았거든요.. 그게 아니더라구요? 맞나요?

실제로 루테인은 우리나라 식약처에서는 엄격하게 노화로 인한 황반변성만 되고 눈건조나 눈피로나 이런거는 전혀 인정을 안해주고 못받았다고하는데, 제대로 확인 받고 싶어요..

저는 황반변성도 걱정되긴 하지만 일 하면서 건조하고 피로한게 당장 느껴져서 이것도 염려스럽거든요..

중요하고 눈은 여러가지 제대로 관리해야 될거 같아서 꾸준하게 제대로 관리하고 싶거든요.

그래서 다른것들도 좀 알아보니까 빌베리랑 오메가3가 눈에 건조랑 눈피로랑 식약처에서 허가를 받았더라구요.

루테인이랑 빌베리랑 오메가3 다 같이 먹는게 좋다는걸 이제 알았는데 이게 눈 관리 빌메루 섭취법이라는게 있더라구요 abc주스 같이.

그래서 이런걸로 찾아보니까 오큘라레이드란 제품이 나오는데 이 제품 괜찮은건가요?

이거 다 들어가 있고 루테인이 루테인지아잔틴으로 들어가 있어서 괜찮은 제품 같은데 어떤지 좀 봐주세요.

베타카로틴이라는 거도 같이 들어있더라고요. 식약처에서 기능성도 인정받았고 드시는 분들도 많아서 좋아보이긴 한데,

루테인만 먹으면 되는줄 알고 있다가 아닌거 알게 되서 좀 충격받아서 이번에는 제대로 알고 먹고 싶어서요.

전문가님께서 보시기에도 괜찮은지 봐주세요",C5,C2,tri_llm_consensus
T-1938,2025,안과,황반변성으로,"진단받은후 1년뒤에 혈관이 터짐으로

실명선고 받았는데

한쪽눈은 정상인데 그눈까지 터지면

완전 시각장애로 살게 될처지 입니다

질문은 성한 눈을 유지 하는데

주의상황이 궁금합니다ᆢ

대학병원에선 시간도 촉박하고

긴장되어 생각도 안나서요ᆢ

부탁합니다ᆢ",C5,C6,tri_llm_consensus
T-1939,2025,안과,이런것도. 저시력에해당되나요,"이런것도. 저시력에. 들어가나요

저는. 오른쪽이. 혼탁이랑. 황반변성이있어. 오른쪽은. 부분부분이 검정색으로 보이고. 찌그러져 보일때도있고. 아예. 검정색으로 보일때도있어. 거의. 교정시력이 0.1(제세히는모르고)이하이고. 왼쪽은. 교정시력이. 0.3정도. 되는데. 언견점이나안과에서. 안경도수. 높여도. 소용없을것에요 하는데이런것도. 저시력에해당되나요",C7,,tri_llm_consensus
T-1940,2025,"건강식품, 의약외품",약사님 영양제 질문입니다.,"앞서 질문에 추가하고싶은데 50대 아줌마라 추가를 못해서 다시 질문드려요

우안 황반변성 환자 입니다 .

응급수술후 잘 유지돠고 있습니다.

오전: 아레즈2. 코큐텐 비타민비 비타민디

오후: 아레즈2. 오메가3. 아스타잔틴6미리

아레즈2는 아침저녁 1알씩 먹고있습니다

아래즈2와 아스타잔틴을 같이 복용해도 괜찮은가요?",C5,C9,tri_llm_consensus
T-1941,2025,"염색, 탈색",염색과시력에대해서,"전. 오른쪽이. 혼탁이랑. 황반변성이진행중인데

가끔. 오른쪽이 부분부분이. 검은색으로 보이고. 찌그러져 보일때도있고. 대부분. 가운데가. 검정색으로 보이고. 교정시력이. 오른쪽이0.1이하고. 왼쪽은. 교정시력이 0.3인데. 염색 을하면. 나빠지나요. 알려주세요",C5,C6,tri_llm_consensus
T-1942,2025,"한방내과, #눈건강영양제, #눈건강영양제효과, #눈건강영양제섭취효과",눈건강 영양제 침침한 눈에 뭐가 좋을까요?,"서울 50대 중반/남 눈건강영양제

눈건강영양제 관련해서 요즘 눈이 너무 피로하고 뻑뻑해서 하나 장만하려고 보고 있습니다.

눈건강영양제 종류가 워낙 많다 보니 어떤 걸 골라야 할지 모르겠네요..

다만 중요한건 제가 눈건강영양제로 루테인만 든걸 먹었었는데도 눈 피로랑 건조함이 별로 해소되지 않았다는 겁니다.

다들 눈 루테인효능 이야기만 하길래 저도 그것만 먹으면 되는 줄 알고 먹기 시작했던 것이거든요..

근데 실제로 별로 체감되지 않네요.. 그래서 다시 루테인에 관련해서 알아보니 이게 우리나라 식약처에서는 이게 노화로 인한 황반변성 쪽에만 도움을 준다고 허가를 해줬다면서요?

그래서 저처럼 눈 건조나 피로가 심한 사람들한테는 제한적일 수 있다는 말을 이제서야 봤습니다..

알고보니 빌베리랑 오메가3를 포함해서 먹어줘야 도움된다고 하던데, 이 말이 사실인가요?

잘 관리하시는 분들을 보면 오큘라레이드? 라는 제품을 섭취하시더라고요.

여기에는 루테인도 지아잔틴이랑 같이 있고, 빌베리, 오메가3 뿐 아니라 베타카로틴이라는 거도 포함되어있어요.

제가 보기에는 성분 구성이 알차서 좋아보이는데,

전문가님께서 보시기에도 괜찮은 구성인가요?",C5,C2,tri_llm_consensus
T-1943,2025,미용도구,"2022.9월경 백내장 수술한 남자입니다. 수술후 시력이 좋아져 만족했는데,","2022.9월경 백내장 수술한 현재 64세 남자입니다. 수술후 시력이 좋아져 만족했는데 그 당시 황반변성 초기증세가 있다는 말을 들었습니다. 그리고 2023년말까지 6개월에 한번씩 내원하여 안약을 넣고 황반변성에 좋다는 영양제도 추천하여 복용하다가, 병원이 멀기도 하고 시간과 비용도 많이들어 24년과 25년도에는 수술한 병원에 가지도 않고 약도안먹고 안약도 며칠에 한번씩 넣는 둥. 그 영향인지 2025.12월초경 우측 시력이 급격히 떨어져 동네 안과에 가서 진찰결과 별 이상은 없고 황반변성 초기증상이 있다고 하더군요. 시력측정 한결과, 그 당시 수술후 시력은 0.8이었으나, 지금은 0.3으로 떨어져 있더군요. 그래서 급히 수술한 병원에 내원하니 약처방과, 안약 3종류, 영양제, 주더군요. 시력저하가 황반변성 초기 영향인지, 아니면 안약을 넣지 않아서 그런지. 원인을 잘 모르겠습니다. 지금부터 부지런히 안약넣고 약 복용하면 예전의 시력이 회복 되는지요. 고견을 듣고 싶습니다.",C6,C2,tri_llm_consensus
T-1944,2025,안과,황반변성 백내장환자도히알캡너도되나요,,C9,,tri_llm_consensus
T-1945,2025,신경외과,오른쪽 신체만 여러군데 문제가 많이 발생하는데 무슨과진료를 받아야할까요?,"제가 오른쪽만 유난히 작고 큰 문제들이 많습니다.

오른쪽 눈은 황반변성초기에 왼쪽보다 어둡게 보이고

귀는 이관개방증, 폐는 암, 무릎과 손가락은 주기적인 통증치료, 종아리당김은 거의항상있습니다.

전체적인 원인이 뭔가 있을거같은데

어느과 진료를 보러가야할지 모르겠습니다.

아시는분 답변 좀 해주시면 감사하겠습니다.",C9,,tri_llm_consensus
T-1946,2025,안과,황반변성.당뇨망막병증,"강남성모대학병원이랑 삼성서울병원중에 황변성.당뇨망막병증 어느곳이 더 잘보나요?? 두병원중에 진료꼼꼼하게잘보고 설명잘해주시는 교수님추천해주세요

황반변성.당뇨에 백내장에 비문증도있어서 안과잘보는 대학병원을 알아보고있어요.추천부탁드려요",C8,C2,tri_llm_consensus
T-1947,2025,안과,황반변성 이나 중심막뭐시기 증상인지 봐주세요,"황반변성같다고 해서 그 암격자인지 뭔지 해봤는데요 왼쪽눈이고

그 가운데 점을 응시했을때 변성 증상처럼 점이 달리보이거나 왜곡되어 보이진않았습니다

다만 그 점이 중심 시야라고한다면 그점부분에서

아래쪽시야가 흐릿한색으로 두개가 가려집니다 정확히는 글자를 볼때 글자가 가려집니다

그리고 눈을깜빡일때마다 그두개의 잔상이 보입니다 검색해보니 변성증상에서 잔상관련이야기는 안보여서요

그것도 중심시야기준인거지 저처럼 중심시야 아래쪽에서 발생했다는 내용은 안보여서...

변성아니면 중심막뭐시기라고하는거같던데 정확히 알고싶습니다

중심막 원인이 뭐 수면부족이라고도하는데 근래 수면패턴이 뒤죽박죽이긴했습니다

저녁시간에 자서 새벽에 일어난다던지 새벽 특정시간에 깬다던지 등등",C2,,review_pool_R1_v5b
T-1948,2026,안과,중심성 망막염과 황반변성 습성이 같이 있는데 3d 아바타 영화를 봐도 되나요?,안녕하세요. 60대인데 중심성 망막염과 황반변성 습성으로 인해 눈에 주사를 맞고 있습니다. 3D 영화는 3D안경을 쓰고 봐야하는데 봐도 될까요?,C9,C4,tri_llm_consensus
T-1949,2026,안과,안과 옮길까 고민중,"제가 녹내장 황반변성이 있는데

진료는 계속 대학병원으로 다니고 있습니다.

대학병원은 망막,녹내장 나눠서

교수님 두분떼 진료받고 있습니다.

요즘 고민되는건 8년전 망막진료봐주셨던

교수님께서 개업을 하셨습니다.

그 교수님은 황반변성, 녹내장, 망막박리,시신경 망막질환을 전체적으로 다 보시니까

대학병원은 그만 다니고

교수님 개업한 병원으로 다닐까 고민됩니다.

진료대기도 길지않고

예약도 너무 오래걸리지 않고

빠른처치를 필요할때도 당일진료 전화 안해봐도 되고 진료보는 과정만 생각하면

고민됩니다.

지금은 오산에 살고

대학병원은 안산고대로 다니고 있고

교수님 개업한 곳은 하남입니다.",C8,,tri_llm_consensus
T-1950,2026,안과,황반변성 치료가능 한가요,눈이 아롱거리며 느낌이 이상해 동네 안과에서 검사 받으니 큰 병원에 가라해서 대구에서 큰 안과전문 병원 가라해서 또 가서 갖가지 검사하고 오랜 기다림 끝에 의사쌤 황반변성 같은데 2차 조영술로 확실히 병명이 나온다 하네요 이거 불치에 병입니까? 63세인데 치료는 가능한가요 조언부탁드림니다^^,C3,C6,tri_llm_consensus
T-1951,2026,안과,황반변성검사할때 시간이많이소요되는지요?,"내일 대학병원은아닌데 첨단기기들이 있다는

동네큰안과병원방문예정인데요..

검사소요시간을 물어보니 좀걸린다는 얘기만

있어서 스케쥴때문에 난감하네요

불필요한검사까지 하는건아닌지.",C2,,tri_llm_consensus
T-1952,2026,국민건강보험,황반변성 치료는 보험이안되는지요,"안과검사 황반변성진단

먼곳에 안과에 황반변성 치료를

받아야 한담니다

보험이 되는지요 꼭 알려주세요",C7,,tri_llm_consensus
T-1953,2026,안과,항체 안구주사 (anti-VEGF) 는 뭐뭐 있나요 ?,"습성 황반변성에 쓰이는 항체 안구주사 (anti-VEGF) 는 뭐뭐 있나요 ?

아바스틴, 아이덴젤트 , 바비스모  셋 다 항체주사인가요 ?

의사만 답변 바랍니다.

기계답변 사절입니다.",C4,,tri_llm_consensus
T-1954,2026,"한방내과, #황반변성증상, #황반변성증상관리, #황반변성증상관리방법",황반변성 증상 이거 맞나요?,"서울 50대 후반/여 황반변성 증상

황반변성 증상인지 좀 봐주세요

요즘 들어 글자가 살짝 휘어 보이거나 초점이 예전 같지 않다는 느낌이 들 때가 많아서 자꾸 신경이 쓰여서요.

황반변성 증상이라고 하면 갑자기 시력이 확 떨어지는 줄만 알았는데, 이렇게 서서히 불편해지는 것도 시작일 수 있다고 하니 더 걱정이 되네요.

황반변성 증상이 노안이랑 겹쳐서 헷갈린다는 말도 있던데, 병원에 바로 가야 하는 단계인지 아니면 관리로 지켜볼 수 있는 건지 판단이 잘 안 서요.

그리고 제가 이것만이 아니라 눈 건조도 심하고 피로감도 느껴지거든요..

이것도 같이 관리하는 방법이 있을까요?

평소에 인공눈물도 사용하고 있고 가습기도 틀어서 실내공기가 건조하지 않게 관리하는데도 별로 좋아지질 않네요..

알아봤을 땐 황반변성은 루테인이 좋다하고, 눈이 건조하고 피로한건 빌베리랑 오메가3가 좋다고 하던데,

이게 각각 어느정도로 좋은건가요?

보면 오큘라레이드 라는 제품에는 이 성분들이 다 같이 들어있더라고요.

루테인도 지아잔틴이랑 같이 있고, 베타카로틴이라는 거도 들어있던데,

찾아본 것 중에선 이게 제일 성분구성이 알차거든요. 거의 종합 눈 영양제로 보일 정돈데

이거로 꾸준하게 섭취하면 실제로 의미가 있을지 전문가 의견을 꼭 듣고 싶습니다.",C5,C5,tri_llm_consensus
T-1955,2026,"안과, #검색질문, #통합검색궁금증, #통합검색질문하기",1종대형 면허유지를 해야 하는데요..!!,버스로 생계유지를 하는데 한쪽눈에 황반변성 이와서 잘안보이는데 면허갱신을 해야하는데 어떡해야할까요?..ㅠㅠ,C7,,tri_llm_consensus
T-1956,2026,안과,황반변성  산정특례 조건,"황반변성이라고 모두 항혈관내피성장인자 항체주사를 맞는 것은 아니다.

반드시 ‘연령관련 황반변성’이어야허 하며,

신생혈관이 원인이 되는 습식인 경우에만 희귀난치성질환으로 등록할 수 있으며 ...

(출처 :

황반변성과 황반부종 치료법- 건강정보>건강정보>순천향대학교 부속 천안병원

)

희귀난치성질환이면 산정특례 되나요 ?

황반 변성(부종) 산정특례는

연령관련 황반중심에 삼출성 변성이 있어야 하며, 교정시력이 0.2 이상 이어야 한다는데 둘 다 충족해야하나요 ? 아니면 다른 조건도 있나요 ?

의사만 답변 바랍니다.

기계답변 사절.",C7,,tri_llm_consensus
T-1957,2026,안과,황반변성 산정특례 조건,"황반변성 산정특례 조건

황반변성이라고 모두 항혈관내피성장인자 항체주사를 맞는 것은 아니다.

반드시 ‘연령관련 황반변성’이어야허 하며,

신생혈관이 원인이 되는 습식인 경우에만 희귀난치성질환으로 등록할 수 있으며 ...

(출처 :

황반변성과 황반부종 치료법- 건강정보>건강정보>순천향대학교 부속 천안병원

)

희귀난치성질환이면 산정특례 되나요 ?

황반 변성(부종) 산정특례는

연령관련 황반중심에 삼출성 변성이 있어야 하며, 교정시력이 0.2 이상 이어야 한다는데 둘 다 충족해야하나요 ? 아니면 다른 조건도 있나요 ?

의사만 답변 바랍니다.

기계답변 사절.",C7,,tri_llm_consensus
T-1958,2026,"의료기관, 의료인",산정특례 신청하는 방법,"Untitled Document

암은 아니고,  안과질환인데 신생혈관성(습성) 연령관련 황반변성 입니다.

산정특례 신청하는 방법 알려주세요.",C7,,tri_llm_consensus
T-1959,2026,"안과, #황반변성수술, #황반변성",저희 엄마가 실명 직전이에요.,"안녕하세요. 저희 엄마가 황반변성으로 인해 실명 직전인데 수술(여러 번하는 수술말고)이 가능한 대학병원 이름 , 의료진 이름 알려주세요. 저희 엄마한테 남은 시간이 없고 저는 하고 있는 일이 너무 바빠서찾아 볼 시간이 없어요.",C8,C3,tri_llm_consensus
T-1960,2026,"안과, #황반변성수술, #황반변성",황반변성이 수술이 되나요?,안녕하세요. 황반변성 앓고 있는 사람이 수술(여러 번하는 수술말고)해서 나아졌거나 괜찮아졌다는 소식을 들은 적이 있는데 제가 알고 있기로는 황반변성은 수술이 안 되는 걸로 알고 있는데 어떻게 된 건가요?,C3,,tri_llm_consensus
T-1961,2026,"주사, 약물 요법",황반변성 주사..,"황반변성 있습니다

주사 맞으면 어느정도 좋아지나요?",C4,C6,tri_llm_consensus
T-1962,2026,"안과, #하이닥, #하이닥_안과, #간접흡연위험성, #황반변성원인, #만성안구건조증, #안구영양공급",간접흡연 해도 눈에는 이상 없는 거 아닌가요?,담배 연기를 마시는 것은 폐에 나쁘겠지만 눈에는 직접 닿기만 할 뿐 큰 문제가 없을 거라 생각했습니다. 연기가 안구 표면에 닿는 것만으로도 시력에 치명적인 질환인 황반변성을 유발할 수 있다는 게 사실인가요? 단순히 눈이 따가운 수준을 넘어 안구 건조증이 만성화될 수 있는 위험이 큰가요? 담배 연기가 결막의 미세혈관을 수축시켜 영양 공급을 방해할 수도 있는지 궁금합니다? 눈 건강을 위해 간접흡연을 가볍게 생각해서는 안 되는 구체적인 이유가 알고 싶습니다?,C1,,tri_llm_consensus
T-1963,2026,안과,운전면허 적성검사,"왼쪽 눈이 황반변성으로 뿌였게, 보입니다

운전면허 적성검사 받아야하는데

어떻게, 해야하나요?",C7,,tri_llm_consensus
T-1964,2026,안과,면허갱신..,"황반변성 시력 저하로

운전면허 1종에서 2종으로 갱신 할려고하는데

어디가서 하는지

어떻게 하는지 궁금합니다",C7,,tri_llm_consensus
T-1965,2026,"안과, #하이닥, #하이닥_안과, #안저검사, #시야검사, #녹내장검사, #황반변성",안저검사와 시야검사 두 가지 모두 받아야 하나요?,시력 저하와 눈의 피로감이 심해 안과에 갔더니 두 가지 검사를 모두 권유받았습니다. 안저검사와 시야검사가 각각 눈의 어떤 부분과 질환을 확인하는 검사인가요? 녹내장이나 황반변성 진단을 위해 두 검사를 병행하는 것이 필수적인가요? 한 가지 검사만으로는 질병 유무를 정확히 판단하기 어려운가요? 검사 결과에 따라 치료 방향이 어떻게 달라지는지 궁금합니다.,C2,,tri_llm_consensus
T-1966,2026,"한방내과, #황반변성치료, #황반변성원인, #황반변성증상치료","황반변성 치료? 원인, 관리법도 알려주세요 (서울 황반변성치료)","서울 50대 중반/여 황반변성치료

황반변성 치료 관련해서 질문드립니다.

최근 검진에서 황반변성 초기 소견이 의심된다는 말을 들었습니다.

아직 심각한 단계는 아니라고 했지만

평소 눈이 쉽게 피로하고 건조감도 잦은 편이라 불안합니다.

화면을 오래 보면 중심부가 약간 뿌옇게 느껴질 때도 있어 신경이 쓰이는데

황반변성 치료는 어떤 식으로 진행하는 건가요?

황반변성 치료 기간도 알고싶습니다.

별도로 눈 관리도 해주려고 하는데,

황반변성 예방에는 루테인이 좋다고 하고 건조하고 피로한건 오메가3, 빌베리가 좋다고 하네요?

그래서 빌메루? 이 구성을 많이 추천하던데 이게 진짜 좋은게 맞나요?

어느정도로 좋다고 하는건지...

빌메루 구성으로 찾아보면 이 성분들도 다 들어있고

베타카로틴이랑, 루테인도 지아잔틴이랑 같이 들어있는 제품이 있던데요.

괜찮은 구성이면 꾸준히 먹어볼까 하는데

이런게 확실히 도움될지 전문가분이 봐주실 수있나요?",C3,C5,tri_llm_consensus
T-1967,2026,"한방내과, #황반변성, #황반변성주사, #황반변성관리",황반변성 주사 계속 맞아야 하나요?,"서울 50대 초반/여 황반변성 주사

황반변성 주사 맞은 지 몇 달 됐는데요, 병원 갈 때마다 황반변성 주사 일정 잡히니까 솔직히 마음이 좀 무겁네요.

처음엔 황반변성 주사만 잘 맞으면 괜찮아질 거라 생각했는데, 황반변성 주사 간격이 줄었다 늘었다 하니까 이게 평생 가는 건지 걱정도 됩니다.

시력이 아주 많이 나빠진 건 아닌데, 글씨가 살짝 흐릿해 보일 때가 있어서 괜히 더 예민해지고요.

나이 들어서 그렇다 생각하려 해도, 혹시 더 진행되는 건 아닐까 마음이 편치가 않네요.

주사 치료만 계속 받으면 되는 건지, 아니면 생활관리나 영양 쪽도 같이 신경을 써야 하는 건지도 궁금합니다.

황반변성만이 아니라 요즘 눈이 좀 피로하고 건조한 것도 같이 느껴져서요.

루테인을 먹어왔기는 한데, 이 하나로 눈 피로와 건조를 다 챙길 수 있는건 아니라고 하더라고요.

찾아보면 오메가3와 빌베리를 다 챙기는게 좋다는데, 이 말이 사실인가요?

이걸 빌메루 라는 거로 다 같이 섭취할 수 있다고 해서 먹어볼까 싶어서요.

게다가 요즘은 루테인도 루테인지아잔틴으로 같이 먹고, 베타카로틴도 포함해서 먹는게 좋다는데

이 성분들을 꾸준하게 잘 활용한다면 도움받을 수 있을까요?

잘 아시는 전문가님께서만 답변 부탁드리겠습니다.",C4,C5;C6,tri_llm_consensus
T-1968,2026,"한방내과, #황반변성증상, #황반변성증상치료, #황반변성초기증상",황반변성 증상 이거 맞나요?(서울 황반변성 증상),"서울 50대 중반/여 황반변성 증상

황반변성 증상이 의심되는 상황이라 질문 남겨요.

요즘 글자를 읽을때 중심이 약간 번져 보이거나

색감이 전보다 덜 선명한 느낌이 있습니다.

그냥 노안 때문인지, 아니면 황반변성 증상 초기일 수 있는건지 모르겠어서요.

검색해보면 황반변성 증상이랑 겹치는 부분이 많아서 걱정이네요..

이럴땐 어떻게 관리해야 할지...

당장 병원에 가는거 아니더라도 생활습관 개선이랑 영양제 챙기는 정도로 신경써주면 좋다고 하더라고요.

일단 영양제는 루테인이 눈 건강에 좋다고 해서 꾸준히 먹고 있긴 한데,

느껴지는 눈에 피로감이랑 건조함이 줄어들진 않아서 다른걸 먹어야 되나 고민하고 있어요.

실제로 루테인이 이게 황반변성 관련해서 식약처 인증 받은건 맞지만

이것만으로는 눈 전체 기능을 관리하기에는 부족하다면서요?

눈 피로랑 건조도 같이 관리하면 좋다고,

빌베리(피로), 오메가3(건조) 이렇게 많이 추천하던데요.

오큘라레이드 제품에 빌베리, 오메가3, 루테인과 지아잔틴,

베타카로틴까지 들어 있던데 관리 차원에서 이런 조합이 의미 있을까요?

전문가분 의견 듣고싶어요.",C5,C5,tri_llm_consensus
T-1969,2026,"한방내과, #황반변성검사, #황반변성영양제, #황반변성검사방법",황반변성 검사 받아야 하나요?(서울 황반변성 검사),"서울 50대 중반/여 황반변성 검사

황반변성 검사를 받아야 할지 고민 중입니다.

최근에 직선이 살짝 굽어보이는 느낌이 있어서 괜히 신경이 쓰이더라고요.

일시적인 피로 때문인지

아니면 황반변성 검사를 받아봐야 하는 단계인지 판단이 잘 서지 않네요..

황반변성 검사가 어떤 식으로 진행되는지도 궁금합니다.

검사를 받든 안받든 관리 차원에서 영양제도 하나 제대로 알아보고 챙겨볼까 하는데요.

제가 지금 눈이 건조하고 피로해서요..

지금 루테인은 먹고 있어요.

그런데 찾아보면 루테인이 식약처에서 황반변성에 기능성 인정도 받고 좋은건 맞는데

이거 하나로 눈 전반적인 기능을 다 커버하기는 어렵다고 하네요. 맞나요?

눈 피로랑 건조를 함께 관리하는게 좋다고 하던데

제가 찾아본 바로는 피로-빌베리, 건조-오메가3가 좋다고 하더라고요.

오큘라레이드? 이 제품에 빌베리, 오메가3, 루테인+지아잔틴, 베타카로틴까지

같이 들어있던데 예방관리 차원에서 이런 구성 괜찮은거 맞나요?

전문가 시각에서 설명 부탁드립니다.",C2,C5,tri_llm_consensus
T-1970,2026,안과,황반변성 치료기간 궁금합니다.,"제가 25년 6월부터

암점이 보여서 동네안과 갔더니

큰병원 가라고 하더라구요

그래서 누네안과 갔는데

또 일요일에 가서 그런지

진료는 가능한데 치료는 안된다고 해서

빨리 가야된다 실명 될 수도 있다해서

그냥 소견서 받고 대학병원에 갔어요

갔더니 피가 고여있다고 안구에 주사맞고

레이저치료도 받았어요

그리고 지금 8개월 계속 다니고 있는데

교수님은 많이 나아졌다는데

전 왜곡이 그 전보다 심해진 거 같죠?

다시 누네안과가도 될까요…?

아님 새로운병원에 가는게

나을까요..?

원래 이렇게 오래 걸리나요..?",C6,C8,tri_llm_consensus
T-1971,2026,"한방내과, #황반변성, #황반변성수술, #황반변성관리",황반변성 수술 이후 관리 어떻게 해야 할까요?(서울 황반변성수술),"서울 50대 중반/여 황반변성수술

황반변성 수술은 잘 마쳤는데요, 막상 황반변성 수술 받고 나니까 그다음 관리가 더 걱정이 됩니다.

황반변성 수술만 하면 다 끝나는 줄 알았는데, 황반변성 수술 이후에도 계속 관리를 해야 한다고 해서 마음이 편하질 않네요.

지금은 큰 불편은 없지만, 황반변성 수술 후에 혹시 다시 나빠지지는 않을지 괜히 예민해집니다.

병원에서는 정기적으로 검사받으라고 하시는데, 집에서 제가 따로 신경 써야 할 부분이 뭔지도 잘 모르겠어요.

식습관이나 생활 습관을 어떻게 바꿔야 하는 건지, 영양 쪽은 또 뭘 챙겨야 하는 건지도 궁금합니다.

루테인지아잔틴은 계속 먹으라는 이야기가 있더라고요.

루테인만 먹는것보다 루테인지아잔틴을 같이 먹는게 더 좋나요?

그리고 내심 생활적으로 눈 사용이 많다보니 눈 피로나 건조한 것도 영향을 주지않을까 걱정도 되더라고요.

실제로 관리하시는 분들을 보면 오메가3와 빌베리도 포함해서 섭취하시거든요. 이게 구체적으로 어떤식으로 좋을까요?

여기에 베타카로틴도 같이 먹으라고들 하시던데, 이것도 알려주세요.

이 많은 걸 어떻게 다 챙기나 싶었는데

다행히 빌메루 라는걸 활용하면 된다고 들었어요.

이게 구체적으로 어떤 개념인지 알고 싶어요.

활용만 잘하면 저도 다른 분들처럼 도움받을 수 있을까요?

전문가 말씀을 듣고 싶습니다.",C5,C6,tri_llm_consensus
T-1972,2026,안과,안녕하세요 황반변성 환자에게 안약관련질문드립니다.,"할머니께서 황반변성 주사치료 하고 계시는데

풀아이론, 휴록사신 점안액 투여 가능한가요??

감사합니다",C9,C4,tri_llm_consensus
T-1973,2026,"안과, #안과, #실명, #황반변성",이제 어떻게 해야되나요?,안녕하세요. 저희 엄마는 황반변성이 있고실명직전이고 눈 주사를 계속 맞고있는 데도 시력은 계속 떨어지고 있고 조금이라도 힘든 일을 해도 시력이 떨어져요. 지금 시력에서 더 시력이 떨어지면 안 되고 시력이 더 떨어지면 못 살 것 같은데 어떻게 해야되요? 저희집 비상사태에요. 시각장애인 될 준비하라는 답변은 죄송하지만 하지마세요.,C6,C4,tri_llm_consensus
T-1974,2026,안과,황반변성치료,황반변성 걸리면. 무조건. 눈. 실명 되나요?,C6,,tri_llm_consensus
T-1975,2026,"안과, #검색질문, #통합검색궁금증, #통합검색질문하기",안구이식가능한가요,검색어황반변성증상실명될수잇나요,C3,C6,tri_llm_consensus
T-1976,2026,안과,이거 혹시 황반변성? 증상이 맞는지 모르겠네요...,"매일 그러는건 아닌데 가끔 집중에서 오랫동안 뚫어져라보면

찌그러져 보인다고 해야할까요?

처음엔 그냥 착시현상? 매직아이? 뭐 그런건지 알았어요

근데 그게 최근에알게된 사실인데 황반변성 증상과 비슷한 것 같더라고요.

이러한 증상이 자주매일은 아니지만 가끔가다가 집중에서 뚫어져라보면

나타나는데 이러한 증상도 황반변성에 속하나요?",C2,,review_pool_R1_v5b
T-1977,2026,안과,한쪽 눈이 휘어 보이는데 황반변성일까요?,"50대 남성입니다.

최근에 오른쪽 눈으로 보면 직선이 약간 휘어 보입니다.

특히 창틀이나 글씨가 살짝 굽어 보이네요.

왼쪽 눈은 괜찮은데 오른쪽만 이러니 걱정이 됩니다.

검색해보니 황반변성이면 이런 증상이 있을 수 있다고 해서 불안합니다.

꼭 황반변성일 가능성이 큰 건가요?

비슷한 경험 있으신 분들 답변 부탁드립니다.",C2,,tri_llm_consensus
T-1978,2026,보장성보험,보험관련질문,"황반변성으로 비급여 아이델젠트주사맞아서 70만원이 나왔는데

보험사에서 20만원밖에 안줬더라고요 유병자실손인데..한도금액인거같은데

그럼 양쪽눈해서 70만원나왔는데 나중에갈때는 한쪽눈씩만맞으면

더 많이나올수있나요 보험금이?",C7,,tri_llm_consensus
T-1979,2026,안과,황반변성 주사 이후 눈 충혈이 안사라지는데 왜 그런가요?,"부모님이 황반변성 주사를 맞으신 후

열흘동안 계속 눈이 충혈되고 있습니다.

염증도 없으신 상태인데 왜 계속 충혈되고 있나요?",C9,C4,tri_llm_consensus
T-1980,2026,"안과, #압구정안과, #압구정안과추천, #황반변성치료, #황반변성검사, #압구정성모안과",강남 압구정 황반변성 전문 안과 병원 찾습니다,"저희 어머니께서 동네 안과 검진 받고 오셨는데

황반변성이라고 레이처 치료 해야될것같다면서

큰 병원 가보시라고 하시더라구요...

어머니께서 아침에 건강 프로 보시다가 황반변성 증상에 대해서

자가진단 하는걸 하셨는데 살짝 휘어보이신다고 하시고

일상생활에는 큰 지장없으니 괜찮으시다고 하시는데

제가 아닌것같아서 동네 병원이라도 다녀오시라고 했거든요

어머님은 원래 나이들면 다 그런거다라고 하시면서

레이저 치료 해야된다고하니 그냥 안해도 된다하셔서 ;;;

제가 찾아보니 50대 이상에서 주로 발생하고 노인성 황반변성이

대표적이라고 나오네요 노화로 인해서 생기는 질환은 맞는것같은데

그냥 두면 안될것같아요 간단한 주사 치료? 로도 호전되고

더 심하면 수술하는것같긴한데,, 강남 쪽 압구정 쪽에 황반변성

전문 안과 병원 있으면 추천 좀 부탁드립니다

회사가 압구정이라 오전 반차내고 다녀올까 합니다",C8,C3,tri_llm_consensus
T-1981,2026,"의약품, #검색질문, #통합검색궁금증, #통합검색질문하기",황반변성을 어떺게,록내장과 황반변성 진단에 록내장약은 계속 투여 시력은 좋은데 눈이? 계속 빨갓게 되요 어떻게해요,C9,,tri_llm_consensus
T-1982,2026,"질환영양, #황반변성, #눈영양제, #눈건강영양제",황반변성 치료가 끝나서 예방차 영양제를 먹어보려고요(구로구 황반병성),"구로구 50대 중반/남 황반병성

황반변성 치료가 끝나서 예방차 영양제를 먹어보려고요

비전스타 영양제 좋다고들어서 먹을건데 특징 알려주세요",C5,,tri_llm_consensus
T-1983,2026,"질환영양, #루테인, #지아잔틴, #황반병성",황반변성 증상 관련해서 알아보는 중입니다.(광진구 황반병성),"광진구 50대 초반/남 황반병성

황반변성 증상 관련해서 알아보는 중입니다.

비전스타 제품이 예방이나 완화에 효과가 있을까요?",C5,C1,tri_llm_consensus
T-1984,2026,"질환영양, #루테인, #눈영양제, #지아잔틴",황반변성에는 루테인이 중요하다고 들었습니다.(동작구 황반변성),"동작구 50대 후반/남 황반변성

황반변성에는 루테인이 중요하다고 들었습니다.

비전스타 루테인 제품이 좋은 선택일 지 어떤 효과가 있을 지 궁금합니다.",C5,,tri_llm_consensus
T-1985,2026,"질환영양, #루테인, #루테인영양제, #황반변성루테인",황반변성 예방 차원에서 관리하려고 하는데 비전스타 제품 효과가 있을까요?(강남구 황반변성),"강남구 50대 초반/남 황반변성

황반변성 예방 차원에서 관리하려고 하는데 비전스타 제품이 이런 부분에도 효과가 있을까요?",C5,,tri_llm_consensus
T-1986,2026,안과,자동차 사고 이후 사물이 잘안보여요 노안이 아닌 희미하게 보여요,"후방추돌사고 10일 이후부터

6개월이 다 되어가는데요

노안이 아닌 희미하게 보이는 증상으로 생활이 너무 힘드네요

사고 3개월째에는 3일동안 물속에서 눈뜨고 있는 느낌이 있어서 안과에 갔는데

황반변성이 갑자기 생겼네요..

황반변성 생긴곳이 시력과 무관한 곳에 생겼다는데

저는 생활하기가 불편할 정도로 힘듭니다

어느 병원으로 가야 저와 같은 사람이 치료 받을수 있을까요

치료를 한다면 어떻게 해야할까요

너무 걱정되는 마음에 이렇게 적어보았어요 ...",C8,C3;C6,tri_llm_consensus
T-1987,2026,"질환영양, #눈질환, #눈영양제, #눈건강영양제",황반변성을 특히 조심해야 한다고 방송하는 걸 봤어요(노원구 눈질환),"노원구 50대 후반/남 눈질환

뉴스에서 50대 이상은 황반변성을 특히 조심해야 한다고 방송하는 걸 보고 덜컥 겁이 나더군요.

망막 건강 튼튼하게 지키는 데에 비전스타 영양제가 효과 있을까요?",C5,,tri_llm_consensus
T-1988,2026,"요가, 필라테스","하성한의원 질문입니다 황반변성 치료 방법, 병원 추천 부탁드려요 서울 경기","안녕하세요

얼마 전 검진에서 황반변성 초기같단 얘길 들었어요

평소에 눈이 자주 빨개지고 피곤하고 건조한 편인데

그냥 넘겼었거든요

그런데 얘길 들으니 덜컥 겁이 나네요

병원을 제대로 된 곳 가서 검사 받아보고싶은데

잘하는 곳 있을까요? 추천 부탁드립니다",C8,,tri_llm_consensus
T-1989,2026,건강상담,황반변성 초기 증상 이런 느낌 맞나요?,"요즘 글씨 볼 때 살짝 흐릿하게 보이는 느낌이 있고

직선이 약간 휘어 보이는 것 같아서 신경 쓰이네요

검색해보니까 황반변성 초기 증상일 수도 있다고 하던데

이 정도 증상이면 바로 검사 받아봐야 하는 건지 궁금합니다",C2,,review_pool_R1_v5b
